 STN,YYYYMMDD,   TG,   TN,   TX,   DR,   RH
  260,19740101,  -19,  -37,   -8,    0,   -1
  260,19740102,  -23,  -58,   -2,    0,    2
  260,19740103,   12,   -3,   40,    0,    0
  260,19740104,   29,   -1,   59,   21,   12
  260,19740105,   55,   25,   78,   10,    4
  260,19740106,   71,   49,   94,    7,    8
  260,19740107,   58,   33,   73,   57,  105
  260,19740108,   43,   18,   62,   11,   17
  260,19740109,   36,    7,   53,   15,   16
  260,19740110,   38,   26,   54,   52,   61
  260,19740111,   72,   49,  102,    6,   19
  260,19740112,   85,   50,  118,    9,    5
  260,19740113,   79,   54,  114,    8,   14
  260,19740114,   72,   44,  104,   15,   26
  260,19740115,  105,   68,  122,   33,   31
  260,19740116,   72,   43,  111,   33,   59
  260,19740117,   64,   49,   89,   55,   62
  260,19740118,   90,   82,  100,   42,   29
  260,19740119,   83,   61,   96,    0,    0
  260,19740120,   65,   49,   79,    0,    0
  260,19740121,   23,   -6,   49,    0,    0
  260,19740122,   24,   11,   43,    0,   -1
  260,19740123,   73,   43,   94,   27,   25
  260,19740124,   65,   51,   78,   22,   17
  260,19740125,   49,   24,   75,    0,   -1
  260,19740126,   33,   11,   73,    0,    0
  260,19740127,   47,   18,   72,   10,   17
  260,19740128,   58,   32,   81,   45,   41
  260,19740129,   48,   12,   80,   68,   31
  260,19740130,   42,   14,   76,    0,   -1
  260,19740131,   60,   27,   93,   10,    7
  260,19740201,   64,   28,   98,    0,   -1
  260,19740202,   61,   31,   96,    0,    0
  260,19740203,   33,  -18,   94,    0,    0
  260,19740204,   25,  -20,   64,    0,    1
  260,19740205,   40,   21,   54,   10,   10
  260,19740206,   27,    7,   46,   21,   28
  260,19740207,   29,    0,   67,    5,   15
  260,19740208,   41,    3,   99,   52,   53
  260,19740209,   93,   78,  112,   72,   94
  260,19740210,   99,   66,  129,   12,    6
  260,19740211,  107,   92,  132,   68,   36
  260,19740212,   73,   23,  103,    4,    8
  260,19740213,   52,   12,  102,    0,    0
  260,19740214,   45,   11,   76,    0,    1
  260,19740215,   51,   27,   77,   10,    4
  260,19740216,   64,   30,  114,    0,    0
  260,19740217,   46,    7,  107,    0,    0
  260,19740218,   52,   37,   73,    0,    0
  260,19740219,   33,   27,   42,    0,   -1
  260,19740220,   20,  -10,   58,    0,    0
  260,19740221,   36,    3,   55,   11,    6
  260,19740222,   60,   19,   82,   41,   37
  260,19740223,   39,   -2,   90,    0,    0
  260,19740224,   26,  -24,   80,    0,    1
  260,19740225,   27,  -17,   73,    0,    1
  260,19740226,   25,  -17,   65,    0,    0
  260,19740227,    9,  -20,   39,    0,    0
  260,19740228,   15,  -20,   57,    0,    0
  260,19740301,   15,  -15,   49,   24,   11
  260,19740302,   18,    3,   41,  130,  115
  260,19740303,   19,  -25,   83,    0,   -1
  260,19740304,   14,  -16,   36,    3,    4
  260,19740305,   20,    7,   32,   77,   42
  260,19740306,   23,  -13,   80,    0,   -1
  260,19740307,   19,   -5,   42,    0,    1
  260,19740308,   14,  -14,   35,    0,   -1
  260,19740309,   14,    0,   37,    0,    0
  260,19740310,   33,   -5,   86,    0,    0
  260,19740311,   41,   -3,   79,   25,   27
  260,19740312,   50,    0,   87,   51,   30
  260,19740313,   27,  -24,   85,    0,    1
  260,19740314,   26,    0,   60,   54,   59
  260,19740315,   38,  -16,   82,   28,   66
  260,19740316,   80,   44,   98,   23,   22
  260,19740317,   80,   54,  105,   24,   29
  260,19740318,   79,   49,  120,   40,  130
  260,19740319,   68,   21,  109,    0,    0
  260,19740320,   70,   45,  112,   82,   63
  260,19740321,   73,    6,  130,    0,   -1
  260,19740322,   68,   29,  101,    0,   -1
  260,19740323,   87,   51,  121,    0,    0
  260,19740324,   80,   50,  124,   11,   25
  260,19740325,  104,   49,  175,    0,   -1
  260,19740326,  106,   41,  173,    0,    0
  260,19740327,   93,   34,  155,    0,    0
  260,19740328,  109,   40,  180,    0,   -1
  260,19740329,   98,   50,  162,    0,    0
  260,19740330,   82,   21,  160,    0,   -1
  260,19740331,   88,   28,  159,    0,    0
  260,19740401,   85,   29,  159,    0,   -1
  260,19740402,  119,   48,  191,    0,   -1
  260,19740403,  140,   79,  201,    0,    0
  260,19740404,  124,   64,  187,    0,    0
  260,19740405,  107,   53,  165,    0,    0
  260,19740406,  118,   48,  179,    0,    0
  260,19740407,  124,   52,  196,    0,    0
  260,19740408,  123,   52,  191,    0,    0
  260,19740409,  106,   22,  194,    0,    0
  260,19740410,  128,   36,  222,    0,    0
  260,19740411,  115,   35,  205,    0,    0
  260,19740412,   79,   44,  126,    1,    4
  260,19740413,   65,   13,  123,    0,    0
  260,19740414,   61,    6,  121,    0,    0
  260,19740415,   79,   19,  130,    0,   -1
  260,19740416,   85,   35,  137,    0,    0
  260,19740417,   85,   26,  139,    0,   -1
  260,19740418,   82,   27,  126,    0,    0
  260,19740419,   89,   -9,  160,    0,    1
  260,19740420,   69,    7,  109,    0,   -1
  260,19740421,   77,   64,   99,    0,   -1
  260,19740422,   69,   -9,  133,    0,    0
  260,19740423,   60,    2,  107,   13,   16
  260,19740424,   79,   34,  128,    0,   -1
  260,19740425,   76,   33,  125,    2,    3
  260,19740426,   68,   15,  120,    0,    0
  260,19740427,   65,   -2,  105,    0,   -1
  260,19740428,   80,   43,  137,    7,    9
  260,19740429,   90,   42,  124,   77,   62
  260,19740430,   91,   81,  103,   16,    5
  260,19740501,  103,   50,  150,    0,    0
  260,19740502,   82,   35,  137,    0,   -1
  260,19740503,  112,   31,  173,    0,   -1
  260,19740504,  131,   96,  181,    0,   -1
  260,19740505,   75,   50,   97,    0,    0
  260,19740506,   62,   22,   98,    0,   -1
  260,19740507,   68,   22,   92,   19,   16
  260,19740508,   85,   54,  124,    0,    0
  260,19740509,   98,   27,  147,    0,    0
  260,19740510,  105,   83,  135,   43,   34
  260,19740511,  112,   67,  166,    4,    8
  260,19740512,  135,   42,  192,    0,   -1
  260,19740513,  143,  106,  186,   42,  103
  260,19740514,  111,   92,  148,   40,   66
  260,19740515,  124,   91,  177,    0,   -1
  260,19740516,  140,   74,  189,    0,    0
  260,19740517,  151,   88,  205,    0,    0
  260,19740518,  173,   93,  236,    0,    0
  260,19740519,  160,   97,  237,    0,    0
  260,19740520,  134,   87,  200,    0,    0
  260,19740521,  140,   83,  188,   15,   35
  260,19740522,  121,   94,  158,   10,   49
  260,19740523,   99,   84,  135,   50,  129
  260,19740524,  115,   67,  160,    6,   28
  260,19740525,  113,   95,  142,    0,   -1
  260,19740526,  119,   73,  162,    0,    0
  260,19740527,  141,   51,  198,    0,    0
  260,19740528,  144,   96,  193,   11,    8
  260,19740529,  108,   24,  160,    6,    5
  260,19740530,  107,    6,  166,    0,    0
  260,19740531,  100,   72,  119,   22,   61
  260,19740601,  132,   81,  179,    3,    2
  260,19740602,  165,   86,  218,    0,   -1
  260,19740603,  136,   69,  178,   76,   77
  260,19740604,  117,   44,  176,    0,   -1
  260,19740605,  146,   23,  222,    0,    0
  260,19740606,  119,   76,  152,   14,   25
  260,19740607,  122,   73,  150,    0,    0
  260,19740608,   98,   83,  124,  118,  278
  260,19740609,  106,   65,  155,   16,   81
  260,19740610,  101,   57,  147,    7,    6
  260,19740611,  124,   78,  162,   20,   26
  260,19740612,  128,   92,  163,    0,   -1
  260,19740613,  144,   75,  189,    0,   -1
  260,19740614,  196,  131,  255,    0,   -1
  260,19740615,  178,  141,  235,    0,    0
  260,19740616,  187,  149,  244,    0,    0
  260,19740617,  177,  132,  250,   21,  273
  260,19740618,  150,  121,  182,    0,    0
  260,19740619,  147,   93,  189,    0,   -1
  260,19740620,  160,   87,  229,    0,   -1
  260,19740621,  156,  104,  204,    0,   -1
  260,19740622,  162,  133,  196,    0,    0
  260,19740623,  185,  126,  243,    0,   -1
  260,19740624,  183,  131,  230,    0,    0
  260,19740625,  180,  118,  241,    0,    0
  260,19740626,  154,  118,  186,   28,   47
  260,19740627,  134,  118,  147,   17,   25
  260,19740628,  145,  105,  184,    0,   -1
  260,19740629,  157,  110,  224,    8,   25
  260,19740630,  142,   97,  184,   15,   12
  260,19740701,  149,  134,  180,   11,   16
  260,19740702,  160,  106,  205,    1,   12
  260,19740703,  140,  104,  174,   35,   84
  260,19740704,  132,   96,  166,   88,  208
  260,19740705,  153,  139,  181,   76,   55
  260,19740706,  141,  110,  172,    8,   18
  260,19740707,  148,  116,  185,    0,    0
  260,19740708,  175,  117,  216,    0,   -1
  260,19740709,  172,  144,  200,    0,   -1
  260,19740710,  167,  127,  209,   16,    8
  260,19740711,  163,  122,  185,    0,   -1
  260,19740712,  153,  109,  199,    0,   -1
  260,19740713,  144,  122,  173,   88,  147
  260,19740714,  148,  121,  180,    8,    9
  260,19740715,  155,  110,  189,    1,    1
  260,19740716,  154,  124,  179,   18,   26
  260,19740717,  138,   90,  165,   27,   38
  260,19740718,  133,   75,  180,    0,   -1
  260,19740719,  144,   64,  195,    5,    2
  260,19740720,  161,  106,  208,   31,   15
  260,19740721,  153,   87,  206,    0,    0
  260,19740722,  173,  114,  220,    0,    0
  260,19740723,  155,  103,  196,   44,  103
  260,19740724,  134,   92,  168,   13,   15
  260,19740725,  134,   87,  180,    4,   11
  260,19740726,  144,   90,  172,   32,   46
  260,19740727,  160,  134,  198,    0,    0
  260,19740728,  165,  122,  211,    0,   -1
  260,19740729,  174,  142,  210,    0,    0
  260,19740730,  170,  136,  203,    3,    2
  260,19740731,  179,  150,  213,    0,   -1
  260,19740801,  171,  113,  213,    0,   -1
  260,19740802,  155,   86,  207,    6,    6
  260,19740803,  154,   54,  208,    0,   -1
  260,19740804,  166,  133,  221,   41,  302
  260,19740805,  150,   97,  188,   15,   19
  260,19740806,  139,   60,  207,    0,   -1
  260,19740807,  169,   90,  225,    0,   -1
  260,19740808,  176,  151,  212,    1,    2
  260,19740809,  171,  138,  210,   16,   55
  260,19740810,  143,  110,  191,   31,  122
  260,19740811,  138,  110,  163,   54,  121
  260,19740812,  139,   90,  168,   67,  115
  260,19740813,  170,  139,  206,   12,    5
  260,19740814,  201,  139,  264,    0,   -1
  260,19740815,  206,  144,  265,    0,   -1
  260,19740816,  203,  155,  262,    0,   -1
  260,19740817,  171,  102,  212,    0,   -1
  260,19740818,  155,   89,  219,    6,    4
  260,19740819,  159,  122,  204,    0,   -1
  260,19740820,  156,  101,  208,    0,    0
  260,19740821,  156,   78,  219,    0,    0
  260,19740822,  161,   83,  220,    0,    0
  260,19740823,  159,   79,  231,    0,    0
  260,19740824,  162,  105,  214,    0,    0
  260,19740825,  176,  108,  239,    0,   -1
  260,19740826,  187,  137,  258,    0,   -1
  260,19740827,  141,   95,  177,    9,   27
  260,19740828,  140,   47,  209,    0,   -1
  260,19740829,  161,  101,  218,    0,    0
  260,19740830,  188,  132,  265,    0,    0
  260,19740831,  160,  123,  207,   17,   16
  260,19740901,  144,  111,  190,    8,   33
  260,19740902,  148,   88,  204,   42,  112
  260,19740903,  146,  116,  188,    3,   12
  260,19740904,  134,   99,  161,   40,   25
  260,19740905,  154,  128,  182,  193,  292
  260,19740906,  142,  121,  178,   28,   33
  260,19740907,  136,  103,  175,    9,    7
  260,19740908,  139,  115,  175,    1,    1
  260,19740909,  118,  104,  139,   52,   93
  260,19740910,  129,   83,  184,    0,    0
  260,19740911,  142,   73,  203,    0,   -1
  260,19740912,  165,  101,  226,   23,   19
  260,19740913,  172,  140,  193,   17,    7
  260,19740914,  154,  100,  198,    0,    0
  260,19740915,  148,  100,  228,    6,  182
  260,19740916,  169,  121,  238,    0,   -1
  260,19740917,  163,  141,  199,    0,   -1
  260,19740918,  130,   60,  171,    0,   -1
  260,19740919,  102,   40,  171,    0,   -1
  260,19740920,  117,   50,  172,    0,   -1
  260,19740921,  107,   50,  136,   25,   41
  260,19740922,  107,   81,  137,   18,   57
  260,19740923,  101,   85,  115,   44,   21
  260,19740924,  109,   75,  145,   51,   54
  260,19740925,   80,   63,   98,   44,   87
  260,19740926,   87,   54,  148,   21,   80
  260,19740927,  113,   68,  154,   74,  133
  260,19740928,   98,   45,  133,    7,    5
  260,19740929,   74,   41,  126,    9,   46
  260,19740930,   77,   40,  127,   17,   76
  260,19741001,   65,   16,  133,    2,    8
  260,19741002,   68,   26,  129,    5,   31
  260,19741003,   68,    4,  130,    0,   -1
  260,19741004,   83,   70,   91,  106,  332
  260,19741005,   99,   82,  128,   15,   40
  260,19741006,   98,   78,  129,   23,   31
  260,19741007,   75,   46,  116,   21,   26
  260,19741008,   60,   29,   88,   17,   15
  260,19741009,   79,   21,  137,    2,    7
  260,19741010,   74,   12,  130,    0,   -1
  260,19741011,   65,    8,  123,    6,    4
  260,19741012,   78,   40,  120,    4,   15
  260,19741013,   64,   17,  115,    5,   25
  260,19741014,   56,  -17,  108,    1,    1
  260,19741015,   58,    2,  105,    0,   -1
  260,19741016,   57,    2,   96,    0,   -1
  260,19741017,   44,   -6,  108,    0,   -1
  260,19741018,   55,  -11,   98,   62,   79
  260,19741019,   88,   50,  118,   58,   74
  260,19741020,   61,   24,  100,    1,    2
  260,19741021,   56,   19,  110,   39,   72
  260,19741022,   73,   20,  100,  110,  224
  260,19741023,  100,   88,  115,   42,   28
  260,19741024,   93,   84,  110,    1,    1
  260,19741025,   92,   74,  111,    6,   14
  260,19741026,   84,   54,  110,   37,   39
  260,19741027,   91,   66,  110,   34,   56
  260,19741028,   63,   40,   84,   72,  220
  260,19741029,   58,   36,   85,   23,   41
  260,19741030,   37,    4,   74,    9,   13
  260,19741031,   16,  -32,   89,    0,    1
  260,19741101,   24,  -31,   79,    0,    1
  260,19741102,   55,   -2,  108,    0,    1
  260,19741103,   58,    2,   89,   77,   81
  260,19741104,   55,   18,   80,    1,    6
  260,19741105,   39,    1,   78,    0,   -1
  260,19741106,   32,  -12,   76,    0,    0
  260,19741107,   32,  -11,   72,    0,    0
  260,19741108,   33,   -7,   63,   18,   23
  260,19741109,   88,   51,  118,   38,   29
  260,19741110,   84,   54,  115,    9,   11
  260,19741111,   84,   67,  103,   41,   42
  260,19741112,   57,   35,   82,   20,   69
  260,19741113,   69,   30,   98,    0,   -1
  260,19741114,  114,   92,  135,   56,   83
  260,19741115,  107,   88,  127,   78,   91
  260,19741116,   89,   42,  116,   99,  128
  260,19741117,   69,   40,  107,    3,    5
  260,19741118,   82,   58,  103,    0,   -1
  260,19741119,   53,   29,   73,   23,   58
  260,19741120,   50,   12,   69,    7,    5
  260,19741121,   70,   52,   88,   19,   27
  260,19741122,   82,   70,  112,  121,  139
  260,19741123,   94,   77,  107,   20,   26
  260,19741124,   77,   61,   95,   32,   27
  260,19741125,   68,   49,   80,   62,   63
  260,19741126,   64,   49,   82,    8,    5
  260,19741127,   55,   31,   92,   20,   30
  260,19741128,   59,   30,   81,   76,  143
  260,19741129,   57,   41,   82,   13,   41
  260,19741130,   52,   32,   81,   50,   78
  260,19741201,   83,   53,  105,    0,   -1
  260,19741202,  105,   92,  112,    2,    2
  260,19741203,  103,   91,  108,   75,   49
  260,19741204,   84,   64,   96,   18,   43
  260,19741205,   63,   48,   81,   34,   74
  260,19741206,   78,   68,   84,   29,   11
  260,19741207,   97,   82,  105,   51,   28
  260,19741208,  100,   91,  103,   33,    6
  260,19741209,   81,   43,   97,   17,   11
  260,19741210,   46,   19,   63,   38,   53
  260,19741211,   43,   17,   65,   88,  214
  260,19741212,   24,    5,   52,   72,   88
  260,19741213,   27,   -1,   55,    3,    5
  260,19741214,   52,   30,   77,   18,   22
  260,19741215,   55,   39,   73,    0,   -1
  260,19741216,   58,   26,   92,   65,  111
  260,19741217,   65,   44,   75,    2,    4
  260,19741218,   54,   20,   73,   26,   66
  260,19741219,   59,   20,   84,    8,    9
  260,19741220,   85,   80,   92,    0,   -1
  260,19741221,   86,   71,   99,    0,    0
  260,19741222,   73,   42,   93,    1,    1
  260,19741223,   84,   50,  112,    0,   -1
  260,19741224,   66,   48,   76,   57,   72
  260,19741225,   62,   32,  115,   92,  179
  260,19741226,  105,   84,  121,   34,   86
  260,19741227,   86,   73,  100,   32,   70
  260,19741228,  108,   74,  134,    5,    4
  260,19741229,   92,   47,  122,    3,   10
  260,19741230,   53,   37,   72,    1,    4
  260,19741231,   71,   44,   86,   18,   15
  260,19750101,   79,   71,   85,   16,   18
  260,19750102,   49,   -8,   72,    8,    6
  260,19750103,   21,   -8,   51,    0,    1
  260,19750104,   51,   29,   67,    0,    1
  260,19750105,   75,   51,   88,   19,   21
  260,19750106,   87,   74,  100,   40,   65
  260,19750107,   57,   37,   82,   74,  106
  260,19750108,   33,  -17,   69,    6,   14
  260,19750109,   61,   17,   81,    0,   -1
  260,19750110,   74,   54,   85,    0,    0
  260,19750111,   72,   57,   85,    0,   -1
  260,19750112,   77,   50,  101,    3,    4
  260,19750113,   61,   42,   85,    0,    0
  260,19750114,   92,   47,  134,    0,   -1
  260,19750115,  113,   92,  131,   29,   20
  260,19750116,   96,   73,  116,   71,   33
  260,19750117,   63,   35,   85,   33,  118
  260,19750118,   42,   15,   64,   12,   15
  260,19750119,   38,    3,   83,    0,   -1
  260,19750120,   28,    1,   49,   42,   29
  260,19750121,   45,   23,   64,   17,   31
  260,19750122,   50,   16,   91,   98,  112
  260,19750123,   56,   18,   76,   11,   20
  260,19750124,   59,   33,   83,    0,   -1
  260,19750125,   63,   39,  108,   43,   48
  260,19750126,   38,   15,   71,    0,    0
  260,19750127,   67,   17,   96,  103,   68
  260,19750128,   45,   16,   61,   64,   89
  260,19750129,   47,   11,   72,    0,   -1
  260,19750130,   88,   46,  108,    6,    7
  260,19750131,   94,   70,  111,   31,   52
  260,19750201,   70,   39,   93,    0,    0
  260,19750202,   80,   53,  120,    0,   -1
  260,19750203,   45,   16,   60,    0,   -1
  260,19750204,   22,  -10,   43,    0,    0
  260,19750205,   -8,  -33,   28,    0,    0
  260,19750206,   10,  -33,   77,    0,    0
  260,19750207,   -6,  -26,   28,    0,   -1
  260,19750208,    7,  -18,   60,    0,   -1
  260,19750209,   17,  -18,   81,    0,    0
  260,19750210,   18,  -14,   76,    0,   -1
  260,19750211,   53,   -6,  102,   12,    6
  260,19750212,   64,   43,   92,    7,    5
  260,19750213,   63,   47,   73,   48,   69
  260,19750214,   34,   -6,   53,   11,   19
  260,19750215,   -9,  -31,   19,    0,   -1
  260,19750216,   -9,  -51,   27,    0,    0
  260,19750217,   25,  -20,   70,   27,   25
  260,19750218,   64,   28,  101,   48,   44
  260,19750219,   41,  -12,   74,   13,   10
  260,19750220,   22,  -21,   69,    0,   -1
  260,19750221,   38,    0,   82,    0,    0
  260,19750222,   25,  -12,   67,    0,    0
  260,19750223,   31,  -13,  105,    0,    0
  260,19750224,   39,  -23,   95,    0,   -1
  260,19750225,   31,   12,   43,    0,    0
  260,19750226,   41,   -7,  104,    0,    0
  260,19750227,   31,  -33,  116,    0,    0
  260,19750228,   26,  -36,  100,    0,   -1
  260,19750301,   46,  -10,  110,    0,    0
  260,19750302,   75,   14,  139,   34,   35
  260,19750303,   93,   63,  130,    0,   -1
  260,19750304,   74,   43,  101,    0,   -1
  260,19750305,   75,   49,  118,   27,   16
  260,19750306,   69,   48,   89,    7,    6
  260,19750307,   80,   57,  103,   78,   52
  260,19750308,   68,   31,   94,    6,    4
  260,19750309,   74,   62,   97,   40,   43
  260,19750310,   65,   53,   97,   39,   11
  260,19750311,   62,   53,   67,    5,    5
  260,19750312,   49,   41,   63,    3,    2
  260,19750313,   41,   30,   54,   17,   17
  260,19750314,   46,   37,   58,   26,   10
  260,19750315,   44,   24,   61,  145,   86
  260,19750316,   30,   -8,   63,    2,    2
  260,19750317,    5,  -15,   57,   18,   28
  260,19750318,    3,  -23,   30,    0,    1
  260,19750319,   31,   -3,   60,   11,    5
  260,19750320,   50,   29,   60,   29,   22
  260,19750321,   39,   -9,   94,    0,    0
  260,19750322,   34,    0,   65,   71,   56
  260,19750323,   41,  -12,   98,    0,    0
  260,19750324,   39,  -14,   87,   19,   46
  260,19750325,   40,    6,   72,   21,   17
  260,19750326,   42,   14,   65,   71,   89
  260,19750327,   21,    2,   45,  103,   85
  260,19750328,   26,   -6,   62,   39,   53
  260,19750329,   26,   -9,   61,   13,   29
  260,19750330,   26,   -2,   69,    2,    4
  260,19750331,   36,  -19,   85,    4,    3
  260,19750401,   46,   14,   81,    0,   -1
  260,19750402,   43,   14,   65,   52,   39
  260,19750403,   30,  -11,   78,   12,    9
  260,19750404,   20,    4,   46,  128,   60
  260,19750405,   25,   -8,   83,    8,   20
  260,19750406,   34,   -8,   80,    1,    1
  260,19750407,   35,  -15,   72,   41,   61
  260,19750408,   44,   22,   72,   24,   31
  260,19750409,   39,   -3,   83,   20,   42
  260,19750410,   29,  -12,   80,    0,   -1
  260,19750411,   44,    6,   71,    0,   -1
  260,19750412,   69,   46,  100,   21,   12
  260,19750413,   82,   44,  118,    0,   -1
  260,19750414,   97,   75,  117,   90,   86
  260,19750415,   86,   63,  108,   43,   36
  260,19750416,   68,   52,   91,   12,    6
  260,19750417,   79,   12,  112,   58,   50
  260,19750418,  124,   95,  160,   15,   10
  260,19750419,  103,   68,  125,   36,   40
  260,19750420,   94,   27,  146,    0,   -1
  260,19750421,   97,    9,  166,    0,   -1
  260,19750422,  132,   45,  210,    0,    0
  260,19750423,   95,   69,  131,    0,    0
  260,19750424,   89,   55,  135,    0,    0
  260,19750425,   92,   48,  137,    7,    2
  260,19750426,   90,   78,  115,    0,   -1
  260,19750427,  100,   77,  143,   16,    5
  260,19750428,  119,   81,  180,    6,   10
  260,19750429,  138,   83,  208,   27,   58
  260,19750430,   92,   45,  136,   46,   36
  260,19750501,  104,   43,  152,    0,    0
  260,19750502,   96,   57,  129,   82,   86
  260,19750503,   80,   46,  113,    7,    5
  260,19750504,   80,   43,  122,    9,   31
  260,19750505,  105,   47,  167,    0,    0
  260,19750506,  129,   76,  186,    0,   -1
  260,19750507,  115,   84,  180,   33,  171
  260,19750508,  120,   46,  168,    0,    1
  260,19750509,  132,   99,  179,    0,   -1
  260,19750510,  112,   70,  160,    7,   35
  260,19750511,   96,   49,  150,    0,   -1
  260,19750512,   95,   32,  141,    0,   -1
  260,19750513,  116,   93,  145,   25,   14
  260,19750514,  127,   90,  168,    0,   -1
  260,19750515,  123,   81,  166,    0,    0
  260,19750516,  139,   98,  183,    0,   -1
  260,19750517,  155,  112,  215,    0,   -1
  260,19750518,  120,   99,  148,    0,    0
  260,19750519,  115,   75,  160,    0,   -1
  260,19750520,  123,   53,  200,    0,   -1
  260,19750521,  100,   66,  136,    0,    0
  260,19750522,   79,   36,  115,    0,   -1
  260,19750523,   74,   35,  104,    0,   -1
  260,19750524,   84,   54,  109,    0,   -1
  260,19750525,  119,   32,  186,    0,    0
  260,19750526,  139,   71,  199,    0,    0
  260,19750527,  146,   77,  203,    0,    0
  260,19750528,  148,   94,  216,    0,    0
  260,19750529,  106,   83,  127,    0,   -1
  260,19750530,   79,   31,  119,    0,   -1
  260,19750531,   81,   28,  135,    0,   -1
  260,19750601,   73,   14,  128,    5,   36
  260,19750602,   72,    2,  130,   25,   49
  260,19750603,   74,   45,  107,   44,   65
  260,19750604,   93,   33,  129,   16,   17
  260,19750605,  123,   23,  173,    0,   -1
  260,19750606,  177,  101,  239,    0,    0
  260,19750607,  178,  112,  236,    0,    0
  260,19750608,  175,   94,  236,    0,    0
  260,19750609,  172,  103,  233,    0,    0
  260,19750610,  190,  111,  256,    0,   -1
  260,19750611,  198,  136,  258,    0,    0
  260,19750612,  200,  121,  271,    0,    0
  260,19750613,  175,   93,  258,    0,    0
  260,19750614,  168,  137,  210,    0,    0
  260,19750615,  129,  111,  154,   91,  227
  260,19750616,  136,   80,  184,    0,   -1
  260,19750617,  131,   87,  179,   11,   23
  260,19750618,  151,  109,  196,    0,   -1
  260,19750619,  155,   71,  220,    0,   -1
  260,19750620,  173,   86,  241,    0,   -1
  260,19750621,  191,  130,  241,    5,    6
  260,19750622,  178,  160,  205,   12,   50
  260,19750623,  207,  161,  270,   34,  327
  260,19750624,  184,  131,  244,    3,   10
  260,19750625,  137,   91,  168,    0,   -1
  260,19750626,  154,   71,  220,    0,    0
  260,19750627,  136,  117,  158,    0,    0
  260,19750628,  122,   97,  159,    3,    4
  260,19750629,  127,   98,  175,   21,   41
  260,19750630,  139,   87,  191,    0,   -1
  260,19750701,  144,   62,  203,    0,   -1
  260,19750702,  168,  107,  218,    0,    0
  260,19750703,  169,  137,  204,    0,    0
  260,19750704,  167,  132,  225,   11,    5
  260,19750705,  161,  122,  199,    0,    0
  260,19750706,  179,  130,  238,    0,    0
  260,19750707,  192,  110,  266,    0,    0
  260,19750708,  220,  149,  312,   13,   18
  260,19750709,  185,  137,  245,   11,    6
  260,19750710,  188,  114,  247,    0,    0
  260,19750711,  184,  120,  255,    4,   13
  260,19750712,  179,  135,  226,    0,    0
  260,19750713,  189,  153,  234,    0,   -1
  260,19750714,  211,  143,  301,    0,   -1
  260,19750715,  179,  152,  216,    0,   -1
  260,19750716,  174,  148,  215,    0,   -1
  260,19750717,  179,  141,  226,   19,    8
  260,19750718,  173,  138,  206,   10,   48
  260,19750719,  172,  123,  235,    0,   -1
  260,19750720,  174,  138,  220,   20,   26
  260,19750721,  174,  119,  221,    0,   -1
  260,19750722,  163,  110,  203,    0,   -1
  260,19750723,  174,  144,  212,    3,    1
  260,19750724,  149,  101,  189,   24,  108
  260,19750725,  141,  101,  185,   12,   15
  260,19750726,  156,   97,  212,    0,   -1
  260,19750727,  173,  118,  225,    0,   -1
  260,19750728,  181,  127,  248,    0,   -1
  260,19750729,  191,  105,  269,    0,   -1
  260,19750730,  216,  128,  286,    0,   -1
  260,19750731,  215,  157,  281,    0,    0
  260,19750801,  197,  145,  257,    0,    0
  260,19750802,  193,  120,  255,    0,    0
  260,19750803,  226,  140,  299,    0,    0
  260,19750804,  249,  154,  319,    0,    0
  260,19750805,  260,  198,  324,    0,    0
  260,19750806,  252,  182,  320,    0,    0
  260,19750807,  260,  178,  328,    0,    0
  260,19750808,  266,  189,  329,    0,    0
  260,19750809,  239,  170,  320,    0,    0
  260,19750810,  213,  158,  290,    0,    0
  260,19750811,  202,  151,  260,    4,   12
  260,19750812,  213,  159,  295,    0,   -1
  260,19750813,  228,  158,  293,    0,   -1
  260,19750814,  227,  157,  284,    0,    0
  260,19750815,  196,  157,  252,    7,   48
  260,19750816,  169,  151,  202,   48,   84
  260,19750817,  170,  124,  219,    0,    0
  260,19750818,  157,  103,  213,    0,    0
  260,19750819,  173,   94,  238,    5,    4
  260,19750820,  200,  159,  241,    9,    5
  260,19750821,  172,  143,  234,   42,  209
  260,19750822,  159,  101,  202,    0,   -1
  260,19750823,  147,   95,  203,    2,    3
  260,19750824,  139,   90,  189,   16,   51
  260,19750825,  155,   98,  204,    0,   -1
  260,19750826,  161,  103,  214,    0,   -1
  260,19750827,  171,   87,  236,    0,   -1
  260,19750828,  195,  131,  264,    0,   -1
  260,19750829,  192,  129,  270,    0,    0
  260,19750830,  192,  113,  269,    0,    0
  260,19750831,  188,  142,  255,    0,   -1
  260,19750901,  192,  166,  223,    0,   -1
  260,19750902,  197,  158,  257,    0,    0
  260,19750903,  178,  125,  228,    0,   -1
  260,19750904,  160,   98,  203,    0,   -1
  260,19750905,  144,   74,  200,    7,    5
  260,19750906,  137,   59,  209,    0,    1
  260,19750907,  146,   81,  201,    0,   -1
  260,19750908,  146,   58,  227,    0,    0
  260,19750909,  171,  106,  234,    4,    8
  260,19750910,  165,  140,  204,   24,   40
  260,19750911,  141,  103,  183,   22,  104
  260,19750912,  120,   98,  155,   52,  104
  260,19750913,  127,  103,  170,   44,   76
  260,19750914,  126,  103,  155,   50,   60
  260,19750915,  142,  111,  180,    1,    1
  260,19750916,  159,  106,  213,    0,    0
  260,19750917,  147,  117,  186,   12,   12
  260,19750918,  152,  108,  185,    0,   -1
  260,19750919,  140,   80,  209,    0,    0
  260,19750920,  156,   96,  213,    0,   -1
  260,19750921,  145,   69,  192,    1,    2
  260,19750922,  121,   56,  189,    0,   -1
  260,19750923,  154,   88,  210,    8,    9
  260,19750924,  161,  136,  198,    8,    4
  260,19750925,  152,  137,  173,   91,   74
  260,19750926,  132,   91,  161,    8,   13
  260,19750927,  156,   84,  227,   45,  113
  260,19750928,  143,  124,  182,    0,   -1
  260,19750929,  177,  121,  222,    1,    1
  260,19750930,  174,  137,  243,   16,   23
  260,19751001,  127,   98,  171,    0,    0
  260,19751002,  131,   68,  181,    7,   14
  260,19751003,  128,   76,  167,    2,    1
  260,19751004,  122,   69,  154,   27,   12
  260,19751005,  133,  107,  155,   11,    8
  260,19751006,  132,   97,  174,    4,    7
  260,19751007,  116,   80,  149,    0,    0
  260,19751008,  101,   61,  143,    0,    0
  260,19751009,   90,   30,  131,    9,   12
  260,19751010,   69,   25,  120,   22,   31
  260,19751011,   51,   12,   97,    2,    2
  260,19751012,   49,    5,   98,    0,    0
  260,19751013,   32,    6,   53,   15,   28
  260,19751014,   63,   39,   90,    0,   -1
  260,19751015,   91,   53,  138,    0,   -1
  260,19751016,   99,   60,  140,   10,    5
  260,19751017,   93,   48,  147,    0,   -1
  260,19751018,   95,   86,  107,    0,    0
  260,19751019,   91,   72,  115,    0,    0
  260,19751020,   80,   60,  105,    0,    0
  260,19751021,   78,   68,   94,   25,    6
  260,19751022,   85,   47,  139,    0,   -1
  260,19751023,   85,   48,  133,    0,   -1
  260,19751024,   75,   21,  146,    0,   -1
  260,19751025,   45,   15,   69,    0,   -1
  260,19751026,   53,   45,   63,    0,   -1
  260,19751027,   53,   43,   62,    0,   -1
  260,19751028,   36,   27,   44,    0,   -1
  260,19751029,   39,   12,   88,    0,   -1
  260,19751030,   84,   17,  148,    0,   -1
  260,19751031,  104,   59,  163,    0,    1
  260,19751101,  107,   65,  144,   10,   23
  260,19751102,   89,   66,  115,    1,    1
  260,19751103,   70,   29,   94,   21,   19
  260,19751104,   50,  -10,  128,    0,   -1
  260,19751105,   57,   44,   69,    0,   -1
  260,19751106,   81,   59,  108,   32,   60
  260,19751107,   79,   52,   98,   23,   44
  260,19751108,   68,   55,   84,    0,   -1
  260,19751109,   48,   30,   78,    0,    0
  260,19751110,   34,    6,   56,    0,    0
  260,19751111,   30,   -1,   80,    0,    1
  260,19751112,   19,   -6,   52,    0,   -1
  260,19751113,   25,    5,   43,    0,   -1
  260,19751114,   39,   19,   83,    0,   -1
  260,19751115,   35,  -11,   89,   52,   44
  260,19751116,   98,   74,  125,  136,  231
  260,19751117,   86,   74,  102,   23,   12
  260,19751118,   65,   30,   97,   19,   20
  260,19751119,   80,   40,  114,   68,   80
  260,19751120,   74,   40,  114,    5,    5
  260,19751121,   47,   16,   75,    6,    9
  260,19751122,   44,   -6,   79,    9,   21
  260,19751123,    4,  -14,   41,    0,    0
  260,19751124,  -10,  -31,   18,    0,    0
  260,19751125,    6,  -34,   38,   50,   18
  260,19751126,   58,   30,   69,   92,   78
  260,19751127,   47,   16,   75,   79,  122
  260,19751128,   69,   37,  115,   57,  174
  260,19751129,   43,   11,   64,    8,   10
  260,19751130,   31,   20,   40,    0,   -1
  260,19751201,   41,   30,   60,   24,   19
  260,19751202,   72,   48,   97,   66,   78
  260,19751203,   43,   13,   87,    0,   -1
  260,19751204,   48,    4,   63,    0,   -1
  260,19751205,   79,   61,   92,   58,   19
  260,19751206,   74,   41,   99,    9,    2
  260,19751207,   61,   24,   83,   17,    6
  260,19751208,   51,   15,   82,    6,    5
  260,19751209,   35,  -18,   71,    0,    0
  260,19751210,   45,   39,   52,    1,    1
  260,19751211,   38,   17,   68,    0,   -1
  260,19751212,   20,   13,   29,   20,   14
  260,19751213,   17,  -35,   46,   17,   22
  260,19751214,  -32,  -66,   12,    0,    0
  260,19751215,  -45,  -72,    0,    0,    0
  260,19751216,  -42,  -78,    1,    0,   -1
  260,19751217,    6,  -24,   38,    8,    3
  260,19751218,  -26,  -68,    7,    0,    0
  260,19751219,    1,   -9,   31,    0,   -1
  260,19751220,   31,   -5,   55,    4,    7
  260,19751221,   52,   35,   75,    0,   -1
  260,19751222,   53,   43,   60,    0,   -1
  260,19751223,   56,   49,   63,    0,    0
  260,19751224,   48,   33,   58,   33,   41
  260,19751225,   50,   24,   71,   66,   46
  260,19751226,   63,   20,   87,    0,    0
  260,19751227,   61,   47,   71,    0,    0
  260,19751228,   59,   44,   68,    0,   -1
  260,19751229,   42,   35,   47,    0,    0
  260,19751230,   40,   23,   54,    0,    0
  260,19751231,   54,   36,   66,   63,   79
  260,19760101,   50,   28,   96,   54,  132
  260,19760102,   56,   17,  108,   80,  103
  260,19760103,   61,   27,  114,    5,    5
  260,19760104,   39,   10,   59,   13,    6
  260,19760105,   64,   11,   96,  223,  186
  260,19760106,   75,   50,   89,   41,   31
  260,19760107,   80,   64,   94,    0,   -1
  260,19760108,   70,   66,   75,    0,   -1
  260,19760109,   72,   69,   78,   85,   30
  260,19760110,   79,   64,  103,   58,   72
  260,19760111,  104,   89,  119,   23,   61
  260,19760112,   96,   88,  103,    2,    1
  260,19760113,   79,   58,   93,   34,   21
  260,19760114,   76,   63,   89,   25,   52
  260,19760115,   68,   52,   81,   34,   27
  260,19760116,   76,   72,   85,    0,   -1
  260,19760117,   54,   15,   77,    2,    2
  260,19760118,   48,   21,   60,   12,   14
  260,19760119,   61,   34,   79,   34,   23
  260,19760120,   85,   67,  107,   50,   46
  260,19760121,   73,   65,   85,    3,    2
  260,19760122,   78,   54,   98,    8,    7
  260,19760123,   51,    8,   96,   53,   65
  260,19760124,    5,  -16,   32,   16,   35
  260,19760125,    4,  -36,   31,   16,   27
  260,19760126,  -17,  -61,    8,   46,   43
  260,19760127,  -15,  -67,   14,   12,   12
  260,19760128,  -70, -101,  -43,    0,   -1
  260,19760129,  -72,  -96,  -31,    0,    0
  260,19760130,  -78, -106,  -50,    0,    0
  260,19760131,  -64,  -84,  -43,    0,    0
  260,19760201,  -67,  -91,  -52,    0,    0
  260,19760202,  -43,  -92,  -20,    0,   -1
  260,19760203,  -11,  -21,    1,    0,   -1
  260,19760204,  -12,  -24,    0,    0,    0
  260,19760205,   -2,  -11,   11,    0,    0
  260,19760206,   -9,  -28,   19,    0,    0
  260,19760207,    1,  -41,   24,    0,    0
  260,19760208,   14,    4,   31,    0,   -1
  260,19760209,   31,   14,   54,    0,   -1
  260,19760210,   44,   -2,   75,   43,   39
  260,19760211,   24,   -2,   51,   18,   57
  260,19760212,   36,   12,   50,   67,   43
  260,19760213,   31,   12,   60,   77,   31
  260,19760214,    5,  -15,   15,    0,    0
  260,19760215,  -10,  -22,    3,    0,    0
  260,19760216,    0,  -22,   20,    0,    0
  260,19760217,   25,   11,   43,    0,    0
  260,19760218,   32,   10,   72,    0,    0
  260,19760219,   56,    5,  115,    0,    0
  260,19760220,   68,   31,  130,    0,    0
  260,19760221,   77,   41,  116,    0,   -1
  260,19760222,   71,   40,  121,    0,    0
  260,19760223,   62,    4,  119,    0,    0
  260,19760224,   72,   43,   97,    1,    1
  260,19760225,   78,   43,  102,    0,   -1
  260,19760226,   68,   42,  104,    0,    0
  260,19760227,   65,   16,  102,    0,   -1
  260,19760228,   62,   15,  127,    0,    0
  260,19760229,   71,   21,  117,   27,   54
  260,19760301,   53,   14,   88,    0,   -1
  260,19760302,   40,   -2,   96,    0,   -1
  260,19760303,   36,  -16,   98,    0,    0
  260,19760304,   38,   -3,   92,    0,    0
  260,19760305,    0,  -28,   39,    0,    0
  260,19760306,  -13,  -38,   20,    0,    0
  260,19760307,  -18,  -41,    7,    0,   -1
  260,19760308,  -18,  -58,   20,    0,    0
  260,19760309,  -31,  -93,   35,    0,   -1
  260,19760310,  -14,  -83,   40,    0,   -1
  260,19760311,   33,   -6,   72,    0,    0
  260,19760312,   45,   14,   94,   17,   10
  260,19760313,   54,    9,   96,   68,   60
  260,19760314,   48,   -5,  120,    0,   -1
  260,19760315,   40,    9,   84,   10,    7
  260,19760316,   24,   12,   41,    0,   -1
  260,19760317,   24,    5,   46,   25,   15
  260,19760318,   34,   14,   72,   15,   11
  260,19760319,   20,  -14,   58,    0,    0
  260,19760320,   18,  -27,   76,    0,    0
  260,19760321,    6,  -28,   56,    0,    0
  260,19760322,   -7,  -48,   36,    0,    0
  260,19760323,    3,  -39,   58,    0,    0
  260,19760324,   10,  -40,   57,   10,   13
  260,19760325,   78,   30,   94,   77,   90
  260,19760326,   70,   25,   87,   63,   85
  260,19760327,   60,   16,   94,   15,   10
  260,19760328,   70,   40,  103,    0,    0
  260,19760329,   72,   47,   95,    9,   13
  260,19760330,   73,   46,  105,    0,   -1
  260,19760331,   82,   59,  103,    0,   -1
  260,19760401,   99,   72,  143,    0,    0
  260,19760402,   94,   64,  127,    4,    2
  260,19760403,   52,  -14,   92,   30,    8
  260,19760404,   48,  -13,  112,    0,    0
  260,19760405,   84,   24,  132,    0,    0
  260,19760406,   70,   17,  124,    0,   -1
  260,19760407,   34,  -10,   67,   39,   46
  260,19760408,   49,    2,   91,    0,   -1
  260,19760409,   45,  -36,  122,    0,   -1
  260,19760410,   72,    8,  138,    0,   -1
  260,19760411,   75,  -15,  155,    0,   -1
  260,19760412,   85,    5,  158,    0,   -1
  260,19760413,   96,    3,  167,    0,    0
  260,19760414,   77,   35,  104,   37,   22
  260,19760415,   99,   18,  172,    0,   -1
  260,19760416,   88,   49,  131,    0,    0
  260,19760417,   85,   32,  169,    0,   -1
  260,19760418,  106,   -5,  188,    0,   -1
  260,19760419,  129,   64,  198,    0,    0
  260,19760420,  115,   53,  183,    0,    0
  260,19760421,   81,   46,  124,    0,   -1
  260,19760422,   60,   12,  106,    0,   -1
  260,19760423,   36,    5,   83,    5,   20
  260,19760424,   60,    6,  108,    0,    0
  260,19760425,   95,   37,  154,    0,    0
  260,19760426,   86,   34,  152,    0,    0
  260,19760427,   59,   14,  103,    0,   -1
  260,19760428,   45,   -3,   92,    0,    0
  260,19760429,   43,  -48,  103,    0,   -1
  260,19760430,   69,    3,  132,    0,   -1
  260,19760501,   76,  -25,  159,    0,    0
  260,19760502,   92,   51,  122,    2,    2
  260,19760503,   87,   64,  114,   58,   33
  260,19760504,   94,   39,  130,    0,   -1
  260,19760505,  125,   28,  189,    0,   -1
  260,19760506,  176,   80,  260,    0,    0
  260,19760507,  209,  115,  292,    0,    0
  260,19760508,  220,  142,  295,    0,   -1
  260,19760509,  223,  150,  304,    0,    0
  260,19760510,  182,  113,  289,    0,    0
  260,19760511,  134,  102,  176,    0,    0
  260,19760512,  112,   76,  159,   40,   32
  260,19760513,   83,   18,  121,    1,    7
  260,19760514,  102,   15,  171,    0,   -1
  260,19760515,  140,   56,  221,    0,    0
  260,19760516,  127,   75,  182,    0,    0
  260,19760517,  165,   32,  247,    0,    0
  260,19760518,  174,  130,  249,   26,   48
  260,19760519,  125,   75,  155,   12,    9
  260,19760520,  110,   52,  168,   46,   30
  260,19760521,  106,   54,  149,    5,   26
  260,19760522,  119,   32,  196,    0,   -1
  260,19760523,  150,   61,  215,    0,   -1
  260,19760524,  136,   67,  193,    0,    0
  260,19760525,  129,   48,  204,   15,    8
  260,19760526,  102,   72,  131,   12,   16
  260,19760527,  108,   93,  132,    7,   10
  260,19760528,  118,   81,  164,    0,    0
  260,19760529,  140,   79,  200,   14,   16
  260,19760530,  126,  104,  150,    0,   -1
  260,19760531,  128,  102,  163,    5,   13
  260,19760601,  131,  106,  178,   30,  121
  260,19760602,  105,   89,  126,   23,   19
  260,19760603,   96,   80,  116,    0,   -1
  260,19760604,  102,   54,  136,    0,   -1
  260,19760605,  121,   24,  197,    0,   -1
  260,19760606,  153,   56,  231,    0,   -1
  260,19760607,  189,   66,  274,    0,    0
  260,19760608,  228,  142,  294,    0,    0
  260,19760609,  236,  169,  310,    0,    0
  260,19760610,  166,  111,  208,    0,    0
  260,19760611,  165,   86,  231,    0,    0
  260,19760612,  188,  102,  249,    0,    0
  260,19760613,  176,  102,  218,    0,    0
  260,19760614,  174,   91,  242,    0,    0
  260,19760615,  167,  136,  215,    0,   -1
  260,19760616,  138,   98,  164,    0,    0
  260,19760617,  163,   90,  240,    0,   -1
  260,19760618,  170,   64,  236,    0,    0
  260,19760619,  139,  120,  158,   89,  106
  260,19760620,  128,  104,  141,  160,  282
  260,19760621,  161,  111,  215,    0,   -1
  260,19760622,  182,   94,  240,    0,    0
  260,19760623,  216,  136,  282,    0,    0
  260,19760624,  247,  174,  320,    0,    0
  260,19760625,  254,  153,  329,    0,    0
  260,19760626,  263,  172,  329,    0,    0
  260,19760627,  264,  179,  326,    0,    0
  260,19760628,  245,  167,  311,    0,    0
  260,19760629,  205,  142,  265,    0,    0
  260,19760630,  221,  140,  298,    0,    0
  260,19760701,  218,  153,  283,    0,    0
  260,19760702,  243,  127,  319,    0,    0
  260,19760703,  263,  169,  349,    0,    0
  260,19760704,  254,  149,  336,    0,    0
  260,19760705,  242,  154,  312,    0,    0
  260,19760706,  237,  181,  304,    0,    0
  260,19760707,  224,  125,  299,    0,    0
  260,19760708,  210,  143,  279,    0,    0
  260,19760709,  199,  136,  272,    0,    0
  260,19760710,  179,  131,  232,    0,    0
  260,19760711,  185,   97,  252,    0,   -1
  260,19760712,  221,  133,  289,    0,    0
  260,19760713,  195,  152,  239,   32,   19
  260,19760714,  189,  135,  241,   11,   43
  260,19760715,  213,  109,  292,    0,    0
  260,19760716,  241,  167,  307,    0,   -1
  260,19760717,  197,  178,  220,   12,   26
  260,19760718,  198,  159,  244,    0,   -1
  260,19760719,  199,  153,  250,    0,   -1
  260,19760720,  183,  135,  225,    6,    6
  260,19760721,  142,  121,  168,   66,  259
  260,19760722,  155,  113,  199,    6,   25
  260,19760723,  164,   85,  219,    0,   -1
  260,19760724,  152,  120,  193,   33,   46
  260,19760725,  163,  115,  205,    0,   -1
  260,19760726,  160,  106,  211,    2,    6
  260,19760727,  157,   94,  208,    0,    0
  260,19760728,  158,  104,  206,    0,   -1
  260,19760729,  163,  100,  210,    0,   -1
  260,19760730,  158,  136,  190,    0,   -1
  260,19760731,  134,   88,  158,   11,   20
  260,19760801,  142,   83,  186,    0,   -1
  260,19760802,  158,  127,  185,   21,   19
  260,19760803,  155,  117,  176,   21,   17
  260,19760804,  153,  100,  201,    0,   -1
  260,19760805,  155,  109,  212,    0,    0
  260,19760806,  163,  114,  213,    0,    0
  260,19760807,  165,  111,  212,    0,    0
  260,19760808,  171,  111,  231,    0,    0
  260,19760809,  200,  132,  258,    0,    0
  260,19760810,  204,  123,  264,    0,    0
  260,19760811,  189,  131,  255,    9,   15
  260,19760812,  196,  108,  275,    0,   -1
  260,19760813,  193,  129,  257,    0,   -1
  260,19760814,  193,  144,  250,    0,    0
  260,19760815,  196,  131,  260,    0,   -1
  260,19760816,  193,  111,  265,    0,    0
  260,19760817,  175,  108,  231,    0,   -1
  260,19760818,  173,  104,  243,    6,   40
  260,19760819,  191,  141,  254,    0,   -1
  260,19760820,  188,  134,  256,    0,   -1
  260,19760821,  195,  144,  259,    0,    0
  260,19760822,  182,  116,  246,    0,    0
  260,19760823,  186,  103,  256,    0,    0
  260,19760824,  197,   98,  284,    0,    0
  260,19760825,  213,  123,  304,    0,    0
  260,19760826,  185,  130,  253,    0,   -1
  260,19760827,  178,  146,  222,    0,   -1
  260,19760828,  158,  129,  222,   15,   50
  260,19760829,  194,  120,  257,    4,    5
  260,19760830,  177,  111,  222,    6,    2
  260,19760831,  155,   90,  226,    0,   -1
  260,19760901,  151,  103,  198,   36,   25
  260,19760902,  131,   97,  173,   71,  149
  260,19760903,  127,   81,  179,    2,    2
  260,19760904,  122,   80,  179,   32,  118
  260,19760905,  124,   71,  179,    0,   -1
  260,19760906,  133,   60,  204,    0,   -1
  260,19760907,  147,   80,  209,    0,   -1
  260,19760908,  152,   82,  219,    0,   -1
  260,19760909,  131,   91,  158,   37,   77
  260,19760910,  112,   83,  156,   58,   65
  260,19760911,  118,   81,  140,   56,   43
  260,19760912,  136,   82,  185,    0,    0
  260,19760913,  123,   71,  171,   24,   25
  260,19760914,  131,   98,  168,   26,   19
  260,19760915,  134,   86,  186,    0,   -1
  260,19760916,  127,   89,  166,    0,   -1
  260,19760917,  131,  101,  168,    0,   -1
  260,19760918,  124,   96,  170,   58,   62
  260,19760919,  146,  107,  201,    0,   -1
  260,19760920,  140,   88,  201,    0,   -1
  260,19760921,  130,   69,  196,    0,    0
  260,19760922,  136,   75,  197,    0,    0
  260,19760923,  149,  107,  195,    8,    5
  260,19760924,  153,  128,  189,   31,    6
  260,19760925,  148,  124,  177,    1,    1
  260,19760926,  152,  103,  190,   28,   17
  260,19760927,  154,  105,  221,    3,    4
  260,19760928,  158,  120,  208,   15,   11
  260,19760929,  149,  119,  196,    2,    7
  260,19760930,  159,  112,  208,    0,   -1
  260,19761001,  159,  133,  194,   16,   64
  260,19761002,  147,  115,  186,    4,    4
  260,19761003,  144,  111,  191,    0,   -1
  260,19761004,  131,  110,  164,   21,   29
  260,19761005,  125,   82,  160,    0,   -1
  260,19761006,  152,  122,  183,   77,   96
  260,19761007,  149,  112,  197,    7,    5
  260,19761008,  124,   91,  158,    0,    0
  260,19761009,  145,  100,  184,    0,   -1
  260,19761010,  155,  136,  175,    0,   -1
  260,19761011,  176,  135,  220,    0,   -1
  260,19761012,  138,   93,  166,    0,   -1
  260,19761013,   99,   63,  150,    1,    1
  260,19761014,   93,   36,  134,   24,   21
  260,19761015,   99,   85,  117,   44,   38
  260,19761016,   79,   28,  139,    0,    0
  260,19761017,   69,   -2,  145,    0,    0
  260,19761018,   74,   38,  111,    0,   -1
  260,19761019,  103,   68,  140,   46,   89
  260,19761020,  122,   93,  158,    7,    6
  260,19761021,  111,   77,  147,   12,   15
  260,19761022,  116,   91,  136,   24,   18
  260,19761023,  120,   95,  151,    0,    0
  260,19761024,  107,   87,  138,   56,   43
  260,19761025,  116,   79,  157,    5,    4
  260,19761026,   81,   54,  125,    0,   -1
  260,19761027,   64,   52,   75,    0,   -1
  260,19761028,   52,   43,   61,    0,   -1
  260,19761029,   85,   60,  126,    0,   -1
  260,19761030,   61,   32,   82,    0,   -1
  260,19761031,   63,   35,  117,    0,   -1
  260,19761101,   80,   40,   99,   22,    9
  260,19761102,   82,   55,  107,   11,    5
  260,19761103,   57,   31,   68,   15,    6
  260,19761104,   65,   18,  118,    0,   -1
  260,19761105,   71,   50,   96,    0,   -1
  260,19761106,   80,   51,  106,    4,    2
  260,19761107,   83,   53,  114,   47,   21
  260,19761108,   79,   44,  103,   12,    6
  260,19761109,   75,   41,  105,    3,    3
  260,19761110,   89,   43,  127,   37,   40
  260,19761111,   67,   18,  105,   26,   19
  260,19761112,   43,   13,   75,   13,    8
  260,19761113,   58,   48,   66,   61,   24
  260,19761114,   66,   52,   83,    0,    0
  260,19761115,   61,   37,   76,    0,    0
  260,19761116,   53,    9,   73,   69,   19
  260,19761117,   73,   61,   84,   32,    8
  260,19761118,   76,   50,   88,    0,   -1
  260,19761119,   66,   40,   95,    0,    0
  260,19761120,   51,   -1,   85,   20,    6
  260,19761121,   48,   22,   64,    1,    1
  260,19761122,   50,   23,   71,   18,   37
  260,19761123,   38,   18,   62,    7,    9
  260,19761124,   73,   18,  100,   55,   50
  260,19761125,   90,   54,  102,    4,    5
  260,19761126,   78,   69,   87,    9,    4
  260,19761127,   77,   56,  116,    4,    3
  260,19761128,   83,   52,   97,   40,   48
  260,19761129,   74,   60,   90,   33,   52
  260,19761130,   76,   47,  113,  100,  206
  260,19761201,   45,   21,   75,    8,    4
  260,19761202,   31,   16,   48,   43,   40
  260,19761203,   17,   -2,   41,   21,   32
  260,19761204,   25,    5,   63,   46,   62
  260,19761205,    3,   -7,   12,   10,   13
  260,19761206,   29,  -12,   64,   62,  101
  260,19761207,   62,   49,   83,   16,   30
  260,19761208,   70,   52,   87,   10,   14
  260,19761209,   47,    5,   82,    0,    0
  260,19761210,   27,   -9,   68,    4,    3
  260,19761211,   42,   12,   68,   21,   15
  260,19761212,   38,   11,   57,    1,    2
  260,19761213,   15,  -15,   36,    3,    3
  260,19761214,    5,  -39,   33,    9,   19
  260,19761215,    0,  -41,   19,    0,    0
  260,19761216,    4,  -21,   26,    0,   -1
  260,19761217,   -3,  -18,   14,   59,   67
  260,19761218,   18,    8,   27,   22,   29
  260,19761219,    7,    0,   16,   30,   67
  260,19761220,   33,   16,   44,   12,    9
  260,19761221,   50,   34,   64,   49,   55
  260,19761222,   20,    0,   55,    0,   -1
  260,19761223,    6,  -15,   38,    0,   -1
  260,19761224,    6,  -12,   25,    0,   -1
  260,19761225,   -2,  -24,   28,    4,    9
  260,19761226,   20,  -11,   47,    5,    4
  260,19761227,   24,    4,   38,    7,    9
  260,19761228,   -4,  -43,   18,   45,   81
  260,19761229,  -52,  -91,  -13,    0,    0
  260,19761230,  -56,  -97,  -28,    0,    0
  260,19761231,    0,  -48,   29,   23,   19
  260,19770101,   62,   28,   94,   22,   25
  260,19770102,   23,   -2,   54,    0,    0
  260,19770103,   40,    4,   54,   14,   11
  260,19770104,   25,  -15,   69,    7,   10
  260,19770105,   -9,  -28,    2,    6,    2
  260,19770106,   14,    0,   28,   84,   67
  260,19770107,   35,    5,   64,    0,   -1
  260,19770108,   46,    7,   66,    6,    9
  260,19770109,   47,   36,   53,   70,   50
  260,19770110,   21,    6,   45,   49,   30
  260,19770111,   13,   -6,   28,   22,   20
  260,19770112,  -13,  -18,   -4,    0,   -1
  260,19770113,    1,  -19,   24,    3,    1
  260,19770114,   31,    6,   47,   39,   27
  260,19770115,   25,   16,   32,   32,   39
  260,19770116,   27,    9,   44,    9,   21
  260,19770117,   20,  -22,   59,    0,   -1
  260,19770118,    0,  -20,   25,    0,   -1
  260,19770119,  -14,  -27,   -5,   48,   17
  260,19770120,    5,  -16,   16,    0,   -1
  260,19770121,   45,   13,   79,   14,   15
  260,19770122,   62,   37,   88,    0,    0
  260,19770123,   67,   53,   78,   86,   61
  260,19770124,   60,   46,   74,    0,   -1
  260,19770125,   91,   54,  126,  100,   87
  260,19770126,   83,   64,  114,    5,    4
  260,19770127,   63,   57,   72,  110,  198
  260,19770128,   61,   30,   78,    3,    1
  260,19770129,   14,  -31,   36,    0,   -1
  260,19770130,   -9,  -48,   55,    0,    0
  260,19770131,  -17,  -52,   33,    0,    0
  260,19770201,  -12,  -47,   26,    0,   -1
  260,19770202,    1,  -16,   11,    0,   -1
  260,19770203,   16,  -24,   56,   57,   68
  260,19770204,   45,   21,   81,    0,   -1
  260,19770205,   69,   40,  101,   43,   66
  260,19770206,   71,   55,   86,   29,   18
  260,19770207,   88,   68,  101,   86,   75
  260,19770208,   65,   46,   83,    8,    9
  260,19770209,   32,   -9,   58,    0,    0
  260,19770210,   76,   39,  125,   51,  111
  260,19770211,   73,   59,   89,    0,   -1
  260,19770212,   50,   35,   72,    0,    0
  260,19770213,   53,   29,   76,   14,   25
  260,19770214,   55,   19,  100,    0,    0
  260,19770215,   32,    3,   52,    0,   -1
  260,19770216,   43,   22,   69,    0,   -1
  260,19770217,   44,    4,   81,   53,   59
  260,19770218,   79,   64,   95,   52,  119
  260,19770219,   68,   48,   88,    7,   12
  260,19770220,   67,   40,  107,   56,   60
  260,19770221,   75,   57,   94,   30,   70
  260,19770222,   70,   39,  114,   18,   96
  260,19770223,   69,   43,  102,   22,   16
  260,19770224,   77,   33,  112,   60,   65
  260,19770225,   54,   15,   72,  106,   86
  260,19770226,   12,  -20,   43,    1,    1
  260,19770227,    0,  -39,   38,    1,    1
  260,19770228,   10,  -46,   53,    0,    0
  260,19770301,   19,  -29,   46,    0,   -1
  260,19770302,   72,   32,  107,    5,    2
  260,19770303,  100,   74,  117,    8,   22
  260,19770304,   90,   69,  117,    0,   -1
  260,19770305,   78,   50,  109,    0,    0
  260,19770306,   52,   -7,   97,    0,   -1
  260,19770307,   99,   51,  146,    6,   18
  260,19770308,   87,   45,  118,    4,    8
  260,19770309,  108,   38,  184,    0,    0
  260,19770310,  102,   55,  146,    0,    0
  260,19770311,   91,   48,  112,   69,   53
  260,19770312,   68,   28,  116,    0,   -1
  260,19770313,   69,   20,  120,   10,   43
  260,19770314,   79,   41,  103,   18,   39
  260,19770315,   82,   39,  121,    5,    7
  260,19770316,  126,   85,  175,    0,   -1
  260,19770317,  102,   77,  137,   32,   51
  260,19770318,   80,   46,  116,    8,    4
  260,19770319,   69,   42,  110,    5,   12
  260,19770320,   73,   10,  126,    0,   -1
  260,19770321,   72,   52,  104,   43,   20
  260,19770322,   73,   52,  112,    9,    7
  260,19770323,   64,   37,   96,    4,    3
  260,19770324,  103,   72,  159,    0,    0
  260,19770325,   66,   14,   83,    0,   -1
  260,19770326,   65,   -8,  116,    9,    4
  260,19770327,   43,   12,   61,  175,  115
  260,19770328,   18,   -6,   48,    8,    5
  260,19770329,   16,  -22,   58,    0,   -1
  260,19770330,    5,  -38,   46,    0,    0
  260,19770331,   22,  -53,   73,    6,    4
  260,19770401,   82,   39,  113,  118,  234
  260,19770402,   63,    7,   97,    0,    0
  260,19770403,   38,    5,   78,   42,   33
  260,19770404,   29,  -15,   75,   23,   17
  260,19770405,   62,    3,   93,    0,   -1
  260,19770406,   56,    1,   93,   18,   10
  260,19770407,   41,    0,   90,    8,   15
  260,19770408,   19,  -16,   70,    3,    3
  260,19770409,   19,  -10,   57,    2,    3
  260,19770410,   24,  -30,   73,    0,   -1
  260,19770411,   41,   12,   88,    9,   14
  260,19770412,   75,   16,  125,   28,   12
  260,19770413,   86,   25,  115,   75,   88
  260,19770414,   58,   26,   94,   26,   41
  260,19770415,   50,   17,   92,   11,   39
  260,19770416,   54,  -17,  107,    0,   -1
  260,19770417,   65,    9,  134,    0,   -1
  260,19770418,   41,  -16,   84,    0,    0
  260,19770419,   36,  -26,   93,    0,    0
  260,19770420,   72,  -24,  131,    0,   -1
  260,19770421,  106,   78,  130,   14,   11
  260,19770422,  108,   98,  122,    2,    2
  260,19770423,  107,   78,  136,   14,   23
  260,19770424,   83,   64,  117,    8,    6
  260,19770425,   90,   18,  122,    0,   -1
  260,19770426,  123,   69,  174,   27,   45
  260,19770427,   81,   28,  121,    0,   -1
  260,19770428,   98,   16,  147,    0,   -1
  260,19770429,   94,   56,  139,   19,   17
  260,19770430,  101,   49,  152,   11,    4
  260,19770501,   77,   49,   96,   67,   78
  260,19770502,  105,   15,  167,    0,    1
  260,19770503,  124,  110,  156,   15,   18
  260,19770504,   99,   85,  110,    3,    3
  260,19770505,   92,   82,  112,   16,   36
  260,19770506,   97,   41,  153,    4,   18
  260,19770507,   90,   24,  156,    6,   15
  260,19770508,   92,   53,  143,    4,    8
  260,19770509,   97,   23,  154,   37,   19
  260,19770510,  110,   77,  141,    9,   11
  260,19770511,  118,   58,  164,   11,   21
  260,19770512,  119,   91,  158,   70,  166
  260,19770513,   92,   62,  135,   42,  153
  260,19770514,   85,   51,  121,    1,    6
  260,19770515,   97,   34,  140,    0,   -1
  260,19770516,  106,   74,  143,    0,   -1
  260,19770517,  125,   87,  180,    0,    0
  260,19770518,  147,   71,  201,    0,    0
  260,19770519,  141,   83,  195,    0,    0
  260,19770520,  104,   86,  135,   15,   30
  260,19770521,  115,   70,  168,   22,   17
  260,19770522,  139,   63,  193,    0,    0
  260,19770523,  146,   79,  207,    0,    0
  260,19770524,  167,   81,  229,    0,    0
  260,19770525,  183,   88,  250,    0,    0
  260,19770526,  160,  115,  209,    0,    0
  260,19770527,  154,   80,  216,    0,    0
  260,19770528,  158,   82,  220,    0,    0
  260,19770529,  132,   60,  208,    0,    0
  260,19770530,  106,   76,  143,    0,   -1
  260,19770531,  119,   49,  168,    0,    0
  260,19770601,  114,   62,  161,    0,   -1
  260,19770602,  123,   98,  161,    1,    1
  260,19770603,  124,   90,  164,   23,   31
  260,19770604,  133,   88,  180,    3,    3
  260,19770605,  116,   69,  155,    6,   12
  260,19770606,  120,   81,  160,   66,   52
  260,19770607,  121,   86,  156,    8,    8
  260,19770608,  137,   87,  184,    0,    0
  260,19770609,  162,  116,  214,   15,   22
  260,19770610,  154,   92,  208,   10,   58
  260,19770611,  143,   85,  201,    4,    6
  260,19770612,  188,   89,  248,    0,    0
  260,19770613,  239,  155,  308,    0,    0
  260,19770614,  184,  147,  220,   12,   39
  260,19770615,  164,  138,  214,   17,   25
  260,19770616,  148,  128,  164,    5,    7
  260,19770617,  140,  122,  164,    0,   -1
  260,19770618,  139,  123,  165,    0,   -1
  260,19770619,  134,  116,  150,   20,   17
  260,19770620,  117,  108,  131,    0,   -1
  260,19770621,  140,  102,  178,    0,    0
  260,19770622,  150,  103,  192,    0,    0
  260,19770623,  140,   93,  193,    0,    0
  260,19770624,  151,   79,  213,    0,   -1
  260,19770625,  143,  107,  180,   14,   25
  260,19770626,  138,  116,  162,   19,   45
  260,19770627,  152,  104,  193,    0,   -1
  260,19770628,  158,  123,  204,    0,    0
  260,19770629,  150,  123,  189,   21,   35
  260,19770630,  151,   81,  211,    0,   -1
  260,19770701,  150,  129,  175,    8,    4
  260,19770702,  174,  140,  208,    1,    1
  260,19770703,  203,  123,  264,    0,   -1
  260,19770704,  214,  143,  273,    0,    0
  260,19770705,  208,  137,  268,    0,    0
  260,19770706,  215,  153,  278,    0,    0
  260,19770707,  197,  158,  244,    0,    0
  260,19770708,  197,  153,  243,    0,    0
  260,19770709,  197,  169,  228,    0,   -1
  260,19770710,  189,  128,  247,    0,    0
  260,19770711,  171,  115,  230,    0,    0
  260,19770712,  176,  101,  241,    0,    0
  260,19770713,  161,  128,  213,    0,    0
  260,19770714,  140,  116,  184,    4,    4
  260,19770715,  139,   71,  197,    0,    0
  260,19770716,  151,   57,  210,    0,    0
  260,19770717,  169,  124,  215,    0,   -1
  260,19770718,  160,  140,  200,   72,  113
  260,19770719,  163,  138,  192,    0,   -1
  260,19770720,  159,  137,  196,    5,    8
  260,19770721,  154,  100,  200,    0,   -1
  260,19770722,  163,   95,  225,    1,    1
  260,19770723,  195,  166,  246,    0,   -1
  260,19770724,  160,  135,  180,   61,   62
  260,19770725,  144,  124,  176,   45,  154
  260,19770726,  137,  118,  177,   45,  162
  260,19770727,  138,  118,  174,   20,   80
  260,19770728,  150,  108,  184,   14,   17
  260,19770729,  151,  121,  175,   27,   20
  260,19770730,  185,  140,  246,    0,    0
  260,19770731,  156,  130,  195,    0,   -1
  260,19770801,  146,   86,  186,    0,   -1
  260,19770802,  153,   68,  208,    0,    0
  260,19770803,  171,  125,  222,    0,   -1
  260,19770804,  181,  113,  244,    0,   -1
  260,19770805,  177,  117,  243,    6,    2
  260,19770806,  177,  151,  217,   38,   40
  260,19770807,  180,  144,  230,   16,   55
  260,19770808,  166,  138,  202,    7,   22
  260,19770809,  157,  132,  189,    3,    1
  260,19770810,  153,  120,  179,    0,   -1
  260,19770811,  154,  111,  200,    6,   10
  260,19770812,  162,  122,  178,  100,   85
  260,19770813,  173,  142,  206,   12,   45
  260,19770814,  173,  129,  236,    9,    5
  260,19770815,  181,  151,  219,    5,    3
  260,19770816,  179,  140,  217,    0,   -1
  260,19770817,  157,  140,  172,   19,   29
  260,19770818,  151,  131,  162,   65,  150
  260,19770819,  152,  118,  196,    0,   -1
  260,19770820,  149,  120,  190,   27,   51
  260,19770821,  153,  134,  189,   27,   51
  260,19770822,  139,  129,  147,  158,  284
  260,19770823,  146,  116,  195,   70,   75
  260,19770824,  152,   76,  205,   12,    5
  260,19770825,  176,  149,  212,   22,   42
  260,19770826,  162,  111,  206,    0,   -1
  260,19770827,  157,  101,  220,   12,   11
  260,19770828,  147,   92,  178,    1,    1
  260,19770829,  140,   61,  206,    0,    0
  260,19770830,  162,   84,  222,    0,   -1
  260,19770831,  167,  130,  217,    0,    0
  260,19770901,  159,  106,  229,    0,   -1
  260,19770902,  175,  115,  232,    0,   -1
  260,19770903,  158,   77,  208,    6,    4
  260,19770904,  124,   44,  196,    0,   -1
  260,19770905,  147,   85,  187,    0,   -1
  260,19770906,  182,  149,  214,    9,    8
  260,19770907,  161,  107,  194,    0,   -1
  260,19770908,  129,   92,  170,    0,   -1
  260,19770909,  117,   66,  168,   19,   25
  260,19770910,  135,  100,  164,   22,   16
  260,19770911,  174,  145,  216,    0,   -1
  260,19770912,  136,   90,  175,    0,   -1
  260,19770913,  112,   49,  170,    0,   -1
  260,19770914,  124,   46,  183,    0,    0
  260,19770915,  145,   83,  179,    0,   -1
  260,19770916,  112,   69,  157,    9,    3
  260,19770917,  113,   75,  163,   18,   43
  260,19770918,   94,   44,  146,    0,    0
  260,19770919,  105,   30,  158,    0,   -1
  260,19770920,  112,   56,  156,    0,    0
  260,19770921,  113,   89,  140,    0,   -1
  260,19770922,  125,   99,  158,    0,    0
  260,19770923,  130,  100,  164,    0,    0
  260,19770924,  130,   88,  181,    0,    0
  260,19770925,  120,   97,  142,    0,    0
  260,19770926,  126,   77,  182,    0,    0
  260,19770927,  132,   69,  203,    0,   -1
  260,19770928,  149,  112,  200,   14,    6
  260,19770929,  140,  103,  173,    0,    0
  260,19770930,  143,  132,  151,   30,   27
  260,19771001,  115,   84,  141,   60,  210
  260,19771002,   96,   72,  127,   60,  102
  260,19771003,  102,   49,  148,   14,   11
  260,19771004,  128,  107,  147,    6,   10
  260,19771005,  125,  105,  156,   18,   31
  260,19771006,  153,  116,  192,   31,   58
  260,19771007,  162,  128,  199,    4,    3
  260,19771008,  144,  127,  177,   42,   31
  260,19771009,  136,  103,  173,    0,    0
  260,19771010,  116,   57,  153,    4,   31
  260,19771011,   92,   50,  154,    0,   -1
  260,19771012,  115,   52,  173,    0,   -1
  260,19771013,  109,   53,  170,    0,   -1
  260,19771014,   80,   53,  125,    0,   -1
  260,19771015,   87,   42,  153,    0,   -1
  260,19771016,   85,   48,  147,    0,    1
  260,19771017,   81,   50,  101,    0,   -1
  260,19771018,   94,   48,  162,    0,   -1
  260,19771019,  128,   74,  193,    0,    0
  260,19771020,  144,  112,  187,    0,    0
  260,19771021,  146,  104,  201,    0,   -1
  260,19771022,  160,  127,  186,   25,   21
  260,19771023,  142,   99,  165,    6,    4
  260,19771024,  120,   73,  174,    0,   -1
  260,19771025,  122,   65,  170,    1,    1
  260,19771026,   83,   55,  106,    0,   -1
  260,19771027,  104,   88,  115,    0,   -1
  260,19771028,  103,   59,  131,    0,    1
  260,19771029,   89,   52,  125,    0,   -1
  260,19771030,   91,   51,  136,    0,   -1
  260,19771031,  121,   95,  159,   37,   56
  260,19771101,   93,   67,  132,    0,   -1
  260,19771102,  100,   74,  134,  134,  244
  260,19771103,  118,   96,  147,   11,   34
  260,19771104,   86,   62,  117,   14,   18
  260,19771105,  100,   62,  126,    1,    1
  260,19771106,  110,   78,  134,   37,   55
  260,19771107,  115,  103,  136,    4,    3
  260,19771108,  119,  101,  132,   35,   38
  260,19771109,  125,  109,  151,   74,  124
  260,19771110,  144,  116,  175,    0,    0
  260,19771111,  136,  112,  152,    8,    9
  260,19771112,   95,   52,  149,   51,   84
  260,19771113,   57,   40,   69,   46,   65
  260,19771114,   84,   47,  117,  105,  106
  260,19771115,   72,   46,   99,   50,  118
  260,19771116,   55,   33,   71,   40,   65
  260,19771117,   45,   11,   84,   11,   13
  260,19771118,   45,   21,   83,   52,   65
  260,19771119,   53,   28,   77,   21,   11
  260,19771120,   45,    7,   62,  164,  101
  260,19771121,   11,    2,   28,  180,  247
  260,19771122,   39,   12,   62,   24,   42
  260,19771123,   67,   38,   83,   59,  103
  260,19771124,   66,   50,   78,   66,  108
  260,19771125,   52,   15,   73,    8,   12
  260,19771126,   24,    1,   54,    0,   -1
  260,19771127,   -6,  -26,   23,    0,    0
  260,19771128,  -14,  -45,   28,    0,    0
  260,19771129,    1,  -17,   16,    2,    1
  260,19771130,   16,    1,   39,    0,   -1
  260,19771201,   20,   -7,   38,    0,   -1
  260,19771202,    7,  -30,   37,    0,    1
  260,19771203,   -2,  -42,   34,    0,    0
  260,19771204,   16,   -1,   42,    0,    0
  260,19771205,  -11,  -41,   20,    0,    0
  260,19771206,  -27,  -44,  -13,   29,   10
  260,19771207,   25,  -22,   73,   72,   48
  260,19771208,   85,   42,  123,    6,    4
  260,19771209,   55,   30,   85,    0,    0
  260,19771210,   57,   41,   73,    0,   -1
  260,19771211,   85,   58,   95,   58,   66
  260,19771212,   88,   78,  101,    4,    2
  260,19771213,   73,   49,   88,    6,    3
  260,19771214,   82,   70,   92,   14,    5
  260,19771215,   69,   57,   77,    0,   -1
  260,19771216,   59,   15,   90,    0,   -1
  260,19771217,   43,   14,   63,    0,   -1
  260,19771218,   46,    9,   88,   22,   19
  260,19771219,   49,   26,   64,    0,    0
  260,19771220,   35,   -7,   56,    0,   -1
  260,19771221,   17,  -20,   53,    0,   -1
  260,19771222,   68,   27,   98,   20,   14
  260,19771223,   96,   60,  149,   15,    8
  260,19771224,  116,   88,  153,    0,   -1
  260,19771225,   76,   42,  101,   22,   18
  260,19771226,   69,   60,   75,   27,   22
  260,19771227,   56,   22,   89,   61,  116
  260,19771228,   47,   23,   79,   50,   49
  260,19771229,   53,   22,   73,   49,   22
  260,19771230,   49,   21,   73,   47,   72
  260,19771231,   48,   28,   70,   14,   16
  260,19780101,   65,   31,   80,    0,   -1
  260,19780102,   54,   27,   65,   15,    8
  260,19780103,   36,    7,   61,   68,  145
  260,19780104,   17,   -2,   39,   25,   33
  260,19780105,   -6,  -40,   24,    2,    1
  260,19780106,   43,   21,   58,    0,    0
  260,19780107,   25,    6,   43,    0,    0
  260,19780108,   -2,  -33,   16,    0,   -1
  260,19780109,   36,   11,   64,   59,   21
  260,19780110,   42,   20,   57,   47,   50
  260,19780111,   43,   32,   54,  141,   61
  260,19780112,   30,   16,   39,  110,  123
  260,19780113,    5,  -13,   28,    0,   -1
  260,19780114,   50,   15,   61,   12,    8
  260,19780115,   23,    0,   50,    0,   -1
  260,19780116,   25,   15,   33,    8,    4
  260,19780117,   40,   26,   60,    5,    4
  260,19780118,   23,  -28,   56,    0,   -1
  260,19780119,   11,  -30,   31,   11,   11
  260,19780120,   28,    5,   41,    0,   -1
  260,19780121,   23,    6,   32,    0,    0
  260,19780122,    8,  -12,   26,   31,    5
  260,19780123,   23,   -3,   46,   39,   56
  260,19780124,   57,   25,   75,   53,   66
  260,19780125,   41,   29,   53,   24,   18
  260,19780126,   28,    6,   50,   13,   14
  260,19780127,   30,   14,   50,    0,   -1
  260,19780128,   47,   29,   68,    6,    4
  260,19780129,   37,   26,   48,    4,    6
  260,19780130,   32,    1,   60,    2,    3
  260,19780131,   11,  -10,   37,   26,   31
  260,19780201,    9,    1,   23,   62,   78
  260,19780202,    9,    3,   18,    1,    2
  260,19780203,   15,   -4,   46,    0,   -1
  260,19780204,   13,    4,   33,    0,    0
  260,19780205,   11,   -1,   25,   35,   53
  260,19780206,   33,   16,   51,    7,    7
  260,19780207,    0,  -26,   16,   21,    6
  260,19780208,  -23,  -42,   -4,    0,   -1
  260,19780209,  -34,  -55,  -17,    0,   -1
  260,19780210,  -50,  -70,  -20,    0,    0
  260,19780211,  -37,  -50,  -30,    0,   -1
  260,19780212,   -8,  -45,   19,    3,    3
  260,19780213,  -11,  -39,   17,    0,   -1
  260,19780214,   -1,  -28,   13,   13,   18
  260,19780215,  -18,  -38,   10,    0,    0
  260,19780216,  -23,  -70,   13,    0,    0
  260,19780217,  -45,  -72,   -9,    0,    0
  260,19780218,  -29,  -78,   25,    0,   -1
  260,19780219,  -38,  -70,   -6,    0,    0
  260,19780220,  -42,  -88,   15,    0,    0
  260,19780221,  -17,  -64,   27,   30,    3
  260,19780222,   41,   22,   56,    5,    9
  260,19780223,   61,   33,   88,   22,   10
  260,19780224,   90,   63,  125,    0,    0
  260,19780225,  104,   60,  138,   15,    8
  260,19780226,  106,   66,  150,    3,    2
  260,19780227,   99,   75,  135,   45,   28
  260,19780228,   81,   43,  120,    0,   -1
  260,19780301,   99,   54,  144,    0,   -1
  260,19780302,   89,   64,  114,   13,    8
  260,19780303,   73,   62,   81,  120,   43
  260,19780304,   59,   38,   85,    0,   -1
  260,19780305,   48,    9,   82,    2,    1
  260,19780306,   24,  -25,   88,    0,   -1
  260,19780307,   36,  -29,   88,    0,    0
  260,19780308,   62,   22,   92,   41,   29
  260,19780309,   69,   25,  120,    0,    0
  260,19780310,   87,   65,  107,    0,   -1
  260,19780311,  102,   81,  147,    0,   -1
  260,19780312,  101,   78,  130,   44,   60
  260,19780313,   74,   38,  100,   19,   21
  260,19780314,   76,   63,   89,   52,   41
  260,19780315,   79,   57,  108,   34,   41
  260,19780316,   51,   13,   75,   40,   59
  260,19780317,   24,   -8,   63,   10,   29
  260,19780318,   40,    0,   69,    5,    7
  260,19780319,   61,   34,   83,   68,  102
  260,19780320,   63,   40,   84,   15,   31
  260,19780321,   24,    5,   40,  132,  121
  260,19780322,   49,   -4,   86,   41,   26
  260,19780323,   64,   32,   88,   30,   42
  260,19780324,   55,   28,   94,    4,    1
  260,19780325,   75,   29,  116,   42,   78
  260,19780326,   55,   40,   78,    2,    1
  260,19780327,   76,   40,  103,   74,   37
  260,19780328,   93,   52,  127,   29,   24
  260,19780329,   96,   46,  139,    0,   -1
  260,19780330,   71,   42,  100,   32,   10
  260,19780331,   68,   50,   98,    0,   -1
  260,19780401,   88,   48,  144,    0,   -1
  260,19780402,   86,   20,  140,    0,    0
  260,19780403,   84,   68,  115,    0,    0
  260,19780404,   55,   41,   74,    0,   -1
  260,19780405,   59,   19,  103,    0,   -1
  260,19780406,   41,  -11,   94,    0,    0
  260,19780407,   48,  -15,   94,    0,    0
  260,19780408,   56,   26,   74,    0,    0
  260,19780409,   50,   -1,  116,    0,    0
  260,19780410,   50,   27,   79,   22,   20
  260,19780411,   13,   -7,   36,  118,  173
  260,19780412,   25,   -5,   72,   26,   24
  260,19780413,   40,   18,   76,    0,   -1
  260,19780414,   35,   -4,   64,    6,    9
  260,19780415,   36,   -8,   90,    0,    0
  260,19780416,   38,    0,   88,    3,    4
  260,19780417,   47,   -7,  104,    0,    0
  260,19780418,   73,    2,  132,    0,    0
  260,19780419,   89,   21,  149,    4,   16
  260,19780420,   96,   55,  156,   16,   11
  260,19780421,   89,   48,  149,    0,    0
  260,19780422,   95,   55,  148,    0,    0
  260,19780423,  105,   38,  160,    0,    0
  260,19780424,   88,   46,  155,    0,   -1
  260,19780425,   82,   32,  130,    0,    0
  260,19780426,   98,   26,  168,    8,   14
  260,19780427,   85,   52,  134,    6,   22
  260,19780428,   89,   55,  134,   12,   36
  260,19780429,  107,   42,  166,    0,   -1
  260,19780430,  122,   92,  168,   55,   53
  260,19780501,  125,   85,  186,    8,   14
  260,19780502,  116,   81,  154,    0,    0
  260,19780503,   91,   39,  111,    8,   12
  260,19780504,  125,   29,  192,    0,   -1
  260,19780505,  153,   81,  228,    9,   19
  260,19780506,  142,  116,  173,   38,   44
  260,19780507,  121,  103,  140,    3,    5
  260,19780508,  113,   83,  146,    0,    0
  260,19780509,  124,   69,  176,    0,    0
  260,19780510,   93,   56,  147,    0,    0
  260,19780511,   78,   26,  122,    0,   -1
  260,19780512,   77,   53,  108,   36,   61
  260,19780513,   76,   18,  114,    0,   -1
  260,19780514,   93,   40,  143,    2,    2
  260,19780515,   90,   53,  134,   20,   46
  260,19780516,   99,   32,  153,    0,    3
  260,19780517,  105,   43,  148,    0,   -1
  260,19780518,  125,   53,  180,    0,    0
  260,19780519,  140,   81,  209,    8,   26
  260,19780520,  123,  101,  165,    0,    0
  260,19780521,  107,   87,  132,    0,    0
  260,19780522,  124,   78,  170,    0,   -1
  260,19780523,  105,   88,  141,    0,    0
  260,19780524,  103,   90,  121,    0,    2
  260,19780525,   98,   88,  109,    3,    9
  260,19780526,  128,   92,  178,    0,   -1
  260,19780527,  147,   76,  216,    0,    0
  260,19780528,  163,   98,  233,    0,    0
  260,19780529,  167,   91,  233,    0,    0
  260,19780530,  201,  121,  264,    0,   -1
  260,19780531,  212,  130,  278,    0,    0
  260,19780601,  214,  134,  284,    0,    0
  260,19780602,  198,  130,  264,    9,   10
  260,19780603,  205,  120,  269,    0,    0
  260,19780604,  209,  140,  277,    0,   -1
  260,19780605,  192,  166,  225,    0,   -1
  260,19780606,  197,  164,  256,    5,    3
  260,19780607,  169,  135,  217,   16,   12
  260,19780608,  150,  122,  190,   33,   46
  260,19780609,  140,  112,  175,    0,   -1
  260,19780610,  122,   78,  151,    2,    3
  260,19780611,  133,  100,  172,    0,    0
  260,19780612,  119,  101,  148,    6,    3
  260,19780613,  118,  102,  143,    0,   -1
  260,19780614,  127,  101,  173,    0,   -1
  260,19780615,  152,   69,  208,    0,    0
  260,19780616,  142,  126,  175,   35,   19
  260,19780617,  168,  113,  239,    0,    0
  260,19780618,  146,   71,  211,    0,    0
  260,19780619,  156,   58,  231,    0,    0
  260,19780620,  162,   70,  243,    0,    0
  260,19780621,  149,   75,  211,    8,   22
  260,19780622,  135,  120,  152,   46,  161
  260,19780623,  123,  100,  158,   45,  154
  260,19780624,  119,   90,  161,    9,    9
  260,19780625,  119,   78,  154,   31,   56
  260,19780626,  115,   96,  131,   58,   85
  260,19780627,  112,   85,  141,    0,    0
  260,19780628,  124,   87,  145,   16,   14
  260,19780629,  147,  135,  165,   74,   83
  260,19780630,  142,  102,  178,    8,   25
  260,19780701,  146,   95,  190,    0,   -1
  260,19780702,  144,  132,  158,  151,  170
  260,19780703,  141,  106,  164,  110,   63
  260,19780704,  113,   86,  149,   14,   41
  260,19780705,  123,   92,  174,   33,  155
  260,19780706,  118,  106,  136,   20,   55
  260,19780707,  112,   92,  137,   43,   61
  260,19780708,  130,   93,  162,   59,   63
  260,19780709,  130,  112,  159,    2,    2
  260,19780710,  138,  104,  186,    0,   -1
  260,19780711,  154,  100,  200,    0,   -1
  260,19780712,  157,  106,  214,    0,   -1
  260,19780713,  156,   98,  210,    0,    0
  260,19780714,  135,   81,  178,    0,   -1
  260,19780715,  121,   74,  156,    0,   -1
  260,19780716,  133,   72,  183,    0,   -1
  260,19780717,  141,   88,  194,    0,   -1
  260,19780718,  151,   93,  210,    0,   -1
  260,19780719,  153,  128,  195,    2,    8
  260,19780720,  140,  120,  169,   19,   21
  260,19780721,  124,   63,  169,    0,   -1
  260,19780722,  146,   53,  212,    0,    0
  260,19780723,  177,  118,  233,    0,    0
  260,19780724,  170,  109,  224,    0,   -1
  260,19780725,  162,   88,  222,    0,   -1
  260,19780726,  179,  110,  237,    0,   -1
  260,19780727,  166,  121,  207,    0,    0
  260,19780728,  206,  128,  270,    0,   -1
  260,19780729,  231,  150,  289,    0,    0
  260,19780730,  248,  184,  321,    0,    0
  260,19780731,  227,  145,  305,    0,    0
  260,19780801,  187,  149,  210,    0,   -1
  260,19780802,  174,  128,  223,    6,    9
  260,19780803,  166,  149,  197,    4,   25
  260,19780804,  159,  144,  184,   21,   13
  260,19780805,  155,  108,  195,    6,   18
  260,19780806,  148,  113,  180,   11,   14
  260,19780807,  147,  113,  182,    5,    6
  260,19780808,  142,  100,  182,    7,    5
  260,19780809,  147,  100,  188,   12,   35
  260,19780810,  145,   74,  205,    0,   -1
  260,19780811,  142,   99,  171,    0,    0
  260,19780812,  143,   66,  200,    2,    2
  260,19780813,  154,  121,  202,   14,   20
  260,19780814,  160,  122,  214,    4,    2
  260,19780815,  187,  133,  264,    0,    0
  260,19780816,  160,  129,  201,    5,   27
  260,19780817,  148,   87,  185,    0,   -1
  260,19780818,  148,   72,  210,    0,   -1
  260,19780819,  167,   87,  235,    0,    0
  260,19780820,  185,  122,  268,    0,    0
  260,19780821,  163,  111,  223,    0,    0
  260,19780822,  182,  106,  247,    0,   -1
  260,19780823,  170,  111,  210,    0,   -1
  260,19780824,  149,   90,  205,    0,    0
  260,19780825,  146,   98,  195,    0,    0
  260,19780826,  136,   98,  168,    0,    0
  260,19780827,  133,   88,  170,   13,   22
  260,19780828,  132,   87,  171,    0,    0
  260,19780829,  141,  127,  168,   33,  105
  260,19780830,  121,   88,  170,   32,   75
  260,19780831,  120,   77,  156,   43,   35
  260,19780901,  127,  102,  172,   13,   13
  260,19780902,  126,   95,  153,    5,   10
  260,19780903,  138,  100,  172,    3,   13
  260,19780904,  126,   67,  162,    4,    4
  260,19780905,  118,   65,  173,    0,    0
  260,19780906,  143,   92,  194,    0,   -1
  260,19780907,  149,   94,  203,    3,    5
  260,19780908,  164,  135,  205,    0,    0
  260,19780909,  173,  153,  195,    6,   28
  260,19780910,  185,  161,  213,    0,    0
  260,19780911,  170,  117,  196,   13,   34
  260,19780912,  133,   94,  167,    4,   11
  260,19780913,  154,  109,  186,    0,   -1
  260,19780914,  139,  104,  159,   33,   59
  260,19780915,  138,   95,  179,    0,   -1
  260,19780916,  151,   97,  189,    0,   -1
  260,19780917,  136,   72,  170,    0,   -1
  260,19780918,  127,   69,  169,    0,    0
  260,19780919,  110,   51,  162,    4,    7
  260,19780920,  119,   51,  150,    0,    0
  260,19780921,  154,  119,  181,    0,    0
  260,19780922,  156,  120,  182,   10,    1
  260,19780923,  160,  126,  195,    0,   -1
  260,19780924,  161,  135,  188,    0,    0
  260,19780925,  130,   54,  159,   40,   37
  260,19780926,  106,   52,  164,   18,   27
  260,19780927,  108,   80,  148,   35,   35
  260,19780928,   99,   74,  122,   69,   88
  260,19780929,  124,  102,  159,   69,  112
  260,19780930,   99,   86,  112,   92,  223
  260,19781001,   95,   70,  110,   10,    8
  260,19781002,   71,   46,   87,    0,   -1
  260,19781003,   82,   61,  111,    0,   -1
  260,19781004,   99,   37,  149,    1,    2
  260,19781005,  127,   90,  153,    2,    3
  260,19781006,  138,   89,  160,    0,    0
  260,19781007,  115,   64,  171,    0,    0
  260,19781008,  124,   50,  200,    0,    0
  260,19781009,  140,  103,  176,    0,   -1
  260,19781010,  164,  116,  210,    0,   -1
  260,19781011,  163,  113,  223,    0,    0
  260,19781012,  145,  105,  203,    0,    0
  260,19781013,  120,   63,  199,    0,    0
  260,19781014,   96,   65,  112,    0,    1
  260,19781015,  118,  108,  131,   40,    4
  260,19781016,  111,   81,  137,   29,   67
  260,19781017,   70,   22,  111,   14,   50
  260,19781018,   71,    6,  138,    2,    1
  260,19781019,   94,   36,  134,    0,    0
  260,19781020,  105,   73,  130,   18,   12
  260,19781021,   84,   52,  119,    0,    1
  260,19781022,  108,   71,  131,   79,   35
  260,19781023,   98,   72,  139,    0,   -1
  260,19781024,  119,   79,  151,    0,    0
  260,19781025,  124,   96,  149,   58,   51
  260,19781026,   96,   47,  123,    8,    4
  260,19781027,   90,   32,  114,   10,    6
  260,19781028,  106,   85,  121,    0,    0
  260,19781029,  109,  101,  120,    0,    0
  260,19781030,  104,   93,  115,    0,    0
  260,19781031,   88,   53,  115,    0,    0
  260,19781101,   95,   69,  125,    0,   -1
  260,19781102,   64,   46,   81,   35,   30
  260,19781103,   93,   81,  110,   28,   21
  260,19781104,   93,   70,  119,    0,   -1
  260,19781105,   96,   67,  128,    0,   -1
  260,19781106,   69,   43,   90,    0,   -1
  260,19781107,   56,   28,   95,    0,   -1
  260,19781108,   55,   16,  105,    0,   -1
  260,19781109,   60,   27,   82,    0,   -1
  260,19781110,    7,   -8,   27,    0,   -1
  260,19781111,    1,   -7,   11,    0,   -1
  260,19781112,   36,   -3,   73,    0,   -1
  260,19781113,   82,   54,  110,    8,    8
  260,19781114,   82,   51,  113,    0,    0
  260,19781115,   88,   50,  115,    0,    0
  260,19781116,   85,   54,  109,    1,    2
  260,19781117,   93,   63,  112,   28,    6
  260,19781118,  103,   84,  121,    8,    5
  260,19781119,  110,   93,  135,   21,   16
  260,19781120,   73,   35,  111,   11,    9
  260,19781121,   86,   35,  113,   43,   22
  260,19781122,  121,  111,  132,    0,   -1
  260,19781123,  115,   99,  129,    5,    8
  260,19781124,   91,   69,  105,   18,   12
  260,19781125,   53,    8,   90,   36,   33
  260,19781126,   17,    1,   30,   69,   70
  260,19781127,   11,   -5,   44,   38,   54
  260,19781128,    5,  -15,   45,   16,   13
  260,19781129,  -21,  -46,   17,    0,   -1
  260,19781130,  -25,  -37,  -12,    7,    6
  260,19781201,  -19,  -34,   -1,    0,   -1
  260,19781202,    6,   -8,   18,    0,   -1
  260,19781203,   -2,  -16,   17,    0,    0
  260,19781204,   10,   -1,   22,   41,   34
  260,19781205,  -20,  -46,    2,    0,    0
  260,19781206,  -19,  -49,   13,    0,    0
  260,19781207,  -33,  -54,  -13,    0,    0
  260,19781208,   16,  -27,   72,   31,   40
  260,19781209,   84,   59,  100,    0,   -1
  260,19781210,   86,   57,  106,    1,    1
  260,19781211,   96,   79,  120,    8,    8
  260,19781212,   97,   78,  116,   34,   30
  260,19781213,   72,   41,   93,   43,   61
  260,19781214,   64,   50,   75,  108,  254
  260,19781215,   63,   47,   73,   38,   68
  260,19781216,   24,  -11,   70,   28,   31
  260,19781217,  -21,  -46,    4,    0,   -1
  260,19781218,  -50,  -74,  -40,    0,   -1
  260,19781219,  -48,  -81,   -9,    0,    0
  260,19781220,  -40,  -61,  -28,    0,    1
  260,19781221,  -15,  -29,    0,    0,    0
  260,19781222,  -14,  -38,    4,    0,   -1
  260,19781223,  -13,  -18,   -8,    0,    0
  260,19781224,   14,  -16,   58,   84,   98
  260,19781225,   66,   53,   73,   24,   55
  260,19781226,   75,   50,   94,   44,   66
  260,19781227,   61,   34,   83,   59,   70
  260,19781228,   92,   83,  106,   60,  110
  260,19781229,   88,   20,  110,   52,  124
  260,19781230,  -60, -100,   20,   13,   13
  260,19781231, -116, -132,  -95,   47,   12
  260,19790101, -111, -169,  -50,    0,   -1
  260,19790102, -102, -167,  -47,   46,   34
  260,19790103,  -75, -177,  -25,    0,   -1
  260,19790104,  -76, -129,  -44,    0,    0
  260,19790105, -124, -160,  -75,    0,   -1
  260,19790106, -110, -170,  -77,    0,    0
  260,19790107,  -27,  -80,    0,   90,   43
  260,19790108,    5,    0,   11,  105,   56
  260,19790109,    6,  -12,   23,   33,   38
  260,19790110,    3,  -17,   12,   61,   41
  260,19790111,   12,    4,   23,   35,   27
  260,19790112,   13,    5,   23,   14,   14
  260,19790113,    6,  -13,   25,    8,    8
  260,19790114,  -19,  -70,   16,    0,    0
  260,19790115,  -50,  -84,    9,    0,    0
  260,19790116,  -64,  -94,  -41,    0,   -1
  260,19790117,  -42,  -58,  -20,    0,   -1
  260,19790118,  -30,  -57,   -6,    0,   -1
  260,19790119,  -31,  -49,   -5,    0,    0
  260,19790120,  -23,  -46,   -1,   74,   88
  260,19790121,  -23,  -38,   -6,    0,   -1
  260,19790122,  -50,  -59,  -38,    0,   -1
  260,19790123,  -28,  -53,  -11,  128,   76
  260,19790124,   -4,  -17,   12,   32,    8
  260,19790125,    2,  -13,   11,    0,   -1
  260,19790126,   -3,  -37,   16,   68,   95
  260,19790127,  -28,  -73,   -1,    0,    0
  260,19790128,  -60, -102,  -40,    0,   -1
  260,19790129,   -2,  -52,   24,   26,   25
  260,19790130,   15,    0,   29,   20,   20
  260,19790131,   19,    0,   30,    0,   -1
  260,19790201,   20,   11,   30,   60,   53
  260,19790202,   19,   -9,   37,   76,  140
  260,19790203,   22,   -3,   40,    0,    0
  260,19790204,   12,  -26,   30,    0,   -1
  260,19790205,  -15,  -34,    1,    0,   -1
  260,19790206,  -26,  -51,   13,    0,   -1
  260,19790207,   -1,  -17,   12,   77,   40
  260,19790208,    4,  -38,   46,    0,    0
  260,19790209,  -11,  -43,   20,    0,    0
  260,19790210,   -7,  -32,   16,    0,    0
  260,19790211,    3,  -19,   28,   13,    4
  260,19790212,   13,   -9,   44,   41,   54
  260,19790213,   44,    8,   88,  142,  167
  260,19790214,  -38,  -63,    8,   68,   35
  260,19790215,  -64,  -70,  -58,   10,    3
  260,19790216,  -56,  -69,  -41,    0,   -1
  260,19790217,  -61,  -83,  -46,    7,    5
  260,19790218,  -63,  -83,  -49,   30,    4
  260,19790219,  -27,  -49,   -7,    0,    0
  260,19790220,  -15,  -24,   -6,    0,    0
  260,19790221,  -27,  -33,   -8,    0,    0
  260,19790222,  -10,  -35,   10,   56,   28
  260,19790223,   17,   -3,   37,   27,   34
  260,19790224,   11,  -25,   37,    9,    4
  260,19790225,  -24,  -39,   -1,    0,    0
  260,19790226,  -14,  -23,   -2,    0,    0
  260,19790227,    9,  -16,   40,    0,    0
  260,19790228,   30,  -10,   70,    0,   -1
  260,19790301,   25,  -10,   57,    5,   11
  260,19790302,   53,   24,   82,   52,   41
  260,19790303,   92,   79,  102,   47,   45
  260,19790304,   52,   -9,   99,   90,   85
  260,19790305,   29,  -14,   89,    0,    0
  260,19790306,   31,  -24,   83,    0,   -1
  260,19790307,   46,   13,   91,   16,   40
  260,19790308,   53,   11,   90,    0,   -1
  260,19790309,   54,   13,   82,   83,  136
  260,19790310,   41,   12,   71,    2,    3
  260,19790311,   74,   30,  108,   89,   95
  260,19790312,   68,   40,   93,    0,    0
  260,19790313,   44,   22,   67,   82,   55
  260,19790314,   31,   15,   50,  110,   39
  260,19790315,   19,    6,   44,   76,   83
  260,19790316,   40,   28,   52,   73,   25
  260,19790317,   44,   13,   83,    4,    1
  260,19790318,   24,  -12,   58,    0,   -1
  260,19790319,    2,  -10,   15,    0,    0
  260,19790320,   38,  -10,  108,    6,   18
  260,19790321,   46,   13,  104,   16,   10
  260,19790322,   41,   11,   86,   30,   63
  260,19790323,   25,  -25,   68,    0,    0
  260,19790324,   27,  -40,   70,    0,    0
  260,19790325,  101,   50,  148,   71,   60
  260,19790326,   81,   48,  113,   14,   17
  260,19790327,   71,   49,   91,   41,   64
  260,19790328,   53,   28,   82,   63,   64
  260,19790329,   51,   14,   93,    0,   -1
  260,19790330,   43,   33,   50,   37,   20
  260,19790331,   53,   37,   79,    0,   -1
  260,19790401,   70,   50,   93,   17,   14
  260,19790402,   64,   41,   92,   11,   14
  260,19790403,   25,  -20,   45,   88,  121
  260,19790404,   19,  -26,   55,    0,   -1
  260,19790405,   39,    7,   64,    0,   -1
  260,19790406,   36,   -8,   72,   48,   28
  260,19790407,   50,  -16,  112,    0,    0
  260,19790408,   68,   12,  117,    0,    0
  260,19790409,  103,   48,  153,    0,    0
  260,19790410,  139,   77,  198,    0,    0
  260,19790411,  136,   98,  190,    3,    8
  260,19790412,  113,   71,  165,   25,   38
  260,19790413,  123,   68,  177,    0,    0
  260,19790414,  149,   78,  208,    0,    0
  260,19790415,  152,  100,  212,    0,   -1
  260,19790416,   66,   45,  135,   41,   30
  260,19790417,   53,   41,   65,   30,    6
  260,19790418,   48,   14,   78,    0,    0
  260,19790419,   64,  -27,  124,    0,   -1
  260,19790420,   79,   59,   96,   83,   72
  260,19790421,   86,   39,  130,   29,   33
  260,19790422,   88,   58,  116,   16,   33
  260,19790423,   96,   62,  123,   45,   74
  260,19790424,   77,   48,  111,   27,   27
  260,19790425,   59,   21,   89,   24,   77
  260,19790426,   67,   38,  108,   11,   21
  260,19790427,   60,   23,  105,    2,    3
  260,19790428,   59,   23,   70,   85,   58
  260,19790429,   79,   35,  114,   83,   57
  260,19790430,   67,   36,   91,   61,   84
  260,19790501,   48,   16,   79,   86,  150
  260,19790502,   35,    1,   76,   88,  204
  260,19790503,   46,   10,   92,   17,   44
  260,19790504,   38,  -15,   79,   16,   16
  260,19790505,   45,   16,   72,    9,    5
  260,19790506,   47,   -1,  100,    3,    1
  260,19790507,   77,   -8,  127,    0,    0
  260,19790508,  110,   56,  166,    0,    0
  260,19790509,  101,   42,  173,    0,    0
  260,19790510,   88,   47,  131,    0,   -1
  260,19790511,  102,   70,  121,  128,   97
  260,19790512,  108,   79,  148,    0,    0
  260,19790513,  136,   49,  207,    0,    0
  260,19790514,  171,   86,  241,    0,    0
  260,19790515,  193,  102,  263,    0,    0
  260,19790516,  191,  133,  272,    0,    0
  260,19790517,  118,   90,  150,   13,   33
  260,19790518,  116,   60,  166,    0,   -1
  260,19790519,  115,   43,  164,    0,    0
  260,19790520,  143,   89,  191,    2,    2
  260,19790521,  129,  100,  166,    8,   26
  260,19790522,  133,  100,  171,   28,   59
  260,19790523,  119,   91,  153,   39,   45
  260,19790524,  100,   57,  136,    8,   25
  260,19790525,   93,   64,  140,   11,   18
  260,19790526,  128,   58,  197,   28,   52
  260,19790527,  115,   82,  169,    2,    7
  260,19790528,  146,   75,  189,    0,    0
  260,19790529,  177,  150,  219,   19,   50
  260,19790530,  197,  128,  257,   31,  354
  260,19790531,  187,  139,  252,   58,  143
  260,19790601,  143,  124,  168,   14,   21
  260,19790602,  172,  122,  235,    0,    0
  260,19790603,  222,  166,  299,    5,  174
  260,19790604,  205,  170,  270,    0,   -1
  260,19790605,  161,  117,  189,    0,    0
  260,19790606,  147,  109,  190,    0,   -1
  260,19790607,  129,   91,  173,   36,  100
  260,19790608,  128,   91,  171,    9,   17
  260,19790609,  149,   98,  195,    0,    0
  260,19790610,  139,   81,  182,    6,    5
  260,19790611,  135,  101,  186,   57,   55
  260,19790612,  133,  109,  171,    1,    1
  260,19790613,  129,  114,  169,   89,  105
  260,19790614,  122,   88,  141,  102,  177
  260,19790615,  101,   68,  132,   14,   24
  260,19790616,  124,   61,  179,    0,    0
  260,19790617,  126,   80,  171,    0,   -1
  260,19790618,  148,   84,  201,    0,    0
  260,19790619,  156,   88,  215,    0,    0
  260,19790620,  176,  113,  233,    0,    0
  260,19790621,  198,  120,  267,    4,    6
  260,19790622,  148,  101,  189,    4,    3
  260,19790623,  164,   93,  209,    0,    0
  260,19790624,  148,  110,  179,   35,   52
  260,19790625,  133,  101,  178,   27,   34
  260,19790626,  142,  101,  175,    6,    4
  260,19790627,  159,   99,  200,    0,    0
  260,19790628,  158,   75,  213,    0,    0
  260,19790629,  152,  128,  183,   16,   15
  260,19790630,  130,  100,  162,    5,    6
  260,19790701,  120,   69,  163,    0,   -1
  260,19790702,  134,   85,  184,    0,    0
  260,19790703,  157,   89,  210,    0,    0
  260,19790704,  140,   99,  179,    0,    0
  260,19790705,  156,  118,  214,    0,    0
  260,19790706,  167,  102,  215,    0,    0
  260,19790707,  162,  117,  212,   26,   30
  260,19790708,  162,  135,  192,    0,   -1
  260,19790709,  160,  136,  187,   37,   40
  260,19790710,  157,  101,  200,    0,    0
  260,19790711,  165,  119,  209,    0,    0
  260,19790712,  184,  125,  240,    0,    0
  260,19790713,  161,  116,  225,    3,    3
  260,19790714,  156,   81,  221,    0,    0
  260,19790715,  134,   93,  163,    0,   -1
  260,19790716,  140,   93,  170,   50,   14
  260,19790717,  178,  149,  216,   23,    5
  260,19790718,  164,  129,  191,   84,   74
  260,19790719,  138,  117,  150,    1,    1
  260,19790720,  150,  133,  176,    0,    0
  260,19790721,  137,   99,  176,   22,   92
  260,19790722,  137,   93,  172,    1,    1
  260,19790723,  128,   90,  159,    4,    6
  260,19790724,  159,  111,  199,    1,    1
  260,19790725,  173,  135,  212,    0,   -1
  260,19790726,  184,  137,  235,    0,    0
  260,19790727,  191,  117,  256,    0,    0
  260,19790728,  209,  129,  278,    0,    0
  260,19790729,  185,  171,  211,   24,   60
  260,19790730,  179,  143,  216,    3,    5
  260,19790731,  168,  134,  211,   10,    5
  260,19790801,  161,  132,  195,   27,   56
  260,19790802,  168,  143,  200,    0,   -1
  260,19790803,  160,  122,  201,    2,   10
  260,19790804,  154,  107,  199,    0,   -1
  260,19790805,  162,   92,  222,    0,    0
  260,19790806,  192,  135,  254,    0,    0
  260,19790807,  196,  154,  242,    0,   -1
  260,19790808,  155,  114,  181,   20,   75
  260,19790809,  131,  106,  147,   61,  116
  260,19790810,  149,   99,  187,    0,   -1
  260,19790811,  146,   90,  195,    2,    6
  260,19790812,  146,  108,  168,    9,    6
  260,19790813,  178,  140,  214,    0,   -1
  260,19790814,  205,  163,  266,    0,   -1
  260,19790815,  163,  126,  204,    0,   -1
  260,19790816,  158,  126,  191,    0,   -1
  260,19790817,  147,  122,  189,   11,   50
  260,19790818,  161,   98,  208,    0,    1
  260,19790819,  167,  146,  196,    0,    0
  260,19790820,  158,  127,  197,    0,   -1
  260,19790821,  139,   82,  178,   29,   22
  260,19790822,  132,   76,  186,    1,    1
  260,19790823,  130,   94,  179,   11,   39
  260,19790824,  127,   89,  170,   12,   47
  260,19790825,  127,   84,  177,   15,   37
  260,19790826,  135,   90,  184,   29,   83
  260,19790827,  131,   98,  170,   16,   21
  260,19790828,  131,   79,  175,    0,   -1
  260,19790829,  148,   68,  219,    0,    0
  260,19790830,  180,  106,  248,    0,    0
  260,19790831,  184,  110,  261,    0,    0
  260,19790901,  206,  132,  276,    0,    0
  260,19790902,  179,  126,  214,    3,    6
  260,19790903,  141,  116,  168,   41,  116
  260,19790904,  139,   86,  198,    0,    0
  260,19790905,  149,   75,  208,    0,   -1
  260,19790906,  175,  132,  234,    0,    0
  260,19790907,  173,  118,  230,    0,    0
  260,19790908,  184,  112,  247,    0,   -1
  260,19790909,  179,  148,  221,    0,   -1
  260,19790910,  169,  128,  224,    0,    0
  260,19790911,  163,  129,  212,    0,   -1
  260,19790912,  143,  125,  158,    0,    0
  260,19790913,  130,   47,  172,    0,   -1
  260,19790914,  110,   33,  172,    5,   18
  260,19790915,  103,   39,  155,    1,    4
  260,19790916,  109,   34,  168,    0,    0
  260,19790917,  145,   89,  203,    0,    0
  260,19790918,  157,  122,  170,   36,   34
  260,19790919,  170,  151,  180,   60,   55
  260,19790920,  142,   90,  172,    3,    3
  260,19790921,  109,   59,  161,    0,    0
  260,19790922,   87,   29,  146,    0,    0
  260,19790923,   99,   18,  160,    0,    0
  260,19790924,  113,   43,  159,   11,   31
  260,19790925,  109,   21,  171,    0,    0
  260,19790926,  157,  123,  175,    1,    2
  260,19790927,  131,   46,  170,   14,   15
  260,19790928,   91,   38,  149,    0,   -1
  260,19790929,   96,   27,  158,    0,    0
  260,19790930,  111,   59,  176,    0,    0
  260,19791001,  115,   56,  180,    0,    0
  260,19791002,  122,   77,  181,    0,    0
  260,19791003,  117,   94,  150,    2,   11
  260,19791004,  160,  113,  211,    7,    6
  260,19791005,  139,  124,  154,   30,    6
  260,19791006,  143,  122,  174,    0,    0
  260,19791007,  134,   95,  178,    0,   -1
  260,19791008,  149,   93,  207,    0,    0
  260,19791009,  173,  138,  226,    7,    2
  260,19791010,  181,  132,  241,    0,    0
  260,19791011,  155,  138,  177,   37,   33
  260,19791012,  134,  112,  167,   83,  128
  260,19791013,  141,  118,  167,   36,   12
  260,19791014,  130,   90,  160,   33,   30
  260,19791015,  113,   90,  124,  111,   98
  260,19791016,  111,   68,  143,   27,   30
  260,19791017,  104,   52,  152,    0,   -1
  260,19791018,  109,   53,  145,   23,   27
  260,19791019,  110,   48,  153,    0,    0
  260,19791020,  112,   72,  155,    0,   -1
  260,19791021,   87,   52,  137,    0,    0
  260,19791022,   68,   34,  111,    0,    0
  260,19791023,   64,   18,  115,    0,    0
  260,19791024,   73,   36,  108,    0,   -1
  260,19791025,   85,   52,  125,    0,    0
  260,19791026,   56,   25,   90,    0,    0
  260,19791027,   35,   -1,   80,    0,    0
  260,19791028,   36,  -12,   87,    0,    0
  260,19791029,   51,   22,   80,   44,   12
  260,19791030,   68,   19,  117,    0,   -1
  260,19791031,   96,   80,  117,   43,   90
  260,19791101,   88,   31,  141,    6,   57
  260,19791102,   49,    2,  125,    3,    4
  260,19791103,   58,    0,   88,    5,    4
  260,19791104,  104,   74,  128,   84,  111
  260,19791105,   77,   63,  108,   45,  149
  260,19791106,   77,   25,  114,   23,   66
  260,19791107,   73,    5,  131,   40,   76
  260,19791108,   73,   45,  122,   25,   25
  260,19791109,   61,   38,   90,   15,   43
  260,19791110,   40,   13,   68,   23,   53
  260,19791111,   42,   19,   62,    1,    7
  260,19791112,   53,   -9,   83,   23,   42
  260,19791113,   24,  -13,   83,    0,   -1
  260,19791114,   30,  -11,   70,   12,   10
  260,19791115,   29,    3,   50,    0,    0
  260,19791116,   27,  -10,   39,    0,    0
  260,19791117,   35,   21,   48,    0,    0
  260,19791118,   47,   17,   91,   36,   39
  260,19791119,   60,   30,  101,    5,    5
  260,19791120,   55,   19,   95,    0,    0
  260,19791121,   39,    3,   72,    0,   -1
  260,19791122,   31,   -8,   74,    0,   -1
  260,19791123,   42,   34,   57,    0,   -1
  260,19791124,   40,   20,   76,    5,    7
  260,19791125,   44,   18,   57,    0,   -1
  260,19791126,   80,   51,  129,   10,   11
  260,19791127,   78,   61,  104,   10,    2
  260,19791128,   90,   60,  103,    0,    0
  260,19791129,   63,   35,   96,    0,    0
  260,19791130,   75,   31,  116,   34,   27
  260,19791201,  105,   82,  122,   15,   13
  260,19791202,  105,   92,  120,    0,   -1
  260,19791203,  114,   93,  125,    0,   -1
  260,19791204,   89,   64,  108,    0,    0
  260,19791205,  105,   45,  135,   26,   33
  260,19791206,   59,    0,  110,    0,    1
  260,19791207,  101,   86,  113,   45,   71
  260,19791208,  106,   86,  117,   45,   66
  260,19791209,  100,   89,  121,   75,  102
  260,19791210,   93,   70,  121,   19,   18
  260,19791211,   78,   53,  107,   47,  113
  260,19791212,   24,    0,   53,    0,   -1
  260,19791213,   72,   29,   95,   72,   86
  260,19791214,   70,   58,   99,   85,  126
  260,19791215,   73,   56,   94,   76,  118
  260,19791216,   62,   28,   77,   14,   12
  260,19791217,   79,   52,   95,   29,   13
  260,19791218,   53,   -2,   73,   48,   20
  260,19791219,   14,  -23,   58,    0,   -1
  260,19791220,   16,  -11,   56,   14,   27
  260,19791221,  -15,  -31,   11,    0,   -1
  260,19791222,   -8,  -32,    4,   10,    1
  260,19791223,   15,    2,   39,  160,   26
  260,19791224,   13,   -6,   35,    4,    2
  260,19791225,   26,   -1,   59,   32,    9
  260,19791226,   -4,  -10,    1,    0,   -1
  260,19791227,   19,  -16,   60,   11,   11
  260,19791228,   47,   16,   60,  120,  144
  260,19791229,   23,    4,   39,   54,   81
  260,19791230,   18,    4,   36,   63,  164
  260,19791231,   24,    6,   54,    6,   13
  260,19800101,    9,   -8,   23,   22,   58
  260,19800102,   -4,  -21,   29,    2,    6
  260,19800103,  -23,  -63,    5,   59,   13
  260,19800104,   16,   -4,   38,   96,   91
  260,19800105,   39,   30,   49,   67,   42
  260,19800106,   50,   40,   63,   77,   62
  260,19800107,   32,    8,   47,    3,    3
  260,19800108,   14,   -4,   31,    6,    8
  260,19800109,    1,   -4,   10,    0,   -1
  260,19800110,   -5,  -17,    5,    0,    0
  260,19800111,  -27,  -60,  -14,    0,   -1
  260,19800112,  -55,  -73,  -27,    0,    0
  260,19800113,  -70, -100,  -18,    0,    0
  260,19800114,  -61, -110,  -27,    0,    0
  260,19800115,  -41,  -70,  -18,    0,    0
  260,19800116,  -21,  -41,   -1,    0,    0
  260,19800117,  -35,  -58,   -7,    0,    0
  260,19800118,  -45,  -74,  -20,    0,    0
  260,19800119,  -25,  -73,   31,    0,    0
  260,19800120,   -9,  -41,   16,   16,    3
  260,19800121,   25,   -4,   47,   31,   56
  260,19800122,   43,   20,   53,   26,    9
  260,19800123,   31,   18,   50,   24,   10
  260,19800124,   21,   -1,   34,    2,    3
  260,19800125,   26,    4,   50,    5,   20
  260,19800126,    9,  -17,   42,    3,    7
  260,19800127,   18,   -8,   47,    1,    5
  260,19800128,   -6,  -27,    1,   31,   34
  260,19800129,   12,   -2,   32,    2,    1
  260,19800130,   62,   30,   91,    5,    6
  260,19800131,   70,   29,  107,   85,  239
  260,19800201,   13,   -9,   40,    5,    5
  260,19800202,   35,   -8,   65,   81,  109
  260,19800203,   40,   21,   61,   62,   94
  260,19800204,   16,    3,   43,   42,   53
  260,19800205,   78,   43,   86,   98,  157
  260,19800206,   70,   60,   78,   67,   47
  260,19800207,   63,   33,   89,   16,   12
  260,19800208,   75,   32,  106,    6,    5
  260,19800209,   85,   58,  123,    0,   -1
  260,19800210,   70,   32,   92,    4,    4
  260,19800211,   56,   13,   88,    3,    4
  260,19800212,   45,   10,   72,    0,    2
  260,19800213,   50,    7,   80,    0,    0
  260,19800214,   16,  -21,   52,    0,    2
  260,19800215,   51,   29,   71,   64,   33
  260,19800216,   62,   51,   75,    0,   -1
  260,19800217,   56,   18,   98,    0,    0
  260,19800218,   50,   19,   89,    0,    0
  260,19800219,   27,   -6,   66,    0,    0
  260,19800220,   42,   -3,   89,    0,    0
  260,19800221,   48,   14,  103,    0,    0
  260,19800222,   54,    8,  113,    0,    0
  260,19800223,   45,   31,   57,   44,   18
  260,19800224,   54,   13,  118,    0,    0
  260,19800225,   47,   -8,   89,    0,   -1
  260,19800226,   29,    8,   53,    0,   -1
  260,19800227,   26,    8,   45,    0,    0
  260,19800228,   37,   19,   53,    0,    0
  260,19800229,   61,   42,   82,    0,    0
  260,19800301,   58,   -2,  107,    0,   -1
  260,19800302,   34,   -6,   80,    1,    1
  260,19800303,   20,  -14,   71,    3,    7
  260,19800304,   39,    5,   67,    2,    4
  260,19800305,   33,  -10,   83,    0,    0
  260,19800306,   54,   16,   71,   83,   73
  260,19800307,   66,   47,   85,   58,   91
  260,19800308,   57,    8,   89,   25,   26
  260,19800309,   32,  -12,   62,    0,   -1
  260,19800310,   59,   40,   86,   60,   28
  260,19800311,   56,   26,   76,   14,    4
  260,19800312,   55,   25,   74,  124,  160
  260,19800313,   67,   58,   86,   58,  122
  260,19800314,   44,   20,   65,    3,    5
  260,19800315,   24,   10,   35,    0,    0
  260,19800316,   38,   22,   50,    0,    0
  260,19800317,   52,   39,   76,    0,   -1
  260,19800318,   45,   16,   71,    0,    0
  260,19800319,    4,  -14,   27,    0,   -1
  260,19800320,   -6,  -40,   37,    0,    0
  260,19800321,   -7,  -41,   15,    1,    1
  260,19800322,   13,  -28,   48,    5,    5
  260,19800323,   17,  -37,   77,    0,    0
  260,19800324,   52,  -23,  117,    0,    0
  260,19800325,   72,   10,  146,    8,   13
  260,19800326,   67,   28,  110,    0,   -1
  260,19800327,  105,   59,  144,   48,   77
  260,19800328,  102,   75,  150,   16,   21
  260,19800329,   68,   56,   89,   79,   70
  260,19800330,   65,   19,  106,    0,    0
  260,19800331,   72,    4,  118,   30,   28
  260,19800401,   99,   61,  128,  114,  263
  260,19800402,   70,   46,   95,   32,   50
  260,19800403,   57,   26,   84,    7,   11
  260,19800404,   53,   31,   84,    0,   -1
  260,19800405,   60,    4,  111,    0,   -1
  260,19800406,   70,   40,  113,    0,    0
  260,19800407,   50,   20,   96,    1,    1
  260,19800408,   51,   19,   76,   11,   18
  260,19800409,   54,   27,   80,    5,    4
  260,19800410,   70,   13,  102,    1,    1
  260,19800411,   64,  -10,  121,    0,    0
  260,19800412,   99,   21,  155,    0,    0
  260,19800413,  133,   75,  198,    0,    0
  260,19800414,  143,   71,  219,    0,    0
  260,19800415,  150,   68,  223,    0,    0
  260,19800416,  144,   54,  217,    0,    0
  260,19800417,  111,   69,  180,    0,    0
  260,19800418,   75,   39,   96,   91,   15
  260,19800419,   69,   13,   96,   15,   24
  260,19800420,   53,    9,   91,   31,   59
  260,19800421,   59,   32,   96,   12,   12
  260,19800422,   55,   22,   87,    0,    0
  260,19800423,   60,  -10,  109,    0,   -1
  260,19800424,   73,   46,  118,    3,    1
  260,19800425,   64,   42,   80,   25,   15
  260,19800426,   72,   30,  111,   63,   37
  260,19800427,   80,   16,  148,    5,    8
  260,19800428,   65,   34,   88,    0,   -1
  260,19800429,   71,   48,  101,   20,   17
  260,19800430,  116,   54,  175,    0,    0
  260,19800501,  134,   68,  189,    0,    0
  260,19800502,  107,   68,  150,    0,    0
  260,19800503,   87,   36,  130,    0,    0
  260,19800504,   85,   32,  137,    0,    0
  260,19800505,   78,   23,  123,    0,    0
  260,19800506,  100,   32,  169,    4,    6
  260,19800507,  102,   73,  132,    0,   -1
  260,19800508,   78,   41,  100,    0,   -1
  260,19800509,   84,   33,  129,    0,    0
  260,19800510,  109,    6,  182,    0,    0
  260,19800511,  144,   59,  210,    0,    0
  260,19800512,  168,   84,  232,    0,    0
  260,19800513,  157,   93,  212,    0,    0
  260,19800514,  144,   85,  201,    0,    0
  260,19800515,  127,   55,  187,    0,    0
  260,19800516,  136,   77,  187,    0,    0
  260,19800517,  148,   64,  197,    0,    0
  260,19800518,  166,  109,  232,    0,   -1
  260,19800519,  169,   86,  235,    0,    0
  260,19800520,  158,   82,  240,    0,   -1
  260,19800521,  149,   90,  212,    0,    0
  260,19800522,   99,   57,  145,    0,    0
  260,19800523,  100,   42,  135,    0,   -1
  260,19800524,  109,   95,  133,    2,    3
  260,19800525,  113,   74,  148,    2,    3
  260,19800526,  137,   79,  193,    0,    0
  260,19800527,  149,   88,  201,    0,    0
  260,19800528,  144,   92,  199,   11,   15
  260,19800529,  115,   71,  165,   50,   17
  260,19800530,  110,   46,  152,    0,   -1
  260,19800531,  103,   41,  173,   62,   84
  260,19800601,  128,   87,  184,   20,   12
  260,19800602,  137,   70,  199,    0,    0
  260,19800603,  143,   79,  183,   35,   16
  260,19800604,  163,   86,  227,    0,    0
  260,19800605,  196,  118,  268,    0,    0
  260,19800606,  188,  121,  270,    0,    0
  260,19800607,  151,  103,  201,    8,   10
  260,19800608,  143,   72,  202,    0,    0
  260,19800609,  175,  100,  241,    0,    0
  260,19800610,  173,  147,  203,    5,    3
  260,19800611,  174,  129,  226,    9,   10
  260,19800612,  176,  103,  235,    0,    0
  260,19800613,  215,  155,  277,    0,   -1
  260,19800614,  216,  159,  291,    4,    8
  260,19800615,  166,  123,  221,    5,   47
  260,19800616,  147,  110,  198,   11,   28
  260,19800617,  133,  111,  183,   27,   82
  260,19800618,  145,   97,  186,    3,    4
  260,19800619,  137,   96,  168,   11,   32
  260,19800620,  124,   96,  151,   30,  136
  260,19800621,  133,  105,  174,    9,   29
  260,19800622,  118,   94,  173,   26,  213
  260,19800623,  122,   93,  155,   16,   38
  260,19800624,  124,  103,  162,   26,   41
  260,19800625,  131,   83,  177,   14,   31
  260,19800626,  122,   70,  183,    7,   70
  260,19800627,  124,   91,  165,    7,   11
  260,19800628,  120,   95,  132,   70,   58
  260,19800629,  128,   99,  161,   21,   33
  260,19800630,  145,  118,  181,   24,   12
  260,19800701,  134,  116,  166,   92,  145
  260,19800702,  150,  125,  189,   13,   50
  260,19800703,  144,  117,  174,    0,   -1
  260,19800704,  138,   86,  168,   15,    7
  260,19800705,  147,  114,  182,   19,    6
  260,19800706,  159,  102,  208,   24,  106
  260,19800707,  151,  137,  182,   47,  210
  260,19800708,  147,  137,  170,   25,   38
  260,19800709,  146,  136,  171,   41,  146
  260,19800710,  152,  135,  177,   25,  106
  260,19800711,  137,  126,  160,    3,    2
  260,19800712,  136,  116,  169,   33,   62
  260,19800713,  131,  101,  175,   46,  136
  260,19800714,  144,  103,  184,   80,  178
  260,19800715,  145,  123,  181,    0,    0
  260,19800716,  129,   90,  153,    7,    8
  260,19800717,  134,   79,  173,    1,    1
  260,19800718,  153,  128,  189,   28,   37
  260,19800719,  154,  143,  169,   98,  100
  260,19800720,  145,  123,  166,   70,   85
  260,19800721,  127,   78,  151,   21,   28
  260,19800722,  143,   54,  203,    0,    0
  260,19800723,  174,   99,  235,    0,    0
  260,19800724,  177,  110,  243,    0,    0
  260,19800725,  205,  122,  268,    0,    0
  260,19800726,  226,  172,  292,    3,    2
  260,19800727,  193,  145,  245,    0,    0
  260,19800728,  198,  136,  243,    0,    0
  260,19800729,  221,  170,  269,    0,    0
  260,19800730,  175,  126,  203,   15,   14
  260,19800731,  183,  106,  242,    0,    0
  260,19800801,  201,  145,  253,    4,    2
  260,19800802,  217,  132,  277,    0,    0
  260,19800803,  224,  159,  293,    0,   -1
  260,19800804,  188,  139,  235,   18,   10
  260,19800805,  184,  169,  212,   23,   13
  260,19800806,  183,  163,  217,    0,    0
  260,19800807,  186,  151,  227,    0,   -1
  260,19800808,  165,  101,  219,    3,    2
  260,19800809,  147,   68,  198,    0,   -1
  260,19800810,  166,  110,  215,    0,    0
  260,19800811,  180,  130,  240,   49,   56
  260,19800812,  155,  137,  177,   31,   96
  260,19800813,  162,  133,  196,    2,    1
  260,19800814,  185,  159,  217,   21,   55
  260,19800815,  193,  145,  259,   12,  127
  260,19800816,  186,  170,  223,    0,   -1
  260,19800817,  191,  159,  242,    0,    0
  260,19800818,  185,  161,  222,    0,   -1
  260,19800819,  163,  112,  204,    0,   -1
  260,19800820,  183,  144,  215,    0,   -1
  260,19800821,  165,  135,  195,    8,   35
  260,19800822,  135,  112,  167,   34,   32
  260,19800823,  124,  105,  157,   14,   16
  260,19800824,  114,   79,  157,   26,   18
  260,19800825,  123,   46,  193,    0,    0
  260,19800826,  154,   82,  223,    0,    0
  260,19800827,  167,   83,  248,    0,    0
  260,19800828,  159,  110,  195,    0,   -1
  260,19800829,  176,  153,  211,   51,   33
  260,19800830,  159,  140,  186,   86,  119
  260,19800831,  143,  107,  174,   71,   26
  260,19800901,  141,   89,  201,    0,    0
  260,19800902,  141,   73,  205,    0,   -1
  260,19800903,  154,   90,  225,    0,    0
  260,19800904,  150,  101,  188,    0,   -1
  260,19800905,  156,  121,  193,   25,   41
  260,19800906,  162,  124,  203,    3,    2
  260,19800907,  172,  112,  225,    0,   -1
  260,19800908,  168,  115,  224,   21,   20
  260,19800909,  144,   93,  176,    5,    4
  260,19800910,  142,  111,  168,   25,   27
  260,19800911,  154,  131,  188,   23,   95
  260,19800912,  159,  134,  193,   18,   13
  260,19800913,  144,  124,  173,   36,   56
  260,19800914,  148,  123,  179,   58,  107
  260,19800915,  150,  115,  185,    0,   -1
  260,19800916,  157,  106,  204,    0,   -1
  260,19800917,  157,  132,  191,   20,   16
  260,19800918,  157,  123,  200,    0,    0
  260,19800919,  179,  139,  228,    0,   -1
  260,19800920,  194,  160,  250,    0,    0
  260,19800921,  187,  162,  214,    0,    0
  260,19800922,  170,  128,  208,    2,    4
  260,19800923,  147,   99,  209,    0,    1
  260,19800924,  136,   81,  171,    7,   11
  260,19800925,  108,   60,  164,    0,    1
  260,19800926,  119,   55,  179,    0,   -1
  260,19800927,  130,   94,  176,    2,    2
  260,19800928,  163,  111,  231,    0,    0
  260,19800929,  151,  124,  191,    5,    4
  260,19800930,  142,   73,  181,    6,    4
  260,19801001,  128,   49,  174,   21,   19
  260,19801002,  115,   51,  163,    0,    0
  260,19801003,   95,   29,  160,    0,    0
  260,19801004,   94,   52,  149,    5,    6
  260,19801005,   99,   44,  159,    1,    1
  260,19801006,  127,  104,  152,   45,   74
  260,19801007,  120,   78,  148,   72,  196
  260,19801008,   96,   72,  137,   49,   54
  260,19801009,   85,   47,  130,   10,   25
  260,19801010,   86,   60,  126,    0,   -1
  260,19801011,   83,   61,  103,    0,   -1
  260,19801012,   86,   53,  125,    0,    0
  260,19801013,   63,   13,  142,    0,    0
  260,19801014,   56,    1,  133,    0,    0
  260,19801015,   55,   -2,  127,    0,    0
  260,19801016,  103,   46,  141,   32,   19
  260,19801017,  113,  100,  130,   39,   12
  260,19801018,   88,   54,  122,   18,   27
  260,19801019,   63,   17,  105,   64,   98
  260,19801020,   67,    1,  116,    3,    2
  260,19801021,   97,   76,  130,    0,    0
  260,19801022,  108,   62,  143,   13,    8
  260,19801023,  120,   99,  139,   23,   35
  260,19801024,  104,   84,  133,   13,   22
  260,19801025,   83,   30,  121,   25,   52
  260,19801026,   84,   37,  111,   39,   26
  260,19801027,  146,  102,  177,   25,   16
  260,19801028,  143,  105,  181,   47,  108
  260,19801029,  107,   83,  129,   13,   45
  260,19801030,   69,    9,  123,    4,    4
  260,19801031,   39,   -1,   95,    0,    0
  260,19801101,   22,   -8,   58,    0,    0
  260,19801102,  -13,  -38,   15,    0,    0
  260,19801103,  -36,  -54,   -9,    0,    0
  260,19801104,  -29,  -62,    7,   10,    1
  260,19801105,   -8,  -40,   14,    0,    0
  260,19801106,   -4,  -12,    7,   55,   10
  260,19801107,    1,   -6,    6,  151,   88
  260,19801108,    0,  -12,   22,    0,    0
  260,19801109,    6,  -31,   76,    0,   -1
  260,19801110,   26,  -11,   67,    0,   -1
  260,19801111,   44,   26,   58,   44,   72
  260,19801112,   43,   11,   86,   19,   32
  260,19801113,   52,    1,   78,    5,   12
  260,19801114,   66,   53,   82,   88,   65
  260,19801115,   98,   64,  144,  179,  155
  260,19801116,  122,  103,  137,   16,   13
  260,19801117,  128,  102,  149,   48,   21
  260,19801118,   92,   67,  122,    2,   12
  260,19801119,   78,   39,  108,   54,   36
  260,19801120,  106,   84,  126,    0,    0
  260,19801121,  118,  109,  126,    0,    0
  260,19801122,  122,  104,  132,   48,   73
  260,19801123,  133,  121,  144,    2,    2
  260,19801124,  132,  122,  144,    6,    4
  260,19801125,   88,   65,  122,    2,    2
  260,19801126,   34,  -10,   72,    3,    9
  260,19801127,   27,   -9,   49,   25,   53
  260,19801128,   27,    8,   56,   89,  161
  260,19801129,   14,   -2,   39,    9,    6
  260,19801130,  -10,  -37,    4,    0,    0
  260,19801201,  -24,  -70,   21,    0,    0
  260,19801202,   11,   -7,   35,   22,   38
  260,19801203,   18,   -4,   43,    3,    6
  260,19801204,   11,  -10,   41,   60,   57
  260,19801205,   26,   -7,   73,   58,   91
  260,19801206,    2,  -40,   37,   18,   26
  260,19801207,  -32, -110,   -3,   21,   57
  260,19801208,  -31,  -89,   28,    0,   -1
  260,19801209,   -8,  -31,    8,    0,    0
  260,19801210,   13,  -17,   56,    0,   -1
  260,19801211,   69,   54,   85,   48,   33
  260,19801212,   65,   47,   75,    0,   -1
  260,19801213,   82,   52,  108,   22,   20
  260,19801214,   90,   65,  121,   59,   36
  260,19801215,   64,   44,   87,   14,   60
  260,19801216,   41,   14,   78,   13,   26
  260,19801217,   31,    9,   50,   84,  135
  260,19801218,   39,   16,   60,   55,   90
  260,19801219,   14,    2,   23,    7,    6
  260,19801220,   12,   -3,   28,   56,   75
  260,19801221,   25,    3,   43,   25,   44
  260,19801222,   44,   -5,   80,    3,    3
  260,19801223,   94,   72,  113,   15,   25
  260,19801224,  101,   81,  115,    0,   -1
  260,19801225,   78,   34,   99,   23,   23
  260,19801226,   38,   14,   63,    7,   11
  260,19801227,    8,  -29,   53,    8,   12
  260,19801228,   10,  -36,   41,   17,    6
  260,19801229,   62,   41,   81,   10,    1
  260,19801230,   77,   70,   84,    0,   -1
  260,19801231,   73,   60,   91,    0,   -1
  260,19810101,   42,    7,   80,   26,   57
  260,19810102,   66,   34,   84,  155,  201
  260,19810103,   81,   38,  104,   29,   75
  260,19810104,   36,    3,   63,   27,   37
  260,19810105,   18,    2,   45,   12,    6
  260,19810106,    1,  -24,   23,   42,   49
  260,19810107,   -5,  -31,   29,    0,   -1
  260,19810108,    4,  -40,   27,    9,    7
  260,19810109,   51,   27,   70,  133,  110
  260,19810110,   29,   11,   49,   30,   15
  260,19810111,   -1,  -36,   36,    0,    0
  260,19810112,   -3,  -35,   13,   70,  100
  260,19810113,   -4,  -25,   25,   11,   13
  260,19810114,   33,   -5,   75,  141,  201
  260,19810115,   10,   -9,   43,   49,   78
  260,19810116,    0,  -27,   37,   61,   51
  260,19810117,   41,   23,   57,   32,   11
  260,19810118,   13,   -1,   30,    0,   -1
  260,19810119,   37,   -1,   63,   48,   54
  260,19810120,    6,  -11,   28,    9,   12
  260,19810121,    1,  -16,   16,    1,    1
  260,19810122,   28,   13,   38,   44,    8
  260,19810123,   51,   38,   60,   10,    1
  260,19810124,   47,   17,   65,   13,   18
  260,19810125,   37,   11,   65,    0,    0
  260,19810126,   20,  -24,   70,   26,   25
  260,19810127,   61,   33,   74,   20,   11
  260,19810128,   52,   40,   61,    0,   -1
  260,19810129,   44,   32,   53,    0,   -1
  260,19810130,   29,   -6,   48,    0,   -1
  260,19810131,   24,    3,   83,    0,    1
  260,19810201,   21,  -15,   56,    0,   -1
  260,19810202,   46,   -4,   80,    0,   -1
  260,19810203,   69,   48,   93,   81,  159
  260,19810204,   37,    9,   54,   33,   17
  260,19810205,   26,   -7,   44,   31,   16
  260,19810206,   71,   38,   94,   19,   16
  260,19810207,   90,   76,  107,    0,   -1
  260,19810208,   86,   73,   96,    7,    6
  260,19810209,   73,   53,   83,    0,   -1
  260,19810210,   30,    4,   56,  102,   56
  260,19810211,    6,  -24,   42,   11,    6
  260,19810212,    2,  -42,   31,   10,    1
  260,19810213,  -10,  -41,   22,    0,    0
  260,19810214,  -27,  -65,   23,    0,    0
  260,19810215,  -14,  -40,   36,    0,    0
  260,19810216,   -8,  -61,   33,    0,    0
  260,19810217,   18,    4,   35,    0,   -1
  260,19810218,    5,  -17,   20,    0,   -1
  260,19810219,   -2,  -15,    8,    0,   -1
  260,19810220,  -16,  -47,   -2,   50,   12
  260,19810221,  -41,  -69,   -3,    0,    0
  260,19810222,  -30,  -68,   14,    0,    0
  260,19810223,  -27,  -64,   15,    0,    0
  260,19810224,  -16,  -42,    1,   31,    8
  260,19810225,    1,  -19,   30,    0,    3
  260,19810226,    3,  -23,   39,    0,   -1
  260,19810227,   24,  -29,   74,    0,    0
  260,19810228,   14,    0,   36,   77,   86
  260,19810301,   50,   18,   86,   10,    1
  260,19810302,   62,   48,   85,   21,    5
  260,19810303,   30,    2,   54,   25,   16
  260,19810304,    5,   -7,   19,    0,   -1
  260,19810305,   19,   -1,   54,   11,    9
  260,19810306,   52,   19,   83,    9,    8
  260,19810307,  109,   78,  133,   69,   49
  260,19810308,  114,   92,  140,   55,   53
  260,19810309,   98,   84,  109,  213,  261
  260,19810310,  111,   79,  147,  136,  151
  260,19810311,  120,   98,  143,  127,  263
  260,19810312,   95,   83,  112,   51,   79
  260,19810313,   87,   69,  118,   25,   89
  260,19810314,   71,   63,   87,  115,   87
  260,19810315,   55,   36,   75,   64,   33
  260,19810316,   43,    1,   80,   40,   34
  260,19810317,   23,  -17,   64,    4,    3
  260,19810318,   30,  -13,   67,   32,    8
  260,19810319,   79,   62,   95,    0,   -1
  260,19810320,   87,   61,  121,    0,    0
  260,19810321,  116,   68,  157,    2,    2
  260,19810322,   89,   20,  142,   20,   19
  260,19810323,   71,    4,  124,   39,   60
  260,19810324,  109,   92,  128,   55,   25
  260,19810325,  134,  113,  166,   57,   59
  260,19810326,   98,   46,  151,   16,   15
  260,19810327,   99,   19,  155,    0,    0
  260,19810328,  121,   89,  161,    0,    0
  260,19810329,  126,   95,  176,   31,    7
  260,19810330,  113,   75,  151,   14,    7
  260,19810331,  107,   69,  140,    0,    1
  260,19810401,   96,   78,  112,    0,   -1
  260,19810402,   82,   72,   98,    1,    1
  260,19810403,   87,   75,  105,    0,   -1
  260,19810404,   64,   55,   75,    1,    1
  260,19810405,   63,   43,   95,    0,   -1
  260,19810406,   72,   26,  113,    0,    0
  260,19810407,   95,   36,  149,    0,   -1
  260,19810408,  103,   59,  158,    0,    0
  260,19810409,  120,   41,  191,    0,    0
  260,19810410,  142,   50,  206,    0,    0
  260,19810411,  148,   92,  209,    0,    0
  260,19810412,  128,   82,  161,    3,    3
  260,19810413,   98,   42,  148,    0,    0
  260,19810414,  104,   31,  183,    0,    0
  260,19810415,  100,   41,  172,    0,    0
  260,19810416,   94,   47,  169,    0,    0
  260,19810417,   58,   13,  104,    0,    0
  260,19810418,   55,    1,  104,    0,   -1
  260,19810419,   60,   39,   88,   17,   23
  260,19810420,   59,   13,  112,    0,   -1
  260,19810421,   52,    4,   82,    0,   -1
  260,19810422,   50,   20,   88,    5,    3
  260,19810423,   26,  -33,   76,    1,    2
  260,19810424,   45,  -44,   93,    0,    0
  260,19810425,   94,   45,  135,    1,    1
  260,19810426,   79,   53,  109,    5,    3
  260,19810427,   76,   35,  132,    0,   -1
  260,19810428,   53,    4,   81,  118,   43
  260,19810429,   96,   66,  126,   26,    6
  260,19810430,   95,   76,  103,  164,   75
  260,19810501,   63,   22,  104,    1,    1
  260,19810502,   54,    8,  104,    0,   -1
  260,19810503,   51,  -20,  103,   17,   23
  260,19810504,   69,   42,  108,   62,   85
  260,19810505,   61,    6,   94,   34,   91
  260,19810506,   95,   10,  153,   20,    7
  260,19810507,  148,   50,  204,    0,    0
  260,19810508,  144,  103,  170,   20,   54
  260,19810509,  173,  110,  231,    7,   42
  260,19810510,  206,  132,  271,    0,    0
  260,19810511,  197,  145,  254,    0,    0
  260,19810512,  167,  130,  215,    2,   19
  260,19810513,  157,  110,  197,    3,    4
  260,19810514,  130,  112,  159,   14,    6
  260,19810515,  142,  106,  188,    0,   -1
  260,19810516,  123,   78,  179,   10,   25
  260,19810517,  110,   60,  159,   20,   51
  260,19810518,  130,   49,  181,    0,   -1
  260,19810519,  164,  116,  227,    2,    3
  260,19810520,  201,  131,  272,    0,    0
  260,19810521,  192,  133,  256,   30,   98
  260,19810522,  133,   91,  175,   45,  177
  260,19810523,  129,   83,  173,   52,   46
  260,19810524,  111,   83,  141,   30,   77
  260,19810525,  102,   72,  146,   15,   43
  260,19810526,  116,   71,  160,    3,    4
  260,19810527,  127,   57,  186,   17,   11
  260,19810528,  120,   89,  170,   31,   25
  260,19810529,  138,   63,  188,    0,   -1
  260,19810530,  166,  128,  209,    0,   -1
  260,19810531,  193,  142,  266,   32,   64
  260,19810601,  194,  135,  249,    0,    1
  260,19810602,  188,  143,  260,    1,    2
  260,19810603,  168,  136,  209,    3,    4
  260,19810604,  155,  116,  186,    0,   -1
  260,19810605,  145,  114,  184,   60,   67
  260,19810606,  148,  108,  191,    2,    3
  260,19810607,  151,  112,  182,    1,    2
  260,19810608,  172,  142,  210,   16,   32
  260,19810609,  157,  128,  182,    0,   -1
  260,19810610,  138,  106,  174,    0,    0
  260,19810611,  141,  106,  174,   59,   66
  260,19810612,  128,   62,  159,    0,   -1
  260,19810613,  137,   42,  201,    0,    0
  260,19810614,  178,  132,  209,    0,   -1
  260,19810615,  175,  136,  217,    1,    1
  260,19810616,  135,  102,  162,    3,   10
  260,19810617,  112,   91,  152,   34,   48
  260,19810618,  109,   92,  130,    0,   -1
  260,19810619,  125,   90,  161,    0,   -1
  260,19810620,  117,   92,  148,    8,    2
  260,19810621,  113,   72,  140,    2,    1
  260,19810622,  140,   87,  188,    0,    0
  260,19810623,  156,   88,  209,    0,    0
  260,19810624,  162,   92,  223,    0,    0
  260,19810625,  146,  120,  173,    0,   -1
  260,19810626,  120,  110,  130,   99,  101
  260,19810627,  132,  108,  161,    4,    2
  260,19810628,  120,  115,  127,  192,  171
  260,19810629,  113,   90,  126,  101,   84
  260,19810630,  131,   86,  151,   16,   13
  260,19810701,  150,  124,  180,    0,    0
  260,19810702,  150,  121,  184,   56,  168
  260,19810703,  149,  120,  180,   21,    9
  260,19810704,  156,  122,  199,    3,    8
  260,19810705,  174,  122,  221,    0,   -1
  260,19810706,  174,  131,  220,    0,    0
  260,19810707,  174,  129,  226,    0,    0
  260,19810708,  221,  138,  280,    0,    0
  260,19810709,  222,  178,  289,   21,   45
  260,19810710,  194,  169,  233,   11,   70
  260,19810711,  182,  152,  222,    0,   -1
  260,19810712,  159,  115,  196,    0,    0
  260,19810713,  160,  113,  218,    4,    8
  260,19810714,  156,  112,  196,    0,   -1
  260,19810715,  163,  132,  206,    0,   -1
  260,19810716,  152,  123,  190,   40,  187
  260,19810717,  142,   93,  177,    1,    1
  260,19810718,  138,   94,  175,    2,    2
  260,19810719,  157,  120,  199,    0,   -1
  260,19810720,  165,  144,  189,    8,   17
  260,19810721,  161,  121,  185,   27,   29
  260,19810722,  166,  123,  206,    0,   -1
  260,19810723,  151,  109,  198,   22,   81
  260,19810724,  129,  101,  150,   80,  164
  260,19810725,  137,  119,  170,   66,  243
  260,19810726,  147,   80,  180,    3,    1
  260,19810727,  161,  116,  209,    0,    0
  260,19810728,  177,  120,  234,    0,    0
  260,19810729,  180,  125,  239,    0,    0
  260,19810730,  145,   94,  192,    0,    0
  260,19810731,  168,   80,  220,   11,   61
  260,19810801,  160,  133,  182,    7,   20
  260,19810802,  153,  110,  196,    0,    0
  260,19810803,  163,   88,  230,    0,   -1
  260,19810804,  196,  109,  280,    0,    1
  260,19810805,  226,  156,  289,    0,    0
  260,19810806,  233,  176,  292,    0,    0
  260,19810807,  212,  178,  269,    0,    0
  260,19810808,  178,  159,  197,    0,   -1
  260,19810809,  171,  152,  204,    0,   -1
  260,19810810,  159,  148,  179,   49,   14
  260,19810811,  160,  142,  180,   22,   12
  260,19810812,  169,  112,  234,    0,    0
  260,19810813,  178,  107,  238,    0,    0
  260,19810814,  195,  138,  265,    0,    0
  260,19810815,  205,  153,  270,    0,    0
  260,19810816,  156,  108,  203,    0,    0
  260,19810817,  137,   78,  192,    0,   -1
  260,19810818,  169,   78,  228,    0,   -1
  260,19810819,  161,  142,  198,   22,   49
  260,19810820,  144,  116,  181,   59,   99
  260,19810821,  144,  116,  176,    9,   13
  260,19810822,  142,  110,  168,   17,   27
  260,19810823,  141,  100,  189,    2,    2
  260,19810824,  137,   82,  174,    0,   -1
  260,19810825,  156,   66,  219,    0,    0
  260,19810826,  167,  111,  208,    0,   -1
  260,19810827,  157,  100,  213,    0,    0
  260,19810828,  163,  144,  194,    0,    0
  260,19810829,  150,  111,  191,    0,   -1
  260,19810830,  155,  108,  209,    0,    0
  260,19810831,  142,   91,  202,    0,   -1
  260,19810901,  154,  121,  191,    0,   -1
  260,19810902,  152,   84,  216,    0,    0
  260,19810903,  148,   92,  206,    0,    0
  260,19810904,  149,   64,  226,    0,    0
  260,19810905,  148,   63,  238,    0,   -1
  260,19810906,  147,   51,  241,    0,   -1
  260,19810907,  173,   85,  248,    0,    0
  260,19810908,  181,  141,  233,   12,   33
  260,19810909,  160,  112,  193,    0,   -1
  260,19810910,  177,  103,  242,    0,   -1
  260,19810911,  158,  112,  200,   14,   31
  260,19810912,  155,  113,  211,   13,   49
  260,19810913,  138,  110,  178,   24,   35
  260,19810914,  136,   93,  176,    4,   14
  260,19810915,  142,  110,  166,   36,   62
  260,19810916,  162,  110,  202,   11,   75
  260,19810917,  145,   97,  179,    0,   -1
  260,19810918,  148,  122,  185,   35,   36
  260,19810919,  142,  111,  190,   34,   49
  260,19810920,  151,  132,  171,  126,   93
  260,19810921,  147,  117,  191,   10,   11
  260,19810922,  150,  111,  194,    3,    1
  260,19810923,  135,   91,  171,   10,   19
  260,19810924,  141,   90,  183,    0,   -1
  260,19810925,  136,  106,  163,    0,   -1
  260,19810926,  146,  106,  193,   24,    5
  260,19810927,  131,   86,  179,    2,    8
  260,19810928,  112,   60,  183,    0,   -1
  260,19810929,  110,   48,  181,    0,    0
  260,19810930,  132,   83,  172,    0,    0
  260,19811001,  141,   93,  195,    0,    0
  260,19811002,  138,  110,  170,   21,   56
  260,19811003,  103,   80,  131,   15,   27
  260,19811004,   97,   61,  121,   68,  184
  260,19811005,  122,   89,  169,    4,    2
  260,19811006,  132,   97,  161,   27,  213
  260,19811007,  118,   92,  146,    5,    4
  260,19811008,  124,   89,  147,   30,    8
  260,19811009,  125,  101,  167,   32,   61
  260,19811010,   94,   69,  126,   78,   61
  260,19811011,   91,   58,  121,   52,  117
  260,19811012,   66,   36,   91,   78,  189
  260,19811013,   72,   34,  109,   72,  147
  260,19811014,   61,   14,  114,    1,    2
  260,19811015,   48,    1,   88,    0,   -1
  260,19811016,   48,   -4,  103,    0,   -1
  260,19811017,   63,   23,   97,   87,   79
  260,19811018,   68,   36,   75,    5,   13
  260,19811019,   79,    6,  119,   65,   39
  260,19811020,   98,   42,  132,  144,  186
  260,19811021,   56,   21,   92,   11,   29
  260,19811022,   66,   38,   86,   70,  227
  260,19811023,   47,   -3,  111,    0,    0
  260,19811024,   57,   -5,   85,    4,    7
  260,19811025,   59,   19,   92,   39,   55
  260,19811026,   41,    9,   79,    0,    1
  260,19811027,   57,   35,   78,    3,    4
  260,19811028,   79,   37,  108,   25,   34
  260,19811029,   92,   71,  115,   48,   83
  260,19811030,   87,   66,  115,   26,   35
  260,19811031,  112,   63,  142,   20,   22
  260,19811101,  114,   71,  135,    6,    7
  260,19811102,  124,  100,  142,    0,   -1
  260,19811103,  124,  115,  133,    0,   -1
  260,19811104,   95,   41,  125,   38,   26
  260,19811105,   67,   19,  117,    2,    1
  260,19811106,   62,   22,  109,    0,   -1
  260,19811107,   40,  -27,   92,    0,   -1
  260,19811108,   17,  -37,   61,    0,    0
  260,19811109,   25,  -23,   64,    0,   -1
  260,19811110,   17,  -31,   50,   51,   24
  260,19811111,   51,   35,   76,   72,   37
  260,19811112,   90,   57,  109,    0,   -1
  260,19811113,   72,   44,   97,   14,   33
  260,19811114,   52,    0,  100,    4,    4
  260,19811115,   20,  -14,   66,    0,    0
  260,19811116,   12,  -10,   38,    0,   -1
  260,19811117,   41,   12,   75,   37,   54
  260,19811118,   94,   66,  116,   73,   86
  260,19811119,   64,   26,  109,   30,   15
  260,19811120,  128,   44,  153,   18,   17
  260,19811121,   95,   61,  127,   24,   15
  260,19811122,  119,  108,  127,    0,   -1
  260,19811123,  102,   55,  137,   11,   28
  260,19811124,   56,   20,   71,   10,   22
  260,19811125,   37,   21,   62,   32,   56
  260,19811126,   80,   56,  105,    7,    4
  260,19811127,   83,   61,  106,   57,   65
  260,19811128,   44,   17,   77,   33,   54
  260,19811129,   56,   32,   82,   25,   45
  260,19811130,   38,    9,   87,   89,  128
  260,19811201,   44,    9,   69,    7,    6
  260,19811202,   44,   11,   79,    9,    4
  260,19811203,   39,   -5,   91,   11,    6
  260,19811204,   63,   14,   90,  104,  190
  260,19811205,   28,   10,   46,   15,   25
  260,19811206,   33,   21,   52,   59,   87
  260,19811207,   22,   -7,   45,   33,   51
  260,19811208,   10,   -4,   21,   56,   49
  260,19811209,    6,  -12,   26,   48,   96
  260,19811210,  -14,  -44,   16,   14,   16
  260,19811211,  -10,  -42,    0,   46,   35
  260,19811212,  -40,  -73,    6,    6,   13
  260,19811213,  -31,  -47,  -15,    0,    0
  260,19811214,   -3,  -31,   25,  101,   93
  260,19811215,  -42,  -71,  -14,    0,    0
  260,19811216,  -81, -107,  -53,    0,    0
  260,19811217,  -99, -116,  -79,    0,   -1
  260,19811218,  -95, -123,  -67,    0,   -1
  260,19811219,  -28,  -68,    5,    2,    2
  260,19811220,  -36,  -64,  -13,    0,    0
  260,19811221,  -49,  -69,  -24,   43,   30
  260,19811222,  -59,  -71,  -49,   16,   23
  260,19811223,  -25,  -51,    5,    0,    1
  260,19811224,   -1,  -33,    7,    0,    0
  260,19811225,    4,  -40,   34,    6,    8
  260,19811226,  -25,  -50,   -5,    0,    0
  260,19811227,  -22,  -36,   -6,    0,    0
  260,19811228,    6,  -13,   20,    0,   -1
  260,19811229,   35,   15,   55,   55,   57
  260,19811230,   57,   38,   71,   30,   25
  260,19811231,   51,    1,   80,   38,   56
  260,19820101,   53,   12,   72,   31,   16
  260,19820102,   63,   48,  108,   82,   35
  260,19820103,   97,   71,  115,   15,   21
  260,19820104,   93,   80,  110,   37,   45
  260,19820105,   80,   -6,  101,   84,  107
  260,19820106,  -30,  -78,   -4,    4,    2
  260,19820107,  -55, -102,  -19,    0,    0
  260,19820108,  -55,  -62,  -39,    0,    0
  260,19820109,  -73, -118,  -56,    0,   -1
  260,19820110,  -91, -136,  -38,    0,    0
  260,19820111,  -55, -102,  -10,    0,    0
  260,19820112,  -44,  -88,   25,    0,    0
  260,19820113,  -55, -105,   -1,    0,    0
  260,19820114,  -46,  -90,    6,    0,    0
  260,19820115,  -27,  -88,   31,    0,    0
  260,19820116,   21,   -9,   63,    0,    0
  260,19820117,   20,  -18,   73,    0,    0
  260,19820118,    8,  -37,   61,    0,    0
  260,19820119,   18,  -12,   54,    0,   -1
  260,19820120,   25,    2,   70,    5,    1
  260,19820121,   19,    0,   39,   13,    5
  260,19820122,   17,  -10,   40,   19,   16
  260,19820123,   17,  -21,   32,    0,    0
  260,19820124,    5,  -30,   26,    0,    0
  260,19820125,   22,   17,   31,  102,   38
  260,19820126,   53,   30,   66,   82,   64
  260,19820127,   25,   -1,   44,   44,   28
  260,19820128,   32,   -2,   67,    0,   -1
  260,19820129,   71,   53,   97,   88,   37
  260,19820130,   89,   73,  101,   30,   30
  260,19820131,   38,  -25,   78,   27,    8
  260,19820201,    7,  -29,   54,    0,    0
  260,19820202,   14,  -21,   50,    0,    0
  260,19820203,    7,  -13,   32,    0,    0
  260,19820204,   22,   -9,   63,    0,    0
  260,19820205,   46,    8,   90,    0,    0
  260,19820206,   72,   57,   86,   50,   34
  260,19820207,   60,   49,   69,  113,   44
  260,19820208,   51,   22,   80,   39,    8
  260,19820209,   67,   40,   97,    0,    0
  260,19820210,   57,   21,  100,    0,    0
  260,19820211,   74,   21,  123,   14,   14
  260,19820212,   56,   -6,   96,   14,    7
  260,19820213,   80,   44,  122,   30,   16
  260,19820214,   53,    0,   89,   23,    8
  260,19820215,   25,    1,   43,    0,   -1
  260,19820216,   14,    8,   20,    0,   -1
  260,19820217,    8,   -2,   17,    0,   -1
  260,19820218,   18,  -12,   59,    0,    0
  260,19820219,  -17,  -31,    6,    0,    0
  260,19820220,   -6,  -46,   44,    0,    0
  260,19820221,    2,  -37,   52,    0,    0
  260,19820222,   15,  -36,   70,    0,    0
  260,19820223,  -10,  -57,   42,    0,    0
  260,19820224,  -22,  -28,  -11,    0,    0
  260,19820225,  -19,  -51,   25,    0,    0
  260,19820226,   -6,  -72,   46,    0,    0
  260,19820227,   28,   -6,   49,    0,   -1
  260,19820228,   75,   37,  102,   38,   17
  260,19820301,   92,   52,  133,   35,   49
  260,19820302,   66,   32,   94,   10,    1
  260,19820303,   77,   60,   92,  115,  171
  260,19820304,   49,    6,   69,   43,   31
  260,19820305,   33,  -23,   81,    1,    1
  260,19820306,   14,  -40,   77,    0,    0
  260,19820307,   17,  -20,   64,    0,    0
  260,19820308,   16,  -36,   85,    0,    0
  260,19820309,   22,  -31,   84,    0,   -1
  260,19820310,   56,   19,   92,  125,  149
  260,19820311,   47,   21,   71,    3,    1
  260,19820312,   49,   21,   87,   49,   50
  260,19820313,   39,   12,   78,   18,   24
  260,19820314,   60,   14,   91,    0,    0
  260,19820315,   91,   59,  129,    0,    0
  260,19820316,   60,   33,  104,   39,   66
  260,19820317,   51,   22,   96,   15,   40
  260,19820318,   40,    8,   95,    4,    9
  260,19820319,   46,   -2,   99,    7,    7
  260,19820320,   54,   29,   92,   18,    2
  260,19820321,   41,   10,   68,    0,    0
  260,19820322,   50,   19,   80,    0,   -1
  260,19820323,   59,   30,   93,    0,    0
  260,19820324,   42,   10,  100,    0,    0
  260,19820325,   42,   -9,  119,    0,    0
  260,19820326,   76,  -20,  169,    0,    0
  260,19820327,   94,   10,  185,    0,    0
  260,19820328,   72,   30,  113,    0,    0
  260,19820329,   47,   23,   69,   44,   32
  260,19820330,   50,   29,   70,    0,   -1
  260,19820331,   61,   18,  108,    0,    0
  260,19820401,   86,   17,  155,    0,    0
  260,19820402,   98,   32,  179,   21,    7
  260,19820403,   86,   45,  134,    0,    0
  260,19820404,  104,   24,  164,    0,    0
  260,19820405,  122,   53,  191,    0,    0
  260,19820406,  115,   90,  170,   22,   13
  260,19820407,  112,   92,  147,   94,   62
  260,19820408,   58,   17,  100,   52,   31
  260,19820409,   37,    4,   71,   10,   17
  260,19820410,   49,   11,   84,   10,   16
  260,19820411,   40,    0,   76,   14,   22
  260,19820412,   35,    1,   75,    7,   20
  260,19820413,   44,   -3,   95,    3,    4
  260,19820414,   46,  -22,  105,    0,    0
  260,19820415,   75,  -15,  146,    0,    0
  260,19820416,   92,   20,  152,    0,    0
  260,19820417,   70,   36,  108,    0,    0
  260,19820418,   81,   47,  128,    0,    0
  260,19820419,   75,    4,  139,    0,    0
  260,19820420,   76,   25,  133,    0,    0
  260,19820421,   76,   29,  125,    0,    0
  260,19820422,   85,   13,  155,    0,    0
  260,19820423,   71,   14,  139,    4,    4
  260,19820424,   74,   39,  119,    2,    4
  260,19820425,   84,   22,  140,    0,    0
  260,19820426,   88,   49,  121,    8,    2
  260,19820427,   83,   53,  107,    7,    1
  260,19820428,   92,   45,  131,    0,   -1
  260,19820429,   67,   14,  106,   10,   13
  260,19820430,   64,   11,   95,   79,   41
  260,19820501,   77,   37,  101,   53,   57
  260,19820502,   76,   35,  116,    5,    2
  260,19820503,   92,   65,  135,   19,    8
  260,19820504,   86,   39,  126,    5,    1
  260,19820505,   71,   35,  111,   14,    3
  260,19820506,   68,   50,   91,   79,   46
  260,19820507,   70,   42,  106,   11,   13
  260,19820508,   74,   21,  113,    0,   -1
  260,19820509,   79,  -10,  144,    0,    0
  260,19820510,  103,   22,  160,    0,    0
  260,19820511,  112,   40,  172,    0,    0
  260,19820512,  123,   49,  188,    0,    0
  260,19820513,  125,   38,  196,    0,    0
  260,19820514,  143,   45,  228,    0,    0
  260,19820515,  173,   67,  256,    0,    0
  260,19820516,  183,  105,  243,    6,    1
  260,19820517,  177,  107,  236,    0,    0
  260,19820518,  142,   97,  194,    0,   -1
  260,19820519,  142,   73,  193,    3,    5
  260,19820520,  145,  122,  179,   85,   75
  260,19820521,  153,  118,  202,    6,   18
  260,19820522,  145,  125,  181,   23,   20
  260,19820523,  123,   97,  155,   25,   10
  260,19820524,  134,   89,  169,    0,   -1
  260,19820525,  150,   95,  200,    0,    0
  260,19820526,  191,  100,  263,    0,    0
  260,19820527,  172,  120,  249,    4,   44
  260,19820528,  135,   82,  180,    0,    0
  260,19820529,  146,   53,  205,    0,    0
  260,19820530,  174,  102,  238,    0,    0
  260,19820531,  200,  121,  272,    0,    0
  260,19820601,  209,  117,  292,    0,   -1
  260,19820602,  224,  160,  290,   25,   54
  260,19820603,  230,  176,  295,    0,    0
  260,19820604,  213,  156,  268,    0,   -1
  260,19820605,  225,  142,  296,    0,    0
  260,19820606,  209,  160,  274,    0,   -1
  260,19820607,  209,  150,  258,    5,   17
  260,19820608,  193,  138,  243,    0,    0
  260,19820609,  160,  115,  202,    0,    0
  260,19820610,  163,   75,  218,    0,    0
  260,19820611,  160,  126,  191,    7,    6
  260,19820612,  139,  108,  180,    3,    4
  260,19820613,  124,  101,  163,   49,   34
  260,19820614,  119,   81,  155,    3,    3
  260,19820615,  124,   77,  158,    0,   -1
  260,19820616,  116,   78,  154,   59,   72
  260,19820617,  126,   48,  172,    0,    0
  260,19820618,  139,   90,  193,   24,   51
  260,19820619,  144,  130,  176,   82,  321
  260,19820620,  148,  101,  195,    0,    0
  260,19820621,  146,   90,  191,    0,   -1
  260,19820622,  172,  138,  213,   31,   99
  260,19820623,  165,  138,  213,   22,   91
  260,19820624,  153,  125,  194,   51,   42
  260,19820625,  179,  113,  228,    0,   -1
  260,19820626,  171,  130,  220,    8,   33
  260,19820627,  161,  129,  194,    7,    3
  260,19820628,  153,  122,  183,    4,    6
  260,19820629,  157,  123,  190,   12,   38
  260,19820630,  156,  108,  196,    0,   -1
  260,19820701,  148,  112,  180,   23,    4
  260,19820702,  210,  138,  267,    0,   -1
  260,19820703,  166,  131,  220,    2,    5
  260,19820704,  156,  120,  185,    0,   -1
  260,19820705,  164,  138,  195,    0,   -1
  260,19820706,  158,  110,  190,    0,    1
  260,19820707,  171,  101,  232,    0,    0
  260,19820708,  207,  121,  269,    0,    0
  260,19820709,  246,  160,  317,    0,    0
  260,19820710,  197,  162,  226,    0,    0
  260,19820711,  211,  154,  269,    0,    0
  260,19820712,  223,  170,  292,    0,    0
  260,19820713,  233,  155,  298,    0,    0
  260,19820714,  244,  173,  321,    2,    1
  260,19820715,  205,  165,  283,   18,  203
  260,19820716,  172,  109,  217,    0,   -1
  260,19820717,  166,   93,  222,    0,    0
  260,19820718,  180,   99,  232,    0,    0
  260,19820719,  179,  133,  230,    0,    0
  260,19820720,  189,  125,  251,    0,    0
  260,19820721,  173,  131,  215,    0,    0
  260,19820722,  170,  112,  214,    0,    0
  260,19820723,  176,  152,  205,    0,    0
  260,19820724,  173,  151,  209,    0,    0
  260,19820725,  166,  140,  196,    0,    0
  260,19820726,  161,  120,  206,    0,   -1
  260,19820727,  155,  127,  200,   23,   14
  260,19820728,  187,  146,  240,    0,    0
  260,19820729,  213,  143,  280,    0,    0
  260,19820730,  235,  149,  303,    0,    0
  260,19820731,  230,  183,  298,    3,   16
  260,19820801,  213,  178,  256,    0,   -1
  260,19820802,  247,  167,  319,    0,    0
  260,19820803,  248,  177,  314,    0,    0
  260,19820804,  230,  157,  308,    0,    0
  260,19820805,  186,  153,  208,   38,   32
  260,19820806,  199,  148,  258,    0,   -1
  260,19820807,  197,  169,  237,    0,    0
  260,19820808,  186,  146,  225,   10,    2
  260,19820809,  179,  126,  228,   10,   12
  260,19820810,  171,  108,  223,    9,   14
  260,19820811,  179,  100,  248,    0,    0
  260,19820812,  196,  140,  287,    0,   -1
  260,19820813,  168,  130,  206,   14,   37
  260,19820814,  156,  114,  205,    5,    2
  260,19820815,  165,  134,  215,   29,   45
  260,19820816,  175,  151,  204,    0,    0
  260,19820817,  168,  143,  202,   15,   77
  260,19820818,  163,  133,  190,   33,   46
  260,19820819,  149,   97,  192,    2,    1
  260,19820820,  141,  107,  180,   33,   86
  260,19820821,  153,  140,  171,    6,    2
  260,19820822,  163,  137,  208,    0,   -1
  260,19820823,  154,  130,  192,   12,   20
  260,19820824,  148,  118,  191,   70,   40
  260,19820825,  148,   94,  181,   12,   18
  260,19820826,  148,   95,  187,    5,    2
  260,19820827,  139,   87,  184,    2,   12
  260,19820828,  131,   76,  198,    1,    1
  260,19820829,  140,   62,  212,    0,    0
  260,19820830,  150,  110,  197,    3,    6
  260,19820831,  145,  103,  177,    6,   17
  260,19820901,  134,   75,  171,   25,   18
  260,19820902,  139,   74,  190,   13,   18
  260,19820903,  155,   67,  214,    0,    0
  260,19820904,  159,  114,  215,    0,    0
  260,19820905,  182,  113,  249,    2,    4
  260,19820906,  172,  145,  193,    0,   -1
  260,19820907,  164,  140,  195,    0,   -1
  260,19820908,  165,  146,  205,    0,    0
  260,19820909,  149,   95,  209,    0,    0
  260,19820910,  175,   93,  254,    0,    0
  260,19820911,  157,  109,  215,    0,    0
  260,19820912,  148,   85,  218,    0,    0
  260,19820913,  161,   85,  219,    0,    0
  260,19820914,  143,   70,  217,    0,    0
  260,19820915,  170,   90,  265,    0,    0
  260,19820916,  157,   96,  245,    0,    0
  260,19820917,  174,   96,  254,    0,    0
  260,19820918,  166,  132,  220,    0,    0
  260,19820919,  196,  124,  264,    0,   -1
  260,19820920,  191,  155,  238,    3,   19
  260,19820921,  156,   82,  200,   24,   59
  260,19820922,  107,   48,  166,    0,    0
  260,19820923,  109,   24,  168,   30,   24
  260,19820924,  147,  115,  185,    0,    0
  260,19820925,  158,  131,  183,   54,   49
  260,19820926,  155,  123,  174,   24,   29
  260,19820927,  148,  107,  187,    0,   -1
  260,19820928,  137,  106,  180,    0,    0
  260,19820929,  166,  109,  228,    0,    0
  260,19820930,  140,  118,  156,   59,   16
  260,19821001,  125,   88,  183,    0,    0
  260,19821002,  129,   67,  192,    0,    0
  260,19821003,  132,   88,  176,    0,    0
  260,19821004,  125,   86,  167,    0,    0
  260,19821005,  107,   66,  129,   44,   55
  260,19821006,  109,   48,  158,    0,    0
  260,19821007,  119,   89,  132,   81,  154
  260,19821008,  110,   89,  142,   36,  162
  260,19821009,  112,  102,  136,   82,  140
  260,19821010,  109,   97,  131,   96,  261
  260,19821011,  107,   83,  124,   37,   12
  260,19821012,  108,   74,  138,   29,    8
  260,19821013,  105,   83,  125,   57,   74
  260,19821014,  110,   92,  139,   24,   20
  260,19821015,  102,   84,  126,   54,   55
  260,19821016,   94,   56,  127,   11,    4
  260,19821017,  113,   92,  154,   35,   14
  260,19821018,  126,   92,  168,   21,   32
  260,19821019,  121,   96,  140,   10,    2
  260,19821020,  129,  101,  152,    0,   -1
  260,19821021,  126,  111,  164,   43,   23
  260,19821022,  139,   98,  192,   10,    1
  260,19821023,  117,   96,  135,   67,   25
  260,19821024,   92,   36,  145,    0,   -1
  260,19821025,   91,   52,  122,    0,   -1
  260,19821026,  121,   95,  141,    0,   -1
  260,19821027,  102,   39,  153,    0,    0
  260,19821028,   95,   41,  149,    0,    0
  260,19821029,  103,   84,  132,    0,    0
  260,19821030,   80,   70,   99,    0,    0
  260,19821031,   81,   62,  105,    0,    0
  260,19821101,  134,  104,  171,    0,   -1
  260,19821102,  129,  112,  136,    0,   -1
  260,19821103,  127,  112,  138,    0,    0
  260,19821104,  116,  104,  126,    0,   -1
  260,19821105,  104,   74,  119,    0,   -1
  260,19821106,   64,   41,   93,    0,    0
  260,19821107,   62,   24,   95,    0,   -1
  260,19821108,  125,   77,  165,   51,   52
  260,19821109,  116,   94,  132,    0,   -1
  260,19821110,  106,   90,  121,   28,   11
  260,19821111,  108,   80,  146,    0,    0
  260,19821112,  105,   81,  145,   31,   45
  260,19821113,   65,   35,   85,    9,    8
  260,19821114,   55,   39,   81,   54,   33
  260,19821115,   35,   -8,   74,   80,   78
  260,19821116,   52,   -5,   78,   44,   45
  260,19821117,   71,   37,   92,   72,   70
  260,19821118,  103,   72,  123,   57,   74
  260,19821119,   85,   52,  106,    5,   30
  260,19821120,   76,   53,  110,    8,   13
  260,19821121,   73,   54,   88,    0,    0
  260,19821122,   70,   46,   89,   57,   97
  260,19821123,   92,   39,  127,   40,   23
  260,19821124,   91,   59,  138,    0,   -1
  260,19821125,   80,   65,   93,   53,   22
  260,19821126,   64,   34,   89,    4,   14
  260,19821127,   45,   11,   71,    0,    0
  260,19821128,   35,   15,   50,    0,    0
  260,19821129,   31,   20,   38,    0,    0
  260,19821130,   26,    4,   41,    0,    0
  260,19821201,    3,  -15,   23,    0,    0
  260,19821202,    1,  -25,   16,    0,    0
  260,19821203,   20,   11,   29,    0,    0
  260,19821204,   22,   15,   35,    0,   -1
  260,19821205,   38,   20,   60,   55,   48
  260,19821206,   36,  -23,   70,   24,    6
  260,19821207,   26,  -26,  111,   30,   46
  260,19821208,   75,   39,  119,    2,    1
  260,19821209,   66,   23,   92,   58,  105
  260,19821210,   71,   35,  115,   68,   95
  260,19821211,   50,   16,   75,   30,   75
  260,19821212,   15,   -1,   32,    0,    0
  260,19821213,  -10,  -21,    0,    0,    0
  260,19821214,    0,  -28,   19,    9,    3
  260,19821215,   93,   19,  130,   44,   14
  260,19821216,   70,   42,  115,   16,   31
  260,19821217,   22,    3,   44,   56,   41
  260,19821218,   12,  -10,   36,   11,   15
  260,19821219,   19,  -11,   69,   38,   86
  260,19821220,   54,   42,   72,   11,   17
  260,19821221,   44,   29,   53,   87,   90
  260,19821222,   17,  -11,   35,   62,   44
  260,19821223,    1,  -24,   28,    1,    2
  260,19821224,    8,  -15,   29,   28,    3
  260,19821225,   47,   29,   62,    5,    1
  260,19821226,   77,   62,   85,    8,    1
  260,19821227,   80,   55,   97,    9,    4
  260,19821228,   54,   20,   69,    2,    2
  260,19821229,   18,  -20,   69,    0,   -1
  260,19821230,   23,   -1,   49,    0,    0
  260,19821231,    0,  -13,   16,    0,   -1
  260,19830101,    8,  -19,   31,   37,   15
  260,19830102,   38,   27,   46,    0,   -1
  260,19830103,   87,   34,  110,  156,  209
  260,19830104,   86,   39,  117,   90,  120
  260,19830105,   98,   48,  129,   31,   26
  260,19830106,  103,   50,  129,   33,   22
  260,19830107,   62,   31,   78,    1,    1
  260,19830108,   52,   21,   76,   10,    4
  260,19830109,   62,   34,   90,   36,   46
  260,19830110,   68,   25,   92,    8,    2
  260,19830111,   82,   65,  100,    0,   -1
  260,19830112,   59,   41,   75,    0,    0
  260,19830113,   42,    6,   69,   58,   36
  260,19830114,   38,    7,   70,   74,  101
  260,19830115,   74,   40,   97,   61,   54
  260,19830116,   86,   73,   95,    0,   -1
  260,19830117,   78,   71,   90,    0,   -1
  260,19830118,   53,   22,   84,    5,   14
  260,19830119,   28,    8,   54,    9,   16
  260,19830120,   34,   -3,   51,    0,    0
  260,19830121,   65,   51,   73,    0,   -1
  260,19830122,   58,   43,   68,    0,    0
  260,19830123,   20,  -18,   48,    0,    0
  260,19830124,   23,  -13,   53,    0,   -1
  260,19830125,   64,   40,   79,   87,   47
  260,19830126,   87,   61,  117,    8,    1
  260,19830127,  108,   92,  124,    8,    3
  260,19830128,   90,   78,  100,   39,   61
  260,19830129,   77,   37,  105,    0,   -1
  260,19830130,   41,    8,   78,   37,   58
  260,19830131,   41,    6,  102,   94,  110
  260,19830201,   71,   29,  108,   59,   69
  260,19830202,   29,    6,   63,   39,   88
  260,19830203,   22,   -7,   49,   14,   29
  260,19830204,   12,  -32,   59,    0,    0
  260,19830205,   29,    2,   55,   86,  107
  260,19830206,   24,   11,   48,   41,   33
  260,19830207,   12,    4,   18,   19,    8
  260,19830208,   -3,  -13,   12,   14,    2
  260,19830209,  -12,  -20,   -4,   13,    3
  260,19830210,  -36,  -49,  -18,    0,    0
  260,19830211,  -16,  -49,    4,    0,   -1
  260,19830212,  -17,  -44,    3,    0,   -1
  260,19830213,  -34,  -59,   -8,    0,   -1
  260,19830214,  -32,  -68,    9,    0,    0
  260,19830215,  -12,  -34,   23,    0,    0
  260,19830216,  -26,  -66,   17,    0,    0
  260,19830217,   -8,  -30,   30,    0,    0
  260,19830218,  -14,  -48,   34,    0,    0
  260,19830219,    6,  -17,   27,    0,    0
  260,19830220,   20,    2,   52,    0,   -1
  260,19830221,    7,  -35,   40,    0,   -1
  260,19830222,  -19,  -59,   23,    0,    0
  260,19830223,    1,  -47,   53,    0,    0
  260,19830224,   30,  -19,   80,    0,    0
  260,19830225,   53,   33,   92,   14,    3
  260,19830226,   55,   32,   79,   25,   22
  260,19830227,   61,   45,   76,   68,   72
  260,19830228,   47,   20,   65,   11,    6
  260,19830301,   27,   -5,   63,    7,   12
  260,19830302,   35,    9,   76,    0,    0
  260,19830303,   39,   -7,   84,    0,    0
  260,19830304,   44,    1,   99,    0,    0
  260,19830305,   57,    9,  108,    0,    0
  260,19830306,   80,   58,  100,    0,   -1
  260,19830307,   83,   53,  118,    0,    0
  260,19830308,   63,   21,  116,    0,    0
  260,19830309,   50,   21,   71,    0,    0
  260,19830310,   61,   21,  111,    0,    0
  260,19830311,   51,  -14,   80,    0,    0
  260,19830312,   35,  -30,   88,    0,    0
  260,19830313,   67,    2,  130,    0,    0
  260,19830314,   95,   63,  133,   21,   78
  260,19830315,   60,   18,  108,    0,    0
  260,19830316,   52,    9,  105,    0,   -1
  260,19830317,   87,   65,  100,   71,   47
  260,19830318,   99,   89,  115,   25,   16
  260,19830319,   85,   62,  101,  108,   80
  260,19830320,   77,   55,  105,   46,   39
  260,19830321,   52,   17,   85,   30,   44
  260,19830322,   47,   28,   71,   19,   26
  260,19830323,   58,   10,   90,   98,  118
  260,19830324,   55,   21,   80,    0,   -1
  260,19830325,   36,   15,   67,   67,  145
  260,19830326,   41,   16,   77,   38,   47
  260,19830327,   36,    8,   77,   83,   54
  260,19830328,   34,   -2,   83,    1,    2
  260,19830329,   49,  -14,   91,   30,   16
  260,19830330,   64,   33,  102,   60,   39
  260,19830331,   60,   37,   99,   27,   43
  260,19830401,   82,   46,  135,    0,   -1
  260,19830402,   53,    1,   79,    0,    0
  260,19830403,   32,  -14,   81,    6,    5
  260,19830404,   24,  -22,   62,   19,    7
  260,19830405,   48,   15,   85,   56,   95
  260,19830406,   60,   24,   94,   51,   37
  260,19830407,   55,   19,   96,   16,   31
  260,19830408,   66,   19,   97,   41,   24
  260,19830409,   67,    7,  116,    0,    0
  260,19830410,   85,   37,  145,   37,   80
  260,19830411,   90,   61,  121,   24,   14
  260,19830412,   56,   34,   86,   93,   64
  260,19830413,   61,   11,  102,    0,   -1
  260,19830414,   78,   59,  118,   14,   12
  260,19830415,   88,   20,  138,    0,   -1
  260,19830416,  114,    9,  174,    0,    0
  260,19830417,  119,  103,  143,   38,   33
  260,19830418,  142,  101,  195,    0,   -1
  260,19830419,   85,   41,  120,    0,   -1
  260,19830420,  101,    8,  152,    0,    0
  260,19830421,   95,   69,  125,  103,  109
  260,19830422,  100,   56,  137,    0,   -1
  260,19830423,  116,   81,  166,   34,   39
  260,19830424,  107,   51,  158,    0,    0
  260,19830425,  110,   70,  142,    1,    1
  260,19830426,  115,   60,  157,    2,    2
  260,19830427,   89,   52,  109,   84,  257
  260,19830428,   97,   60,  143,    0,   -1
  260,19830429,  104,   52,  151,   32,   40
  260,19830430,  117,   37,  181,    0,   -1
  260,19830501,  111,   91,  157,  118,  121
  260,19830502,   92,   73,  125,   77,   90
  260,19830503,   80,   62,  101,  123,  140
  260,19830504,   84,   30,  138,    0,    0
  260,19830505,   97,    8,  158,    0,    0
  260,19830506,  128,   74,  175,   26,   48
  260,19830507,  127,   98,  160,   18,   19
  260,19830508,  108,   80,  147,   17,   79
  260,19830509,  116,   90,  159,   23,   35
  260,19830510,   90,   49,  142,    9,    7
  260,19830511,   84,   56,  111,   94,   76
  260,19830512,   97,   51,  135,   28,   51
  260,19830513,  112,   79,  160,    3,    2
  260,19830514,  119,   77,  162,    0,    0
  260,19830515,  113,   56,  161,    2,    6
  260,19830516,  105,   65,  131,   29,   21
  260,19830517,  117,   80,  163,   16,   16
  260,19830518,  115,   78,  165,   29,   32
  260,19830519,  115,   85,  158,   16,   68
  260,19830520,  117,   71,  170,   65,   91
  260,19830521,  104,   83,  127,  117,  112
  260,19830522,  102,   55,  150,    2,    7
  260,19830523,  114,   34,  169,    0,    0
  260,19830524,  101,   90,  113,  153,   74
  260,19830525,   94,   82,  108,  112,   50
  260,19830526,   94,   84,  101,   35,   22
  260,19830527,   88,   63,  108,    1,    1
  260,19830528,   88,   63,  124,   72,   54
  260,19830529,   96,   72,  123,   12,    3
  260,19830530,  110,   39,  162,    0,    0
  260,19830531,  174,  108,  228,    2,    6
  260,19830601,  192,  138,  250,   41,   92
  260,19830602,  144,  102,  180,   30,   69
  260,19830603,  155,  100,  204,    0,    0
  260,19830604,  176,  124,  240,   12,   14
  260,19830605,  151,   88,  210,    3,    1
  260,19830606,  142,   68,  196,    0,    0
  260,19830607,  176,   99,  240,    0,    0
  260,19830608,  188,  140,  260,   49,   40
  260,19830609,  166,  128,  215,    0,   -1
  260,19830610,  152,  110,  187,    0,   -1
  260,19830611,  149,  108,  195,    0,   -1
  260,19830612,  163,  110,  213,    0,    0
  260,19830613,  153,   97,  204,    0,    0
  260,19830614,  134,   82,  170,    3,    4
  260,19830615,  112,   74,  158,    5,   16
  260,19830616,  108,   62,  158,    0,    0
  260,19830617,  116,   43,  166,    0,   -1
  260,19830618,  154,   99,  206,    0,    0
  260,19830619,  149,   92,  203,    0,    0
  260,19830620,  197,  123,  262,    0,    0
  260,19830621,  222,  142,  284,    0,    0
  260,19830622,  239,  157,  303,    0,    0
  260,19830623,  221,  164,  295,    5,    1
  260,19830624,  207,  151,  261,    0,   -1
  260,19830625,  179,  144,  225,    0,    0
  260,19830626,  177,  121,  243,    0,   -1
  260,19830627,  146,   89,  193,    5,    4
  260,19830628,  144,   86,  194,    3,    2
  260,19830629,  150,  132,  165,   80,   57
  260,19830630,  147,  124,  182,   55,   53
  260,19830701,  141,   93,  192,    0,    0
  260,19830702,  153,   96,  204,    0,   -1
  260,19830703,  161,   88,  221,    0,    0
  260,19830704,  184,   92,  253,    0,    0
  260,19830705,  222,  131,  292,    0,    0
  260,19830706,  217,  164,  275,    0,   -1
  260,19830707,  222,  172,  284,    0,   -1
  260,19830708,  222,  166,  287,    0,    0
  260,19830709,  218,  166,  274,    0,    0
  260,19830710,  239,  167,  313,    0,    0
  260,19830711,  259,  178,  330,    0,    0
  260,19830712,  233,  173,  313,    0,    0
  260,19830713,  174,  137,  227,    0,    0
  260,19830714,  177,  131,  245,    0,    0
  260,19830715,  224,  125,  298,    0,    0
  260,19830716,  230,  169,  296,    0,    0
  260,19830717,  235,  162,  332,    0,   -1
  260,19830718,  198,  156,  243,    0,    0
  260,19830719,  177,  139,  227,    0,   -1
  260,19830720,  150,  109,  199,    0,   -1
  260,19830721,  164,   94,  227,    0,    0
  260,19830722,  208,  119,  290,    0,    0
  260,19830723,  211,  155,  279,    0,    0
  260,19830724,  187,  149,  229,   23,  170
  260,19830725,  211,  130,  282,    0,    0
  260,19830726,  214,  169,  263,    8,   29
  260,19830727,  200,  156,  253,   10,    4
  260,19830728,  180,  144,  228,    0,    0
  260,19830729,  191,  144,  252,    0,   -1
  260,19830730,  195,  120,  264,    0,    0
  260,19830731,  239,  148,  308,    0,    0
  260,19830801,  186,  136,  246,   24,   75
  260,19830802,  140,  105,  184,   12,   70
  260,19830803,  142,   73,  202,    0,    0
  260,19830804,  163,   97,  223,    0,   -1
  260,19830805,  156,  130,  195,    7,   19
  260,19830806,  155,  131,  179,   19,   22
  260,19830807,  184,  145,  238,    0,    0
  260,19830808,  207,  133,  268,    0,    0
  260,19830809,  222,  153,  285,    0,    0
  260,19830810,  196,  150,  270,    0,    0
  260,19830811,  183,  120,  249,    0,    0
  260,19830812,  163,   94,  229,    0,    0
  260,19830813,  156,  121,  202,    0,   -1
  260,19830814,  155,  112,  212,    3,    1
  260,19830815,  174,  105,  244,    0,    0
  260,19830816,  186,  127,  234,    0,    0
  260,19830817,  176,  160,  197,   45,   37
  260,19830818,  188,  138,  264,    0,    0
  260,19830819,  223,  137,  308,    0,    0
  260,19830820,  220,  182,  276,   25,   61
  260,19830821,  197,  150,  255,   21,   43
  260,19830822,  195,  136,  266,    0,   -1
  260,19830823,  204,  153,  258,    0,    0
  260,19830824,  189,  158,  236,    0,    0
  260,19830825,  207,  153,  275,    0,    0
  260,19830826,  189,  134,  242,    0,    0
  260,19830827,  167,  100,  212,    0,    0
  260,19830828,  166,  137,  198,    0,   -1
  260,19830829,  158,  123,  201,    0,    0
  260,19830830,  177,  105,  260,    0,    0
  260,19830831,  197,  109,  281,    0,    0
  260,19830901,  184,  156,  213,    6,   10
  260,19830902,  183,  151,  221,    0,   -1
  260,19830903,  155,  134,  180,   58,   62
  260,19830904,  159,  111,  182,    0,   -1
  260,19830905,  149,   91,  173,    1,    2
  260,19830906,  129,   75,  174,    6,   22
  260,19830907,  112,   56,  175,    0,    0
  260,19830908,  150,   69,  196,    5,    1
  260,19830909,  158,  136,  187,    4,    1
  260,19830910,  147,  110,  193,   27,   49
  260,19830911,  113,   89,  129,  114,  175
  260,19830912,  134,  111,  174,   58,  253
  260,19830913,  121,   97,  154,   78,  132
  260,19830914,  151,  121,  177,   67,  141
  260,19830915,  156,  124,  191,   10,   38
  260,19830916,  136,  108,  164,    4,   15
  260,19830917,  126,  108,  155,   59,  127
  260,19830918,  127,  106,  151,  118,   85
  260,19830919,  139,  108,  185,    0,   -1
  260,19830920,  129,   99,  172,    6,    6
  260,19830921,  137,  106,  176,   36,   24
  260,19830922,  126,   67,  168,    4,    1
  260,19830923,  138,   60,  195,    0,    0
  260,19830924,  158,  111,  232,    2,    1
  260,19830925,  113,   54,  176,    0,    0
  260,19830926,  131,   51,  213,    0,    0
  260,19830927,  152,   86,  202,    0,    0
  260,19830928,  158,  131,  192,    0,    0
  260,19830929,  162,  114,  235,    0,    0
  260,19830930,  131,  102,  168,    0,    0
  260,19831001,  120,   59,  153,    0,   -1
  260,19831002,  155,  127,  186,    5,    2
  260,19831003,  170,  134,  211,    0,   -1
  260,19831004,  194,  134,  265,    2,   17
  260,19831005,  156,  137,  183,    2,    5
  260,19831006,  142,  121,  180,    0,   -1
  260,19831007,  133,   96,  165,   40,   27
  260,19831008,  113,   80,  138,   55,   54
  260,19831009,  122,   77,  145,   11,    8
  260,19831010,  132,  104,  147,   19,   14
  260,19831011,  109,   88,  147,    9,   22
  260,19831012,  113,   72,  132,    0,   -1
  260,19831013,  135,   82,  182,    0,   -1
  260,19831014,  118,   87,  159,    6,    5
  260,19831015,  130,   96,  153,   38,   20
  260,19831016,  101,   83,  146,   27,   65
  260,19831017,   97,   77,  126,   54,   72
  260,19831018,  121,   78,  151,    6,    1
  260,19831019,  120,   75,  147,   21,   10
  260,19831020,   81,   30,  113,    0,   -1
  260,19831021,   50,   -1,  122,    0,    0
  260,19831022,   38,  -18,  120,    0,    0
  260,19831023,   25,  -23,  112,    0,    0
  260,19831024,   36,  -28,  113,    0,   -1
  260,19831025,   46,  -27,   94,   19,   18
  260,19831026,  100,   69,  132,    0,    0
  260,19831027,  102,   78,  141,    0,    0
  260,19831028,   81,   25,  124,    5,   12
  260,19831029,   41,  -11,  101,    0,    0
  260,19831030,   41,  -34,  102,    0,   -1
  260,19831031,   97,   55,  134,    0,   -1
  260,19831101,  109,   73,  134,    0,    0
  260,19831102,  121,   83,  154,    0,    0
  260,19831103,   96,   56,  133,    0,    0
  260,19831104,   74,   34,  143,    0,    0
  260,19831105,   83,   44,  129,    0,   -1
  260,19831106,   98,   90,  106,    0,   -1
  260,19831107,   88,   46,  143,    0,    0
  260,19831108,   96,   52,  145,    0,    0
  260,19831109,   99,   61,  165,    0,    0
  260,19831110,   87,   45,  146,    0,    0
  260,19831111,   66,   40,   92,    0,   -1
  260,19831112,   26,  -18,   74,    0,    0
  260,19831113,   -1,  -33,   42,    0,    0
  260,19831114,  -23,  -76,   26,    0,    0
  260,19831115,   22,  -70,   77,   28,   17
  260,19831116,   63,   30,   96,    1,    1
  260,19831117,   41,  -16,   80,    0,   -1
  260,19831118,   14,  -48,   52,    1,    1
  260,19831119,   59,   41,   79,    9,   10
  260,19831120,   58,   19,   87,    6,    9
  260,19831121,   29,  -12,   69,    4,    2
  260,19831122,   26,  -15,   73,    0,   -1
  260,19831123,   18,  -29,   78,    0,    0
  260,19831124,    0,  -32,   37,   19,   10
  260,19831125,  102,   35,  136,   66,  111
  260,19831126,  124,  112,  141,   94,  129
  260,19831127,  104,   89,  151,  147,  455
  260,19831128,   79,   60,   92,   32,   75
  260,19831129,   57,   17,   98,    2,    6
  260,19831130,   28,  -17,   67,    4,    4
  260,19831201,  -24,  -50,    6,    0,    0
  260,19831202,  -20,  -51,    1,    0,    0
  260,19831203,  -17,  -40,   12,    0,    0
  260,19831204,   -1,  -45,   43,    0,    0
  260,19831205,   28,    5,   59,   39,   68
  260,19831206,   26,    3,   70,    2,    3
  260,19831207,   29,   -3,   56,    0,   -1
  260,19831208,   29,   15,   41,   84,   73
  260,19831209,   53,   40,   60,  134,  225
  260,19831210,   30,  -13,   60,   46,   35
  260,19831211,   -3,  -35,   47,   12,   11
  260,19831212,  -24,  -60,   -8,    0,    0
  260,19831213,  -11,  -53,   38,    0,    0
  260,19831214,  -12,  -28,    4,    0,    0
  260,19831215,   13,  -20,   40,    0,    0
  260,19831216,    2,  -19,   14,    0,   -1
  260,19831217,   22,  -21,   55,    0,   -1
  260,19831218,   35,   23,   48,   21,    6
  260,19831219,   64,   41,   89,   11,    9
  260,19831220,   79,   61,   94,   16,   26
  260,19831221,   69,   44,   87,    0,    0
  260,19831222,   72,   49,   96,   46,  133
  260,19831223,   90,   59,  101,    6,   13
  260,19831224,   98,   58,  134,   45,   33
  260,19831225,  102,   94,  109,   97,  103
  260,19831226,   72,   27,  103,    9,   35
  260,19831227,   75,   17,  107,   20,   16
  260,19831228,   98,   90,  109,   24,    4
  260,19831229,   77,   46,   93,    0,   -1
  260,19831230,   56,   36,   96,    0,   -1
  260,19831231,   61,   21,   83,    0,   -1
  260,19840101,   90,   82,  100,   78,  149
  260,19840102,   76,   45,   94,   80,  114
  260,19840103,   59,   21,   95,   72,  151
  260,19840104,   38,    9,   71,   29,   36
  260,19840105,   32,    3,   59,   43,   31
  260,19840106,   49,   14,   63,    3,    1
  260,19840107,   57,   42,   81,   87,  109
  260,19840108,   40,   17,   56,   19,   45
  260,19840109,   30,   10,   58,    4,    3
  260,19840110,   27,   -4,   53,    0,   -1
  260,19840111,   69,   52,   78,   69,   25
  260,19840112,   44,   20,   72,   27,   46
  260,19840113,   64,   17,  110,   89,   96
  260,19840114,   56,   35,  108,   48,   59
  260,19840115,   31,    5,   47,   22,   20
  260,19840116,   55,   23,  102,   73,  134
  260,19840117,   55,   17,   90,    2,    3
  260,19840118,   33,    3,   55,    1,    1
  260,19840119,   -1,  -29,   25,    7,   12
  260,19840120,    4,  -34,   49,    0,   -1
  260,19840121,  -20,  -45,    0,    0,    0
  260,19840122,  -30,  -40,  -21,   76,   23
  260,19840123,  -22,  -88,   21,  114,  104
  260,19840124,   13,    2,   24,   58,   34
  260,19840125,    3,  -30,   39,    0,   -1
  260,19840126,    5,  -11,   17,    3,    1
  260,19840127,   35,   13,   56,    0,   -1
  260,19840128,   43,   35,   53,   70,   44
  260,19840129,   46,   28,   64,   79,   57
  260,19840130,   43,   31,   66,   16,   14
  260,19840131,   41,    6,   75,   47,   20
  260,19840201,   24,   -3,   47,   30,   32
  260,19840202,   56,   35,   68,   81,   61
  260,19840203,   58,   42,   84,   75,   66
  260,19840204,   60,   26,   97,   51,   21
  260,19840205,   58,   28,   94,   50,   69
  260,19840206,   69,   49,   91,  114,  205
  260,19840207,   49,   19,   66,    3,    6
  260,19840208,   44,   13,   63,   85,  166
  260,19840209,   39,   10,   64,    4,   17
  260,19840210,   49,   -4,   83,    0,   -1
  260,19840211,   60,   41,   87,    4,    4
  260,19840212,   17,  -16,   50,    0,    0
  260,19840213,    8,  -33,   60,    0,    0
  260,19840214,   -9,  -25,   22,    0,    0
  260,19840215,  -24,  -45,   -5,    0,    0
  260,19840216,  -32,  -56,   11,    0,    0
  260,19840217,  -37,  -51,  -17,    0,   -1
  260,19840218,  -22,  -62,   34,    0,    0
  260,19840219,  -21,  -57,   27,    0,    0
  260,19840220,  -10,  -46,   17,    0,    0
  260,19840221,   38,    9,   75,   47,   29
  260,19840222,   29,    5,   53,   15,    1
  260,19840223,    2,  -11,   14,    0,    0
  260,19840224,    7,  -13,   29,    0,   -1
  260,19840225,    5,    1,   11,    0,   -1
  260,19840226,   15,    4,   29,   20,    3
  260,19840227,   16,   11,   25,    0,   -1
  260,19840228,   23,   -6,   56,    0,    0
  260,19840229,    2,  -29,   63,    0,    0
  260,19840301,   15,  -37,   47,   46,   19
  260,19840302,   37,    2,   68,   80,  101
  260,19840303,   28,    3,   56,    1,    1
  260,19840304,   17,  -36,   74,    0,    0
  260,19840305,   51,   25,   77,   10,    3
  260,19840306,   62,   51,   82,    0,   -1
  260,19840307,   54,   10,   86,    0,   -1
  260,19840308,   28,  -12,   71,    0,   -1
  260,19840309,   12,  -20,   55,    0,   -1
  260,19840310,   16,   -5,   48,  162,   78
  260,19840311,   45,   38,   57,   51,   14
  260,19840312,   44,    6,   98,    0,   -1
  260,19840313,   28,    0,   57,    0,   -1
  260,19840314,   35,   -7,   87,    0,    0
  260,19840315,   36,   -8,   99,    0,    0
  260,19840316,   22,   -2,   77,    0,    0
  260,19840317,   24,  -15,   80,    0,    0
  260,19840318,   24,  -15,   73,    0,    0
  260,19840319,   31,  -15,   90,    0,    0
  260,19840320,   29,  -27,   96,    0,    0
  260,19840321,   29,  -33,  111,    0,    0
  260,19840322,   27,  -23,  102,    0,    0
  260,19840323,   42,  -44,  117,    0,   -1
  260,19840324,   64,   35,  100,   24,   21
  260,19840325,   71,   24,  105,   18,    8
  260,19840326,   69,   55,   95,   36,   29
  260,19840327,   72,   46,  114,   57,  143
  260,19840328,   82,   58,  112,   77,   98
  260,19840329,   53,    7,   81,   38,   21
  260,19840330,   46,   -7,  103,   27,   40
  260,19840331,   36,    5,   65,    5,    1
  260,19840401,   23,   -7,   60,    0,    0
  260,19840402,   29,    1,   61,    0,   -1
  260,19840403,   25,   -7,   52,    0,   -1
  260,19840404,   36,   16,   60,    2,    2
  260,19840405,   32,   19,   40,   81,   56
  260,19840406,   48,   27,   71,    2,    1
  260,19840407,   47,   19,   78,   13,    3
  260,19840408,   46,    9,   81,    0,   -1
  260,19840409,   54,   19,   96,    3,    2
  260,19840410,   50,    8,   90,    0,   -1
  260,19840411,   62,   10,  112,   50,   26
  260,19840412,   63,    5,  116,   10,   15
  260,19840413,   64,   -7,  135,    0,    0
  260,19840414,   95,    1,  176,    0,    0
  260,19840415,  100,   48,  170,    6,    5
  260,19840416,   61,   17,  111,    0,    0
  260,19840417,   59,  -15,  124,    0,    0
  260,19840418,   66,  -12,  135,    0,    0
  260,19840419,   97,   13,  158,    0,    0
  260,19840420,  114,   35,  182,    0,    0
  260,19840421,  134,   38,  215,    0,    0
  260,19840422,  137,   68,  224,    0,    0
  260,19840423,  109,   39,  178,    0,    0
  260,19840424,  139,   47,  213,    0,    0
  260,19840425,  142,   76,  213,    0,    0
  260,19840426,  121,   30,  182,    0,    0
  260,19840427,  102,   44,  162,    0,    0
  260,19840428,   95,    6,  164,    0,    0
  260,19840429,   92,   26,  150,    0,    0
  260,19840430,  114,   39,  175,    0,   -1
  260,19840501,   92,   55,  125,    9,   11
  260,19840502,  101,   33,  145,    0,   -1
  260,19840503,  112,   52,  173,    8,   18
  260,19840504,  114,   79,  171,    5,    4
  260,19840505,  118,   82,  179,    0,    0
  260,19840506,   87,   59,  110,   39,   81
  260,19840507,   77,   44,  116,    1,    1
  260,19840508,   77,   38,  124,    2,    1
  260,19840509,   68,   30,  100,   32,   33
  260,19840510,   68,   24,   95,    0,   -1
  260,19840511,   77,   50,  107,    0,   -1
  260,19840512,   92,   35,  148,    0,    0
  260,19840513,  110,   68,  156,    0,    0
  260,19840514,  124,   56,  181,    0,   -1
  260,19840515,  124,   87,  154,    0,   -1
  260,19840516,  128,   58,  192,    0,   -1
  260,19840517,  105,   66,  136,   49,   43
  260,19840518,  116,   56,  173,    0,   -1
  260,19840519,  108,   59,  154,    0,   -1
  260,19840520,  113,   77,  164,   57,   96
  260,19840521,   98,   70,  113,  110,  300
  260,19840522,  111,   68,  156,   58,   49
  260,19840523,   99,   57,  132,   41,   46
  260,19840524,  121,   93,  162,   14,   19
  260,19840525,   95,   83,  115,    0,   -1
  260,19840526,  114,   80,  150,    0,   -1
  260,19840527,  118,   78,  148,   61,   29
  260,19840528,  112,   77,  154,    0,   -1
  260,19840529,  112,   96,  126,   50,   63
  260,19840530,  138,  102,  181,    0,   -1
  260,19840531,  145,   77,  198,    0,    0
  260,19840601,  133,   72,  196,   18,   32
  260,19840602,  146,   92,  187,    0,   -1
  260,19840603,  142,  108,  191,   46,   62
  260,19840604,  105,   95,  123,  123,  218
  260,19840605,  119,   76,  157,    8,    7
  260,19840606,  122,   63,  163,   20,   12
  260,19840607,  118,  110,  130,   85,   35
  260,19840608,  117,  103,  143,    0,   -1
  260,19840609,  123,   98,  166,    0,   -1
  260,19840610,  139,   85,  209,    0,    0
  260,19840611,  128,   89,  170,    0,    0
  260,19840612,  143,   62,  198,    0,    0
  260,19840613,  151,  121,  177,    0,   -1
  260,19840614,  136,   96,  180,   35,   46
  260,19840615,  128,   83,  179,    0,    0
  260,19840616,  129,   81,  171,    0,    0
  260,19840617,  150,   91,  208,    0,   -1
  260,19840618,  169,  116,  227,    0,    0
  260,19840619,  188,  109,  250,    0,    0
  260,19840620,  211,  135,  271,    0,    0
  260,19840621,  164,   81,  223,    0,    0
  260,19840622,  141,   83,  170,   60,   58
  260,19840623,  124,   96,  155,   15,   10
  260,19840624,  118,   96,  150,   19,    8
  260,19840625,  133,  112,  163,   43,   46
  260,19840626,  151,  101,  197,    0,    0
  260,19840627,  153,  116,  190,    0,   -1
  260,19840628,  121,   82,  157,    0,   -1
  260,19840629,  117,   78,  160,   13,   35
  260,19840630,  109,   58,  154,   15,    7
  260,19840701,  124,   40,  180,    0,    0
  260,19840702,  124,   92,  174,   23,   18
  260,19840703,  116,   94,  146,   11,   20
  260,19840704,  124,  101,  149,   19,    3
  260,19840705,  137,  108,  190,    0,    0
  260,19840706,  134,  101,  191,    0,    0
  260,19840707,  173,   90,  247,    0,    0
  260,19840708,  216,  131,  287,    0,    0
  260,19840709,  214,  155,  298,   18,  125
  260,19840710,  178,  123,  248,   35,  167
  260,19840711,  176,  146,  219,   14,   96
  260,19840712,  177,  142,  220,    0,   -1
  260,19840713,  167,  144,  196,    8,   16
  260,19840714,  147,  127,  185,   51,   60
  260,19840715,  136,  117,  163,   77,  105
  260,19840716,  140,  113,  175,   18,   44
  260,19840717,  142,  112,  172,    0,   -1
  260,19840718,  157,  133,  203,    7,   14
  260,19840719,  146,  126,  178,    0,   -1
  260,19840720,  144,  128,  168,    0,   -1
  260,19840721,  149,  115,  180,    0,   -1
  260,19840722,  144,   84,  194,    0,    0
  260,19840723,  149,   95,  205,    0,   -1
  260,19840724,  152,   89,  206,    0,    0
  260,19840725,  142,   92,  171,    0,   -1
  260,19840726,  147,  127,  178,   11,    4
  260,19840727,  160,  127,  203,    8,    2
  260,19840728,  162,  138,  196,   16,    5
  260,19840729,  189,  127,  254,    0,    0
  260,19840730,  242,  159,  305,    0,    0
  260,19840731,  219,  168,  276,    4,    8
  260,19840801,  180,  114,  239,    3,    1
  260,19840802,  157,  107,  187,   43,   21
  260,19840803,  178,  138,  227,    6,    1
  260,19840804,  181,  135,  238,    0,    0
  260,19840805,  164,  135,  217,   29,   13
  260,19840806,  154,  107,  201,    0,   -1
  260,19840807,  156,  115,  210,    0,   -1
  260,19840808,  169,   96,  232,    7,   17
  260,19840809,  174,  127,  224,    0,    0
  260,19840810,  160,  115,  198,    0,    0
  260,19840811,  158,  109,  202,    0,   -1
  260,19840812,  189,  149,  247,    0,   -1
  260,19840813,  190,  119,  255,    0,   -1
  260,19840814,  176,  120,  240,    0,    0
  260,19840815,  160,   92,  219,    0,    0
  260,19840816,  174,  109,  230,    0,    0
  260,19840817,  167,  106,  233,    0,    0
  260,19840818,  172,   89,  249,    0,    0
  260,19840819,  204,  129,  276,    0,    0
  260,19840820,  209,  131,  288,    0,    0
  260,19840821,  212,  152,  276,    0,    0
  260,19840822,  225,  154,  300,    0,    0
  260,19840823,  225,  153,  296,    0,    0
  260,19840824,  227,  160,  288,    0,    0
  260,19840825,  205,  153,  269,    0,    0
  260,19840826,  180,  104,  234,    0,    0
  260,19840827,  152,   78,  224,    0,    0
  260,19840828,  174,  111,  239,    0,    0
  260,19840829,  172,  149,  202,   21,    9
  260,19840830,  188,  157,  226,    0,   -1
  260,19840831,  185,  159,  217,    2,    3
  260,19840901,  186,  147,  227,    0,   -1
  260,19840902,  191,  120,  254,    0,   -1
  260,19840903,  197,  170,  237,    4,    4
  260,19840904,  152,   82,  212,   30,   11
  260,19840905,  118,   71,  168,    4,    4
  260,19840906,  129,   64,  171,    0,    0
  260,19840907,  116,   99,  125,  172,  183
  260,19840908,  126,   94,  158,    8,    9
  260,19840909,  138,  102,  170,   84,  185
  260,19840910,  132,  100,  176,   55,  137
  260,19840911,  137,  111,  171,   30,   31
  260,19840912,  139,  111,  177,    0,   -1
  260,19840913,  153,  102,  197,    0,    0
  260,19840914,  162,  145,  187,   29,   21
  260,19840915,  154,  145,  166,   52,   61
  260,19840916,  153,  128,  176,    0,   -1
  260,19840917,  135,   85,  177,   42,   89
  260,19840918,  141,  110,  188,    0,   -1
  260,19840919,  138,  113,  162,    0,   -1
  260,19840920,  133,  118,  156,   52,   94
  260,19840921,  115,   82,  156,   80,   89
  260,19840922,   97,   70,  128,   24,   31
  260,19840923,  100,   75,  151,   32,   64
  260,19840924,   88,   58,  133,   14,   38
  260,19840925,  100,   75,  116,  109,  179
  260,19840926,  116,   81,  159,   31,  116
  260,19840927,  118,   82,  170,    0,    0
  260,19840928,  123,   89,  176,    0,    0
  260,19840929,  142,   93,  192,   30,   76
  260,19840930,  128,  105,  151,   44,   35
  260,19841001,  123,   98,  147,   57,   93
  260,19841002,  113,   70,  156,   30,   27
  260,19841003,  104,   69,  156,    0,   -1
  260,19841004,  105,   60,  160,    0,    0
  260,19841005,  102,   91,  108,  104,  119
  260,19841006,  113,   74,  143,   15,   22
  260,19841007,  109,   55,  139,   20,   22
  260,19841008,  127,   80,  156,   23,    7
  260,19841009,  139,  102,  155,   43,   56
  260,19841010,  135,  100,  156,   56,   26
  260,19841011,  130,   68,  162,    7,    7
  260,19841012,  117,   65,  165,    0,   -1
  260,19841013,  128,   74,  159,    0,    0
  260,19841014,  137,  105,  166,    0,   -1
  260,19841015,  139,  108,  172,    0,   -1
  260,19841016,  135,  102,  158,    0,    0
  260,19841017,  119,   81,  152,    0,   -1
  260,19841018,  121,  104,  142,   24,   46
  260,19841019,  116,   95,  142,   96,  145
  260,19841020,  113,   84,  134,    9,   29
  260,19841021,   98,   70,  131,    0,   -1
  260,19841022,  115,   73,  147,  101,  128
  260,19841023,  126,   94,  151,   39,   88
  260,19841024,  113,   91,  143,    3,   55
  260,19841025,  133,  107,  162,   24,   97
  260,19841026,  100,   62,  139,    0,   -1
  260,19841027,   66,   18,  139,    0,    0
  260,19841028,   83,   19,  116,    0,   -1
  260,19841029,  128,  104,  146,   10,   31
  260,19841030,  135,   94,  183,    0,    0
  260,19841031,  103,   54,  156,    0,    0
  260,19841101,  120,   80,  173,    0,    0
  260,19841102,  107,   71,  155,    0,    0
  260,19841103,   88,   61,  123,    0,   -1
  260,19841104,   71,   44,  105,    0,   -1
  260,19841105,   60,   30,  120,    6,    3
  260,19841106,   91,   70,  112,   40,   12
  260,19841107,   85,   52,  110,   24,   24
  260,19841108,  107,   62,  143,    0,   -1
  260,19841109,  125,   96,  148,    0,    0
  260,19841110,  107,   85,  158,    0,   -1
  260,19841111,  105,   81,  131,    0,   -1
  260,19841112,   89,   60,  129,    0,    0
  260,19841113,   76,   34,  110,    0,    0
  260,19841114,   71,   43,   91,    0,    0
  260,19841115,   41,   22,   56,   40,   31
  260,19841116,   32,   15,   49,   60,   27
  260,19841117,   22,   14,   37,   86,   40
  260,19841118,   55,   28,   68,   70,   27
  260,19841119,   65,   50,   74,    0,   -1
  260,19841120,   73,   45,   97,   16,    6
  260,19841121,   86,   66,  115,   59,  108
  260,19841122,  112,   78,  146,  151,  179
  260,19841123,  114,   91,  146,   61,  134
  260,19841124,  108,   90,  134,   16,   12
  260,19841125,   85,   58,  110,    7,    6
  260,19841126,   62,   30,  101,    0,   -1
  260,19841127,   54,   25,   72,    0,   -1
  260,19841128,   70,   53,   81,   11,    6
  260,19841129,   87,   72,  105,    0,    0
  260,19841130,   84,   58,  112,    0,    0
  260,19841201,   70,   20,  122,    0,    0
  260,19841202,   40,   -1,   83,    0,   -1
  260,19841203,   40,   16,   75,    0,    0
  260,19841204,   44,   12,   76,    0,   -1
  260,19841205,   72,   54,  103,    0,   -1
  260,19841206,   46,   10,   70,   21,   14
  260,19841207,   19,   -5,   53,    0,    0
  260,19841208,   35,   -5,   61,    0,   -1
  260,19841209,   63,   33,  102,   17,   13
  260,19841210,   71,   47,  104,    0,   -1
  260,19841211,   62,   39,   77,    0,    0
  260,19841212,   60,   31,   76,    0,    0
  260,19841213,   47,   18,   67,    0,    0
  260,19841214,   53,   18,   88,   11,    3
  260,19841215,   35,   17,   52,   12,    7
  260,19841216,   36,   27,   54,   14,    8
  260,19841217,   49,   32,   76,   76,   42
  260,19841218,   36,   11,   63,    2,    1
  260,19841219,   54,   14,   84,   24,   13
  260,19841220,   87,   82,   92,   89,   76
  260,19841221,   64,   28,   96,    9,   17
  260,19841222,   36,   13,   58,    0,   -1
  260,19841223,   44,   29,   59,   34,   14
  260,19841224,   48,   39,   64,   75,   38
  260,19841225,   43,   18,   71,   10,   11
  260,19841226,   31,   -2,   64,   38,   22
  260,19841227,   24,   -7,   47,    0,    0
  260,19841228,   10,  -15,   27,    0,   -1
  260,19841229,    8,  -11,   38,    0,   -1
  260,19841230,   -2,  -20,   15,    0,    0
  260,19841231,   16,   -5,   46,   46,   23
  260,19850101,   36,    5,   63,   55,   59
  260,19850102,   -6,  -38,   14,    0,   -1
  260,19850103,   -8,  -35,   11,   20,   10
  260,19850104,  -71, -133,  -35,    0,   -1
  260,19850105,  -99, -144,  -48,    0,    0
  260,19850106,  -76, -126,  -53,   20,   12
  260,19850107, -118, -173,  -91,    0,    0
  260,19850108,  -97, -183,  -40,    9,    4
  260,19850109,  -41,  -85,   -4,   29,   14
  260,19850110,  -67, -156,  -30,   20,    7
  260,19850111,  -43,  -76,  -28,    0,   -1
  260,19850112,  -18,  -79,   24,   18,    5
  260,19850113,  -88, -112,  -60,    0,    0
  260,19850114,  -77, -124,  -34,    0,   -1
  260,19850115, -101, -112,  -82,    0,   -1
  260,19850116,  -95, -134,  -64,    0,    0
  260,19850117,  -70,  -97,  -41,   30,    5
  260,19850118,  -89, -119,  -61,    0,    0
  260,19850119,  -66,  -99,  -51,    0,    0
  260,19850120,  -61,  -82,  -30,    0,    0
  260,19850121,   16,  -37,   55,   42,   35
  260,19850122,   40,    2,   67,   72,   60
  260,19850123,   11,  -10,   36,    3,    1
  260,19850124,   14,  -12,   36,   70,   59
  260,19850125,   38,   15,   51,   41,   21
  260,19850126,   10,  -19,   25,   53,   30
  260,19850127,   -5,  -42,   29,    0,   -1
  260,19850128,    4,  -15,   24,    0,   -1
  260,19850129,   45,   10,   89,   25,   35
  260,19850130,   65,   42,   92,   20,   24
  260,19850131,   72,   56,   87,   21,   19
  260,19850201,   88,   68,  116,   21,   10
  260,19850202,   73,   32,   99,    0,   -1
  260,19850203,   36,   -1,   78,    0,   -1
  260,19850204,   33,  -17,   89,    0,    0
  260,19850205,   21,  -26,   93,    0,    0
  260,19850206,   11,  -23,   56,    0,   -1
  260,19850207,   -6,  -40,   22,    0,    0
  260,19850208,  -15,  -38,    0,   10,    1
  260,19850209,  -41,  -66,  -30,    0,   -1
  260,19850210,  -67,  -95,  -36,    0,   -1
  260,19850211,  -69,  -91,  -32,    0,    0
  260,19850212,  -72, -114,  -19,    0,    0
  260,19850213,  -60, -110,    2,    0,    0
  260,19850214,  -55, -112,    6,    0,   -1
  260,19850215,  -60, -118,   -4,    0,    0
  260,19850216,  -27,  -94,   50,    0,    0
  260,19850217,  -18,  -55,   25,    0,    0
  260,19850218,  -55,  -98,   -9,    0,    0
  260,19850219,  -64, -139,    6,    0,    0
  260,19850220,  -22,  -74,    7,    0,    0
  260,19850221,   14,   -2,   43,   10,    3
  260,19850222,   14,    7,   29,    9,    1
  260,19850223,   20,   -9,   40,   20,    4
  260,19850224,   35,  -21,  110,    0,    0
  260,19850225,   55,  -23,  127,    0,    0
  260,19850226,   37,   -5,   82,    0,    0
  260,19850227,   13,   -3,   29,    0,   -1
  260,19850228,   13,    4,   24,    0,   -1
  260,19850301,   22,   -8,   54,   20,   20
  260,19850302,   46,   32,   67,   10,    2
  260,19850303,   63,   20,  103,   18,   11
  260,19850304,   69,   35,   87,   86,   50
  260,19850305,   44,    4,  102,    0,    0
  260,19850306,   21,   -1,   66,    0,   -1
  260,19850307,   23,    5,   46,    0,    0
  260,19850308,   50,   26,  105,    0,   -1
  260,19850309,   43,    6,   78,    0,   -1
  260,19850310,   41,  -22,  104,   40,   23
  260,19850311,   42,   20,   81,    1,    1
  260,19850312,   26,  -10,   71,    0,    0
  260,19850313,   15,  -14,   46,   40,   19
  260,19850314,   34,    5,   70,   10,    2
  260,19850315,   15,  -17,   55,   27,   41
  260,19850316,   17,   -8,   58,    0,    0
  260,19850317,    9,  -14,   38,    0,    0
  260,19850318,    8,  -29,   52,    0,    0
  260,19850319,   -7,  -33,    9,   20,    4
  260,19850320,    4,  -14,   25,   61,   14
  260,19850321,   43,  -23,  111,    0,   -1
  260,19850322,   68,   38,  109,    0,   -1
  260,19850323,   57,   46,   79,   53,   10
  260,19850324,   59,   37,   94,   11,   18
  260,19850325,   68,   31,  106,   19,   17
  260,19850326,   66,   48,   92,   78,   76
  260,19850327,   43,   15,   86,    0,   -1
  260,19850328,   37,   18,   63,   10,    5
  260,19850329,   66,   49,   81,    3,    1
  260,19850330,   93,   72,  112,   63,   36
  260,19850331,  101,   88,  136,   80,   86
  260,19850401,  131,   82,  184,   64,   68
  260,19850402,  103,   63,  128,   32,   40
  260,19850403,  143,   84,  203,    0,   -1
  260,19850404,  154,   98,  200,    0,    0
  260,19850405,  124,   96,  150,   49,   20
  260,19850406,  106,   62,  157,   40,   69
  260,19850407,   95,   76,  114,   47,   47
  260,19850408,  101,   83,  136,    3,    3
  260,19850409,   85,   43,  120,    0,   -1
  260,19850410,   69,   30,  122,    0,   -1
  260,19850411,   65,   12,  101,   55,   54
  260,19850412,   60,   46,   79,   63,   60
  260,19850413,   75,   41,  104,   86,  130
  260,19850414,   70,   55,   93,   89,   81
  260,19850415,   81,   62,  117,    0,   -1
  260,19850416,   99,   48,  139,   33,   12
  260,19850417,  101,   40,  157,    0,    0
  260,19850418,  114,   35,  170,    0,    0
  260,19850419,  127,   55,  191,    0,    0
  260,19850420,   72,   12,  112,    0,   -1
  260,19850421,   81,   -8,  144,    0,    0
  260,19850422,   90,   48,  154,    0,    0
  260,19850423,   62,   27,   97,    0,   -1
  260,19850424,   54,  -17,  107,    0,    0
  260,19850425,   45,    2,   84,   27,    8
  260,19850426,   45,   -1,   79,    0,   -1
  260,19850427,   48,   17,   74,   69,   54
  260,19850428,   44,   16,   93,   43,   33
  260,19850429,   52,   15,   99,    0,   -1
  260,19850430,   68,   19,  101,    0,   -1
  260,19850501,   82,   52,  102,   18,   20
  260,19850502,   57,   42,   79,   58,   52
  260,19850503,   69,   41,   93,    0,   -1
  260,19850504,   67,   55,   87,   15,    5
  260,19850505,   98,   58,  131,    0,   -1
  260,19850506,  139,   58,  200,    0,   -1
  260,19850507,  156,   92,  206,    0,   -1
  260,19850508,  162,  121,  205,    0,   -1
  260,19850509,  112,   75,  169,    0,   -1
  260,19850510,   95,   83,  107,   10,    1
  260,19850511,  115,   88,  153,    0,    0
  260,19850512,  139,   91,  206,   22,  128
  260,19850513,  131,   87,  184,    0,   -1
  260,19850514,  133,   91,  172,    0,   -1
  260,19850515,  140,   83,  192,    0,    0
  260,19850516,  159,   91,  212,    0,   -1
  260,19850517,  156,  104,  208,    0,    0
  260,19850518,  144,   83,  202,    0,    0
  260,19850519,  163,   98,  238,   20,   36
  260,19850520,  148,  107,  186,   64,   41
  260,19850521,  143,   92,  214,   19,   86
  260,19850522,  111,   88,  131,    9,    2
  260,19850523,   95,   64,  117,    0,   -1
  260,19850524,  138,   63,  201,    0,   -1
  260,19850525,  173,  120,  227,    0,    0
  260,19850526,  204,  114,  285,    7,    7
  260,19850527,  204,  137,  290,    0,    0
  260,19850528,  154,  103,  198,    0,    0
  260,19850529,  122,   70,  170,    0,    0
  260,19850530,  135,   80,  195,    0,    0
  260,19850531,  146,   72,  211,    0,    0
  260,19850601,  168,  102,  234,    0,    0
  260,19850602,  179,  101,  252,    0,    0
  260,19850603,  194,   99,  274,    0,    0
  260,19850604,  218,  112,  295,   16,   51
  260,19850605,  151,  112,  171,    4,    6
  260,19850606,  150,  117,  187,   17,   18
  260,19850607,  134,   80,  187,   12,  137
  260,19850608,  102,   76,  141,    7,    3
  260,19850609,  110,   76,  157,   75,   40
  260,19850610,  113,   84,  147,    6,   11
  260,19850611,  124,   82,  151,   35,   24
  260,19850612,  118,   93,  149,   53,  115
  260,19850613,  112,   85,  145,   30,   84
  260,19850614,   91,   52,  128,   80,   96
  260,19850615,  101,   49,  149,    0,   -1
  260,19850616,   99,   35,  143,    3,   23
  260,19850617,  124,   62,  182,    0,    0
  260,19850618,  144,   97,  193,    0,    0
  260,19850619,  146,   96,  185,   37,   28
  260,19850620,  135,  119,  167,  125,   52
  260,19850621,  143,  113,  190,   72,   96
  260,19850622,  146,  105,  180,   18,   29
  260,19850623,  132,  100,  168,    0,   -1
  260,19850624,  142,   94,  184,   22,   25
  260,19850625,  145,  121,  182,   24,   10
  260,19850626,  125,   95,  154,   63,   70
  260,19850627,  128,   86,  167,    8,   14
  260,19850628,  141,  105,  167,    0,   -1
  260,19850629,  144,  114,  175,   23,    4
  260,19850630,  162,  124,  201,    0,   -1
  260,19850701,  163,  127,  207,   35,   19
  260,19850702,  160,  115,  214,    0,    0
  260,19850703,  185,  110,  242,    0,    0
  260,19850704,  216,  135,  272,    0,    0
  260,19850705,  224,  166,  276,    0,    0
  260,19850706,  172,   98,  206,    0,   -1
  260,19850707,  151,   78,  207,    0,    0
  260,19850708,  151,   91,  198,    0,   -1
  260,19850709,  167,  130,  216,    4,    4
  260,19850710,  152,   97,  194,    0,    0
  260,19850711,  171,   89,  225,    0,    0
  260,19850712,  186,  146,  236,    0,    0
  260,19850713,  216,  141,  285,    0,    0
  260,19850714,  224,  181,  301,    0,   -1
  260,19850715,  167,  121,  207,    0,   -1
  260,19850716,  152,  128,  178,   18,   16
  260,19850717,  173,   86,  239,    0,    0
  260,19850718,  172,  126,  228,   48,  121
  260,19850719,  156,  122,  189,   27,   66
  260,19850720,  151,  111,  189,    9,   15
  260,19850721,  148,  108,  189,    0,   -1
  260,19850722,  157,  116,  182,   57,   59
  260,19850723,  167,  105,  210,    0,   -1
  260,19850724,  181,   89,  256,    0,    0
  260,19850725,  214,  138,  272,    0,    0
  260,19850726,  190,  166,  230,   41,   46
  260,19850727,  177,  150,  209,    0,   -1
  260,19850728,  179,  140,  224,   23,  140
  260,19850729,  168,  139,  215,   45,  169
  260,19850730,  150,  139,  169,   85,  184
  260,19850731,  157,  116,  202,    0,   -1
  260,19850801,  146,  108,  192,    9,   45
  260,19850802,  155,  108,  186,   10,    8
  260,19850803,  152,  100,  190,   34,   31
  260,19850804,  142,  114,  170,   43,   87
  260,19850805,  155,  120,  182,   33,   56
  260,19850806,  143,  104,  185,    0,   -1
  260,19850807,  150,  102,  200,   18,    8
  260,19850808,  167,  135,  204,    0,   -1
  260,19850809,  191,  143,  257,    0,   -1
  260,19850810,  144,  111,  176,   42,   85
  260,19850811,  157,   88,  217,   12,    4
  260,19850812,  158,  110,  207,    0,   -1
  260,19850813,  181,  111,  236,    0,    0
  260,19850814,  194,  135,  279,   12,  150
  260,19850815,  161,   99,  226,    0,    0
  260,19850816,  151,  105,  204,    8,   18
  260,19850817,  135,   95,  172,   80,  207
  260,19850818,  150,   88,  207,    0,    0
  260,19850819,  166,  141,  201,   36,   40
  260,19850820,  170,  141,  203,   20,   17
  260,19850821,  171,  121,  209,   20,    2
  260,19850822,  164,  129,  200,   22,   51
  260,19850823,  154,  128,  191,    0,   -1
  260,19850824,  147,  124,  166,   51,   14
  260,19850825,  139,  109,  187,    3,    9
  260,19850826,  130,   89,  168,    8,   18
  260,19850827,  140,   74,  197,    0,    0
  260,19850828,  166,  103,  234,    0,    0
  260,19850829,  185,  110,  259,    0,    0
  260,19850830,  189,  129,  251,    0,    0
  260,19850831,  177,  156,  207,   31,   36
  260,19850901,  153,  116,  187,    8,    6
  260,19850902,  153,  120,  183,    3,    3
  260,19850903,  151,  129,  187,   49,  101
  260,19850904,  145,  122,  172,    1,    6
  260,19850905,  143,  113,  176,   46,   33
  260,19850906,  116,   84,  155,    9,   15
  260,19850907,  115,   66,  153,   40,   21
  260,19850908,  128,  100,  157,   86,   52
  260,19850909,  119,   60,  163,    0,    0
  260,19850910,  131,   54,  197,    0,    0
  260,19850911,  161,  113,  223,    0,    0
  260,19850912,  174,   96,  234,    0,    0
  260,19850913,  141,   71,  176,    4,    1
  260,19850914,  122,   48,  162,    1,    2
  260,19850915,  133,  111,  167,   26,   38
  260,19850916,  132,   96,  158,   41,   34
  260,19850917,  166,  121,  185,   30,   39
  260,19850918,  151,  103,  207,    0,    0
  260,19850919,  174,  122,  241,    0,   -1
  260,19850920,  149,  108,  179,   19,    3
  260,19850921,  166,   98,  220,    0,    0
  260,19850922,  167,  134,  202,   54,   77
  260,19850923,  157,   98,  199,    0,    0
  260,19850924,  142,   94,  189,    0,   -1
  260,19850925,  133,   68,  190,    0,    0
  260,19850926,  145,  104,  203,    0,    0
  260,19850927,  140,   79,  211,    0,    0
  260,19850928,  133,   89,  183,    0,    0
  260,19850929,  130,   69,  195,    0,    0
  260,19850930,  150,   81,  228,    0,    0
  260,19851001,  172,  121,  236,    0,    0
  260,19851002,  173,  142,  213,    0,   -1
  260,19851003,  189,  158,  232,   10,    1
  260,19851004,  158,  134,  188,   14,    7
  260,19851005,  137,   73,  193,    0,    0
  260,19851006,  141,   87,  202,    0,    0
  260,19851007,  149,  121,  177,   94,  103
  260,19851008,  111,   85,  138,   55,   79
  260,19851009,  116,   91,  153,   20,   37
  260,19851010,  136,   96,  159,    0,   -1
  260,19851011,  140,   87,  174,    0,   -1
  260,19851012,  101,   53,  159,    0,    0
  260,19851013,   89,   32,  160,    0,    0
  260,19851014,  117,   43,  170,    0,   -1
  260,19851015,  131,  123,  147,   10,    3
  260,19851016,  121,  113,  132,   18,    7
  260,19851017,  120,  108,  142,    0,   -1
  260,19851018,  113,   85,  130,    0,   -1
  260,19851019,   98,   44,  140,    0,   -1
  260,19851020,   77,   28,  136,    0,    0
  260,19851021,   77,   20,  147,    0,    0
  260,19851022,   70,   21,  126,    0,    0
  260,19851023,   75,   42,  125,    0,    0
  260,19851024,   70,   25,  142,    0,    0
  260,19851025,   47,   10,  101,    0,    0
  260,19851026,   35,   -7,  107,    0,    0
  260,19851027,   29,   15,   43,    0,   -1
  260,19851028,   70,   33,  107,   50,   42
  260,19851029,   65,   20,   91,    9,    1
  260,19851030,   36,   23,   46,    0,   -1
  260,19851031,   25,   21,   29,    0,   -1
  260,19851101,   48,   24,   72,   21,    8
  260,19851102,   50,   23,   81,   72,   67
  260,19851103,   39,  -16,   83,    9,    5
  260,19851104,   24,  -28,   74,    0,    0
  260,19851105,  102,   63,  144,   71,  164
  260,19851106,   66,   29,   88,    6,   14
  260,19851107,   82,   27,  120,   24,   31
  260,19851108,   95,   25,  129,   24,   29
  260,19851109,  125,   93,  157,   63,  124
  260,19851110,   56,    8,   99,   72,  199
  260,19851111,   21,    7,   41,   54,  129
  260,19851112,   30,    1,   71,    5,    1
  260,19851113,   36,    1,   93,   10,   14
  260,19851114,   10,    2,   22,    0,    0
  260,19851115,   16,  -11,   39,   28,   17
  260,19851116,   39,   28,   53,    0,   -1
  260,19851117,   10,  -19,   35,    0,    0
  260,19851118,   -5,  -22,   22,    0,    0
  260,19851119,  -28,  -40,  -14,    0,   -1
  260,19851120,  -27,  -38,  -18,    0,    0
  260,19851121,    0,  -21,   16,   30,    3
  260,19851122,    0,  -27,   19,    0,   -1
  260,19851123,  -10,  -24,   13,   50,   21
  260,19851124,  -14,  -33,    1,    0,    0
  260,19851125,    7,  -14,   25,   10,    2
  260,19851126,   -2,  -38,   13,   15,   14
  260,19851127,   13,    0,   31,   46,   52
  260,19851128,    3,  -30,   45,    9,   10
  260,19851129,    0,  -16,   35,    6,    8
  260,19851130,    8,   -8,   23,   46,   26
  260,19851201,   84,   22,  123,    0,   -1
  260,19851202,  112,  101,  123,   21,   17
  260,19851203,  124,  112,  131,    1,    1
  260,19851204,  111,  105,  116,  109,   92
  260,19851205,  110,   75,  135,   69,   49
  260,19851206,   78,   63,   96,   47,   32
  260,19851207,   87,   57,  103,   38,   40
  260,19851208,   55,   35,   72,    0,    0
  260,19851209,   68,   51,   84,   56,   21
  260,19851210,   42,   -6,   77,    0,    0
  260,19851211,   12,   -8,   27,    0,    0
  260,19851212,   12,  -12,   29,    4,    2
  260,19851213,   33,   10,   71,   89,   66
  260,19851214,   94,   68,  110,    0,   -1
  260,19851215,  107,   98,  113,    0,   -1
  260,19851216,   99,   80,  111,    8,    5
  260,19851217,   90,   78,   98,    0,   -1
  260,19851218,   84,   66,  108,   46,   35
  260,19851219,   67,   48,   83,    0,   -1
  260,19851220,   88,   53,  103,   22,   23
  260,19851221,   61,   45,   83,    0,    0
  260,19851222,   63,   40,  101,    0,   -1
  260,19851223,   58,   46,   75,   20,    3
  260,19851224,   58,   42,   71,   52,   12
  260,19851225,   80,   70,   92,   12,   12
  260,19851226,   48,    4,   77,  166,  359
  260,19851227,  -15,  -52,   13,   20,   14
  260,19851228,  -43,  -68,  -20,    0,    0
  260,19851229,  -21,  -39,   -2,    0,   -1
  260,19851230,  -29,  -43,  -22,    0,   -1
  260,19851231,  -38,  -58,  -22,    0,    0
  260,19860101,  -28,  -55,   -9,    0,    0
  260,19860102,   23,  -16,   46,  119,   87
  260,19860103,    9,  -20,   47,  112,   44
  260,19860104,    0,  -35,   30,   26,    7
  260,19860105,    7,    1,   16,  105,  119
  260,19860106,    8,  -13,   22,   16,    9
  260,19860107,  -31,  -76,   -9,    0,    0
  260,19860108,  -23,  -38,   -8,    0,    0
  260,19860109,  -41,  -68,  -21,    0,    0
  260,19860110,   13,  -49,   62,   54,   68
  260,19860111,   44,   25,   63,    0,   -1
  260,19860112,   53,   26,   64,    0,   -1
  260,19860113,   81,   50,   98,   46,   52
  260,19860114,   63,   43,   97,   35,   49
  260,19860115,   44,    0,   67,   41,   21
  260,19860116,   25,    8,   48,    0,   -1
  260,19860117,   20,  -17,   52,    0,   -1
  260,19860118,   57,    0,   95,   64,   85
  260,19860119,   87,   54,  110,  123,  153
  260,19860120,   62,   45,   78,    0,    0
  260,19860121,   64,   54,   71,   33,   37
  260,19860122,   55,   31,   83,   83,   92
  260,19860123,   62,   27,   84,   33,   44
  260,19860124,   32,   14,   50,   25,   24
  260,19860125,   21,   -1,   54,    2,    3
  260,19860126,    0,  -44,   46,    0,    0
  260,19860127,  -23,  -53,   -1,    0,   -1
  260,19860128,   16,  -14,   43,   28,   20
  260,19860129,   18,    1,   34,    0,   -1
  260,19860130,    6,  -17,   25,    0,    0
  260,19860131,   18,    9,   25,    0,    0
  260,19860201,   20,    8,   37,    0,    0
  260,19860202,   12,    0,   33,    0,   -1
  260,19860203,   -6,  -12,    0,    0,    0
  260,19860204,  -19,  -40,    1,    0,    0
  260,19860205,  -36,  -62,    0,    0,    0
  260,19860206,  -40,  -63,  -21,    0,   -1
  260,19860207,  -36,  -58,    1,    0,    0
  260,19860208,  -48,  -73,  -28,    0,   -1
  260,19860209,  -88, -105,  -59,    0,   -1
  260,19860210,  -26,  -72,   -8,    0,    0
  260,19860211,  -13,  -26,    7,    0,    0
  260,19860212,  -16,  -55,   26,    0,    0
  260,19860213,  -31,  -77,   30,    0,    0
  260,19860214,  -32,  -64,    0,    0,   -1
  260,19860215,  -29,  -61,   11,    0,    0
  260,19860216,  -36,  -66,   -6,    0,   -1
  260,19860217,  -20,  -53,   23,    0,    0
  260,19860218,  -29,  -66,   -6,    0,   -1
  260,19860219,  -32,  -69,  -15,    0,   -1
  260,19860220,  -67, -116,  -13,    0,   -1
  260,19860221,  -84, -146,  -19,    0,    0
  260,19860222,  -69, -144,  -18,   10,    4
  260,19860223,  -55,  -96,  -20,    0,   -1
  260,19860224,  -56, -131,   14,    0,   -1
  260,19860225,  -46,  -76,   -9,    0,   -1
  260,19860226,  -58, -104,   -2,    0,    0
  260,19860227,  -50, -113,   19,    0,    0
  260,19860228,  -21,  -67,   25,    0,    0
  260,19860301,  -16,  -26,    4,    0,    0
  260,19860302,  -22,  -68,   31,    0,    0
  260,19860303,  -31,  -81,   34,    0,    0
  260,19860304,   -3,  -81,   48,   70,   50
  260,19860305,   68,   46,   78,   73,   52
  260,19860306,   45,    9,   80,    0,    0
  260,19860307,   31,  -17,   90,    0,   -1
  260,19860308,   18,  -17,   65,    0,    0
  260,19860309,   16,  -17,   77,    0,    0
  260,19860310,   22,  -21,   83,    0,    0
  260,19860311,   15,  -24,   69,    0,    0
  260,19860312,   23,   16,   31,    0,   -1
  260,19860313,   29,   -1,   56,    0,    0
  260,19860314,   24,  -12,   67,    0,    0
  260,19860315,   47,  -15,  107,    0,    0
  260,19860316,   57,   15,  117,    0,    0
  260,19860317,   54,    2,   89,   19,    4
  260,19860318,   93,   34,  161,    3,    8
  260,19860319,   99,   42,  158,   14,    3
  260,19860320,   62,   46,   89,   47,   19
  260,19860321,   48,   16,   79,    0,   -1
  260,19860322,   54,   28,   85,   85,   83
  260,19860323,   75,   41,   94,   51,  105
  260,19860324,   53,   15,  110,   85,  109
  260,19860325,   49,   23,   79,    4,    1
  260,19860326,   55,   32,   94,    0,   -1
  260,19860327,   93,   48,  135,   95,   35
  260,19860328,   84,   63,  118,   57,   83
  260,19860329,   70,   42,  101,   22,   23
  260,19860330,   45,   19,   74,   57,   45
  260,19860331,   44,   11,   97,   37,   34
  260,19860401,   49,   -1,   85,    0,   -1
  260,19860402,   37,   -4,  104,    0,   -1
  260,19860403,   34,   -4,   85,    0,   -1
  260,19860404,   42,    7,   73,    0,   -1
  260,19860405,   42,  -11,   90,    3,    2
  260,19860406,   49,    6,   99,    0,   -1
  260,19860407,   52,   16,   72,   30,   19
  260,19860408,   50,   35,   66,    0,   -1
  260,19860409,   44,   33,   66,    0,   -1
  260,19860410,   34,   -9,   66,    0,   -1
  260,19860411,   -1,  -47,   36,    0,   -1
  260,19860412,    3,  -66,   61,    0,    0
  260,19860413,   20,  -39,   70,    0,   -1
  260,19860414,   42,   15,   71,   32,   44
  260,19860415,   73,   36,  104,    8,   20
  260,19860416,   88,   56,  137,    3,   11
  260,19860417,   71,   28,  126,   22,   17
  260,19860418,   59,   18,  101,    0,   -1
  260,19860419,   56,   22,   88,    0,   -1
  260,19860420,   57,   13,   90,   46,   37
  260,19860421,   74,   37,  117,   24,    9
  260,19860422,   88,   41,  136,    0,    0
  260,19860423,   95,   41,  140,    0,   -1
  260,19860424,   92,   36,  135,    1,    1
  260,19860425,  108,   39,  169,    0,   -1
  260,19860426,  108,   51,  163,    0,   -1
  260,19860427,  107,   71,  145,   36,  108
  260,19860428,   97,   57,  140,    0,    0
  260,19860429,   86,   22,  143,    0,    0
  260,19860430,   95,   41,  159,    0,    0
  260,19860501,  133,   32,  200,    0,    0
  260,19860502,  187,  113,  246,    0,    0
  260,19860503,  166,   92,  254,   24,   52
  260,19860504,  128,   85,  172,   39,   47
  260,19860505,  141,   79,  218,    1,    4
  260,19860506,  130,   67,  178,   28,   54
  260,19860507,  127,   84,  170,   17,   11
  260,19860508,  105,   65,  144,    7,   37
  260,19860509,  115,   88,  156,   38,   30
  260,19860510,  136,  104,  164,   76,   81
  260,19860511,  118,   86,  154,    0,   -1
  260,19860512,  145,   84,  220,    0,   -1
  260,19860513,  128,   94,  173,    2,    3
  260,19860514,  124,   97,  163,    3,    1
  260,19860515,  103,   78,  125,   40,   43
  260,19860516,  108,   57,  157,    0,    0
  260,19860517,  144,   41,  201,    0,   -1
  260,19860518,  147,   82,  185,    5,    2
  260,19860519,  144,   60,  210,    0,    0
  260,19860520,  189,  100,  248,   16,   38
  260,19860521,  154,  107,  210,   12,   12
  260,19860522,  129,   86,  176,    0,    0
  260,19860523,  129,  101,  173,   13,   10
  260,19860524,  126,   93,  161,    0,   -1
  260,19860525,  147,   82,  219,    0,    0
  260,19860526,  161,   87,  234,    0,    0
  260,19860527,  140,   90,  187,    0,    0
  260,19860528,  108,   48,  157,    0,   -1
  260,19860529,  104,   52,  160,   18,   12
  260,19860530,   98,   43,  151,    0,   -1
  260,19860531,  109,   13,  170,    0,    0
  260,19860601,  113,   88,  133,   19,   10
  260,19860602,  132,   69,  198,    0,    0
  260,19860603,  122,   67,  173,   60,   80
  260,19860604,   98,   72,  134,   14,   17
  260,19860605,   95,   82,  120,   27,   13
  260,19860606,  102,   84,  136,   88,  130
  260,19860607,   95,   72,  111,   73,   60
  260,19860608,  118,   86,  149,    0,   -1
  260,19860609,  168,   93,  233,    0,    0
  260,19860610,  170,  106,  270,    6,   15
  260,19860611,  121,   99,  169,   10,   29
  260,19860612,  127,   78,  175,    0,    0
  260,19860613,  138,   57,  200,    0,    0
  260,19860614,  182,   85,  245,    0,    0
  260,19860615,  216,  133,  277,    0,    0
  260,19860616,  237,  158,  303,    0,   -1
  260,19860617,  222,  161,  284,    0,    0
  260,19860618,  156,  100,  196,    0,    0
  260,19860619,  167,   89,  233,    0,    0
  260,19860620,  168,  116,  245,    0,    0
  260,19860621,  152,  110,  212,    0,    0
  260,19860622,  197,  115,  265,    0,    0
  260,19860623,  207,  137,  271,   20,   44
  260,19860624,  153,  107,  177,    0,   -1
  260,19860625,  180,   93,  236,    0,    0
  260,19860626,  210,  132,  273,    0,    0
  260,19860627,  230,  154,  296,    0,    0
  260,19860628,  217,  153,  284,    0,    0
  260,19860629,  209,  130,  280,    0,    0
  260,19860630,  223,  155,  286,    0,    0
  260,19860701,  235,  157,  307,    0,    0
  260,19860702,  234,  154,  305,    0,    0
  260,19860703,  206,  148,  268,    0,    0
  260,19860704,  195,  123,  241,    0,    0
  260,19860705,  173,  140,  221,   68,   48
  260,19860706,  160,  130,  206,   33,   18
  260,19860707,  152,   99,  203,    8,   13
  260,19860708,  160,   99,  208,    0,   -1
  260,19860709,  155,  112,  193,    0,   -1
  260,19860710,  152,  121,  190,    0,   -1
  260,19860711,  146,   86,  206,    0,    0
  260,19860712,  134,   61,  194,    0,    0
  260,19860713,  146,   94,  199,    0,    0
  260,19860714,  163,   92,  214,    6,    5
  260,19860715,  192,  133,  248,    0,    0
  260,19860716,  218,  127,  291,    0,    0
  260,19860717,  185,   99,  251,    0,    0
  260,19860718,  154,   92,  203,    0,   -1
  260,19860719,  148,   88,  205,    0,    0
  260,19860720,  152,   81,  217,    0,   -1
  260,19860721,  172,  129,  221,    0,   -1
  260,19860722,  153,  113,  204,   11,   22
  260,19860723,  144,   96,  205,   17,    9
  260,19860724,  136,   95,  186,   50,  230
  260,19860725,  146,  123,  166,   76,   82
  260,19860726,  170,  140,  199,   18,    5
  260,19860727,  189,  160,  234,    0,    0
  260,19860728,  221,  158,  269,    0,   -1
  260,19860729,  195,  165,  217,    0,   -1
  260,19860730,  173,  118,  229,    0,    0
  260,19860731,  177,  136,  220,    0,   -1
  260,19860801,  171,  137,  216,    0,   -1
  260,19860802,  178,  102,  230,    0,    0
  260,19860803,  205,  101,  298,    2,   32
  260,19860804,  177,  138,  211,   30,   39
  260,19860805,  152,   94,  198,    0,   -1
  260,19860806,  175,   81,  251,    0,    0
  260,19860807,  174,  141,  207,    0,   -1
  260,19860808,  152,   96,  194,    0,   -1
  260,19860809,  157,   90,  218,    0,    0
  260,19860810,  176,  110,  238,    0,    0
  260,19860811,  172,  111,  232,    0,   -1
  260,19860812,  163,  115,  208,    0,   -1
  260,19860813,  169,  101,  229,    0,    0
  260,19860814,  198,  119,  258,    0,   -1
  260,19860815,  183,  152,  222,    0,   -1
  260,19860816,  166,  126,  206,    0,    0
  260,19860817,  159,  123,  212,    0,    0
  260,19860818,  155,  123,  188,    0,   -1
  260,19860819,  144,  117,  184,   28,   22
  260,19860820,  135,   69,  177,   29,   39
  260,19860821,  140,   48,  203,    0,   -1
  260,19860822,  154,  119,  209,   55,   63
  260,19860823,  136,   87,  188,   13,    7
  260,19860824,  125,   75,  180,    4,   16
  260,19860825,  140,   78,  197,    0,   -1
  260,19860826,  148,  122,  205,   67,  130
  260,19860827,  127,  111,  142,   76,  170
  260,19860828,  122,   93,  160,   21,   11
  260,19860829,  123,   94,  161,   50,  111
  260,19860830,  134,  103,  167,   46,  116
  260,19860831,  123,   93,  162,   10,    1
  260,19860901,  129,   85,  163,   20,    3
  260,19860902,  149,  127,  172,    2,    2
  260,19860903,  130,  101,  158,   47,  122
  260,19860904,  125,   69,  171,    0,   -1
  260,19860905,  128,   60,  188,    0,    0
  260,19860906,  126,   92,  161,    7,   17
  260,19860907,  121,   71,  159,    0,    0
  260,19860908,  105,   57,  152,    0,   -1
  260,19860909,  102,   37,  177,    0,    0
  260,19860910,   84,   16,  158,    0,   -1
  260,19860911,   90,   13,  153,    0,    0
  260,19860912,  103,   66,  148,    0,    0
  260,19860913,  114,   46,  167,   62,   60
  260,19860914,  140,  112,  165,   68,   40
  260,19860915,   93,   77,  126,   59,   70
  260,19860916,  106,   77,  143,    0,    0
  260,19860917,  106,   82,  134,    0,    0
  260,19860918,  105,   50,  153,    2,    6
  260,19860919,   92,   23,  166,    0,    0
  260,19860920,  104,   20,  189,    0,    0
  260,19860921,  125,   73,  185,    0,    0
  260,19860922,  138,   90,  160,    0,    0
  260,19860923,  144,   87,  202,    0,    0
  260,19860924,  122,   73,  170,    0,    0
  260,19860925,  105,   54,  156,    0,    0
  260,19860926,   98,   35,  159,    0,    0
  260,19860927,  102,   46,  176,    0,    0
  260,19860928,  109,   31,  184,    0,    0
  260,19860929,  144,   91,  193,    0,    0
  260,19860930,  130,  100,  147,    0,   -1
  260,19861001,  124,   55,  206,    0,    0
  260,19861002,  127,   65,  169,    0,   -1
  260,19861003,   99,   45,  178,    0,    0
  260,19861004,  108,   45,  166,    0,    0
  260,19861005,  141,   68,  205,    0,    0
  260,19861006,  151,  108,  187,    0,   -1
  260,19861007,  152,   98,  198,   21,   16
  260,19861008,  125,   76,  177,    0,    0
  260,19861009,  127,   76,  190,    0,    0
  260,19861010,  142,   92,  201,    0,    0
  260,19861011,  128,   89,  149,   18,   59
  260,19861012,  132,   95,  185,    0,    0
  260,19861013,  119,   74,  173,    0,    0
  260,19861014,  153,  103,  206,    0,   -1
  260,19861015,  162,  135,  206,   11,    7
  260,19861016,  124,   82,  145,    7,    2
  260,19861017,   95,   49,  151,    0,    0
  260,19861018,  118,   85,  149,   23,   10
  260,19861019,   95,   36,  126,   87,  282
  260,19861020,   90,   62,  156,  117,  191
  260,19861021,   98,   85,  108,  128,  186
  260,19861022,  105,   66,  122,  105,  128
  260,19861023,   73,   43,  105,   57,   40
  260,19861024,   77,   31,  110,    0,   -1
  260,19861025,  100,   72,  137,   42,   80
  260,19861026,   85,   39,  107,   67,   56
  260,19861027,   89,   48,  129,   42,   49
  260,19861028,  123,   99,  142,   94,   31
  260,19861029,  100,   58,  141,   45,   95
  260,19861030,   93,   51,  130,   24,   10
  260,19861031,   91,   63,  123,    0,   -1
  260,19861101,  105,   74,  138,   40,   52
  260,19861102,   74,   45,  107,    0,   -1
  260,19861103,   76,   53,  104,   22,    9
  260,19861104,   70,    9,  125,    0,   -1
  260,19861105,   94,   77,  116,   38,   19
  260,19861106,   88,   45,  117,    0,   -1
  260,19861107,   70,   26,  101,    0,   -1
  260,19861108,   73,   44,   94,   34,   35
  260,19861109,   56,   27,   87,    0,    0
  260,19861110,  102,   64,  127,   10,    6
  260,19861111,  128,  109,  151,   39,   57
  260,19861112,   83,   36,  123,    0,   -1
  260,19861113,  115,   83,  152,    0,    0
  260,19861114,  120,  101,  144,   25,    6
  260,19861115,  100,   58,  133,    0,   -1
  260,19861116,   77,   45,  105,    0,   -1
  260,19861117,   89,   56,  113,   14,   10
  260,19861118,   83,   52,  106,   92,   38
  260,19861119,  114,  103,  120,  204,  264
  260,19861120,   60,   25,  113,   61,  146
  260,19861121,   58,   33,   70,   12,   22
  260,19861122,   80,   49,  115,   18,    9
  260,19861123,   58,   36,   86,   33,   26
  260,19861124,   89,   60,  126,   17,    3
  260,19861125,  120,  112,  126,    0,   -1
  260,19861126,   96,   52,  118,   17,   17
  260,19861127,   64,   34,  102,    0,    0
  260,19861128,   34,    8,   48,    0,    0
  260,19861129,   -6,  -16,   14,    0,    0
  260,19861130,    3,  -33,   53,    0,    0
  260,19861201,   38,   -3,   83,    5,    3
  260,19861202,   83,   35,  107,    3,    3
  260,19861203,   87,   64,  113,    0,   -1
  260,19861204,   95,   70,  126,    0,    0
  260,19861205,   91,   65,  119,   35,   32
  260,19861206,   47,   -9,   95,   21,   13
  260,19861207,   36,  -13,   84,    0,   -1
  260,19861208,  102,   83,  131,    0,   -1
  260,19861209,   70,    5,  107,    0,   -1
  260,19861210,   36,    9,   83,    0,   -1
  260,19861211,   34,    8,   56,    0,    0
  260,19861212,   48,   41,   58,   15,   15
  260,19861213,   45,   31,   70,   46,   33
  260,19861214,   25,  -19,   56,    8,    3
  260,19861215,   21,  -19,   68,   56,   63
  260,19861216,   53,   29,   68,   18,   44
  260,19861217,   60,   25,   79,   43,   25
  260,19861218,   79,   54,  104,   44,   50
  260,19861219,   45,   21,   72,   23,   36
  260,19861220,   39,   18,   56,   84,   78
  260,19861221,   22,  -10,   61,   43,   69
  260,19861222,   -2,  -38,   25,    0,   -1
  260,19861223,   -1,  -22,   32,   25,    5
  260,19861224,  -14,  -38,    6,    0,   -1
  260,19861225,   13,  -11,   47,   84,  105
  260,19861226,   29,    6,   55,   14,   27
  260,19861227,   52,   30,   67,    1,    1
  260,19861228,   76,   63,  102,   26,   24
  260,19861229,   96,   84,  104,   31,   34
  260,19861230,   94,   83,  102,  187,  321
  260,19861231,   85,   70,   98,   37,   32
  260,19870101,   49,   37,   82,  130,   84
  260,19870102,   30,  -29,   74,   29,   18
  260,19870103,   -1,  -56,   52,    6,    2
  260,19870104,   24,   11,   56,  100,   79
  260,19870105,   62,   49,   72,    2,    4
  260,19870106,   24,  -12,   58,   57,   52
  260,19870107,  -19,  -47,    0,    0,   -1
  260,19870108,  -25,  -76,    9,   30,   10
  260,19870109,   -8,  -34,    0,    0,   -1
  260,19870110,  -75,  -90,  -34,    0,   -1
  260,19870111, -113, -133,  -90,    0,   -1
  260,19870112, -107, -144,  -76,    0,    0
  260,19870113,  -93, -145,  -70,    0,   -1
  260,19870114, -132, -152, -106,    0,    0
  260,19870115,  -93, -121,  -70,    0,    0
  260,19870116,  -74,  -84,  -68,    0,   -1
  260,19870117,  -74,  -91,  -61,    0,   -1
  260,19870118,  -57,  -66,  -48,    0,   -1
  260,19870119,  -59,  -66,  -49,    0,   -1
  260,19870120,  -41,  -58,  -30,    0,   -1
  260,19870121,  -13,  -32,    2,    0,   -1
  260,19870122,    9,    1,   18,    7,    2
  260,19870123,   39,   12,   57,    0,   -1
  260,19870124,   13,   -2,   39,    0,   -1
  260,19870125,   23,    4,   32,    0,   -1
  260,19870126,   18,  -27,   49,    9,    1
  260,19870127,   -9,  -47,   22,    0,   -1
  260,19870128,   12,  -21,   45,    0,   -1
  260,19870129,  -26,  -80,    8,    0,    0
  260,19870130,  -71, -104,  -15,    0,    0
  260,19870131,  -58, -111,   15,    0,    0
  260,19870201,  -44, -108,   12,    0,    0
  260,19870202,  -19,  -54,   22,    0,    0
  260,19870203,    5,  -29,   19,   12,    2
  260,19870204,   25,   16,   40,    0,   -1
  260,19870205,   41,   21,   59,    0,   -1
  260,19870206,   61,   34,   86,   17,   23
  260,19870207,   34,  -18,   67,    0,   -1
  260,19870208,   52,   -8,   77,   89,   39
  260,19870209,   71,   47,  104,   39,   22
  260,19870210,   59,   28,   75,    7,    5
  260,19870211,   38,   -5,   81,   12,    6
  260,19870212,   29,   24,   41,   42,   21
  260,19870213,   29,   -4,   66,    0,   -1
  260,19870214,   31,    9,   61,    0,   -1
  260,19870215,   14,    4,   24,  129,   58
  260,19870216,    9,  -18,   39,    0,    0
  260,19870217,    2,  -25,   31,    0,   -1
  260,19870218,   -6,  -14,    4,   70,   16
  260,19870219,  -11,  -27,   12,   30,    3
  260,19870220,  -22,  -47,   -5,    0,    0
  260,19870221,    4,  -27,   37,    0,   -1
  260,19870222,   29,    7,   61,   29,   10
  260,19870223,   11,  -29,   46,    0,   -1
  260,19870224,  -10,  -49,   33,    0,    0
  260,19870225,  -10,  -49,   32,    0,    0
  260,19870226,   13,  -36,   58,   19,   23
  260,19870227,   75,   37,   98,   68,  107
  260,19870228,   80,   64,   97,    0,   -1
  260,19870301,   77,   59,   92,   63,   92
  260,19870302,   45,  -53,  100,  219,  200
  260,19870303,  -50,  -79,  -20,    0,    0
  260,19870304,  -50,  -83,  -22,    0,    0
  260,19870305,  -30,  -91,   23,    0,    0
  260,19870306,  -11,  -49,   34,    0,    0
  260,19870307,  -25,  -53,    6,    0,    0
  260,19870308,  -17,  -49,   23,    0,    0
  260,19870309,   -9,  -45,   37,    0,    0
  260,19870310,    5,  -39,   69,    0,    0
  260,19870311,    2,  -46,   64,    0,    0
  260,19870312,   -6,  -58,   50,    0,    0
  260,19870313,  -16,  -81,   42,    0,    0
  260,19870314,   -8,  -61,   67,    0,    0
  260,19870315,   12,  -57,   50,   10,   12
  260,19870316,   15,   -6,   49,   13,    7
  260,19870317,   44,    3,   65,  153,  104
  260,19870318,   36,    2,   69,   66,  113
  260,19870319,   11,  -10,   56,    0,   -1
  260,19870320,   16,  -14,   53,   12,   14
  260,19870321,   22,   -9,   55,   85,   75
  260,19870322,   45,    2,   87,    6,    4
  260,19870323,   74,   42,   93,  156,  105
  260,19870324,   88,   65,  113,   21,    9
  260,19870325,   98,   61,  138,   92,   50
  260,19870326,   79,   21,  111,    0,   -1
  260,19870327,   92,   72,  126,   22,   17
  260,19870328,   63,   29,   98,   59,   50
  260,19870329,   36,    6,   77,    2,    2
  260,19870330,   38,    3,   77,    2,    2
  260,19870331,   38,   -8,   82,    0,    0
  260,19870401,   61,    5,  113,    0,    0
  260,19870402,   70,   29,  115,    0,    0
  260,19870403,   94,   38,  132,    0,   -1
  260,19870404,   96,   68,  133,    9,    1
  260,19870405,   86,   47,  139,    0,    0
  260,19870406,  101,   39,  156,    5,   42
  260,19870407,  106,   43,  158,   15,   93
  260,19870408,   97,   55,  142,   14,   65
  260,19870409,  102,   60,  137,   19,    7
  260,19870410,   72,   27,  110,   16,   13
  260,19870411,   64,   41,   99,  100,  122
  260,19870412,   56,   44,   82,   41,   35
  260,19870413,   78,   29,  107,    0,   -1
  260,19870414,   81,   61,  116,    5,    1
  260,19870415,   88,   42,  154,    0,    0
  260,19870416,  115,   80,  157,    0,    0
  260,19870417,  120,   81,  168,    0,    0
  260,19870418,  138,   64,  222,    0,    0
  260,19870419,  118,   80,  157,   31,   42
  260,19870420,   89,   59,  119,   36,   35
  260,19870421,   88,   28,  128,    0,   -1
  260,19870422,  100,   14,  166,    0,    0
  260,19870423,  127,   39,  195,    0,    0
  260,19870424,  157,   53,  225,    0,    0
  260,19870425,  159,   86,  238,    0,    0
  260,19870426,  137,   66,  195,    0,    0
  260,19870427,  130,   59,  195,    0,    0
  260,19870428,  155,   54,  225,    0,    0
  260,19870429,  179,  123,  244,    0,    0
  260,19870430,  156,  114,  214,    4,    2
  260,19870501,  130,  114,  147,    0,   -1
  260,19870502,  100,   48,  134,    5,    3
  260,19870503,   60,   25,   84,   84,  159
  260,19870504,   82,   58,  104,    5,    1
  260,19870505,   91,   59,  118,    0,   -1
  260,19870506,   86,   57,  112,    0,    0
  260,19870507,   83,   45,  123,    0,    0
  260,19870508,   90,    5,  169,    0,    0
  260,19870509,  133,   42,  215,    0,    0
  260,19870510,   94,   38,  144,    0,   -1
  260,19870511,   92,   32,  134,   36,   38
  260,19870512,   90,   55,  126,   84,  152
  260,19870513,   71,   38,  117,   23,   18
  260,19870514,   70,   41,  104,   90,  114
  260,19870515,   82,   63,  103,   54,  106
  260,19870516,   74,   36,  117,   26,   26
  260,19870517,   93,   23,  142,    4,    5
  260,19870518,  101,   78,  127,    7,   12
  260,19870519,  103,   68,  156,    0,    0
  260,19870520,   80,   52,  114,   15,   16
  260,19870521,   85,   60,  125,   57,  129
  260,19870522,   93,   57,  132,   37,   43
  260,19870523,  124,   72,  191,   32,   43
  260,19870524,  142,   49,  213,    0,    0
  260,19870525,  158,   67,  227,    0,    0
  260,19870526,  158,   85,  213,    0,    0
  260,19870527,  120,   80,  172,    0,    0
  260,19870528,  102,   81,  133,   12,    5
  260,19870529,  101,   59,  150,   55,  155
  260,19870530,  135,   64,  196,   46,   19
  260,19870531,  133,   87,  168,    0,   -1
  260,19870601,  133,   90,  177,   19,   27
  260,19870602,  137,  117,  175,   89,   64
  260,19870603,  135,  106,  166,   20,   12
  260,19870604,  139,  107,  189,    3,    3
  260,19870605,  121,  102,  144,   21,   15
  260,19870606,  145,  110,  182,   28,   14
  260,19870607,  136,  101,  176,   38,   62
  260,19870608,  106,   81,  128,   92,  195
  260,19870609,  112,   73,  155,    9,   40
  260,19870610,  122,   53,  183,    9,   14
  260,19870611,  131,   74,  171,   14,   25
  260,19870612,  128,   51,  188,    0,    0
  260,19870613,  125,   82,  171,   67,   47
  260,19870614,  124,   95,  163,    2,    2
  260,19870615,  121,   77,  159,    0,    0
  260,19870616,  114,   73,  149,    0,   -1
  260,19870617,  110,   64,  157,    8,   15
  260,19870618,  116,   66,  164,    0,    0
  260,19870619,  122,   70,  152,   60,   40
  260,19870620,  122,   66,  166,    0,   -1
  260,19870621,  119,   46,  174,   52,   59
  260,19870622,  134,   99,  180,   44,   40
  260,19870623,  138,  113,  169,    0,   -1
  260,19870624,  136,  114,  172,   22,   27
  260,19870625,  142,   95,  187,   40,   38
  260,19870626,  154,  111,  193,    8,    9
  260,19870627,  164,  112,  198,   43,   24
  260,19870628,  195,  159,  229,    0,   -1
  260,19870629,  232,  189,  289,    0,    0
  260,19870630,  215,  143,  273,    1,    7
  260,19870701,  165,  102,  207,    3,    2
  260,19870702,  154,   79,  206,    0,    0
  260,19870703,  164,  100,  209,    0,    0
  260,19870704,  179,  108,  233,    0,    0
  260,19870705,  204,  129,  262,    0,    0
  260,19870706,  214,  139,  279,    0,    0
  260,19870707,  204,  142,  271,    0,    0
  260,19870708,  167,  117,  213,    0,    0
  260,19870709,  147,  106,  185,    0,   -1
  260,19870710,  156,   82,  216,    0,   -1
  260,19870711,  206,  155,  259,    0,    0
  260,19870712,  171,  124,  216,    0,    0
  260,19870713,  171,  117,  215,    0,    0
  260,19870714,  199,  124,  251,    1,    1
  260,19870715,  201,  165,  234,   15,   74
  260,19870716,  197,  162,  266,   50,  366
  260,19870717,  160,  141,  184,   77,  140
  260,19870718,  160,  123,  219,   10,   25
  260,19870719,  165,  120,  210,   13,   21
  260,19870720,  156,  136,  194,   34,   44
  260,19870721,  166,  138,  212,   19,  179
  260,19870722,  172,  149,  211,   42,   58
  260,19870723,  167,  145,  201,   34,  330
  260,19870724,  147,  112,  176,   41,   35
  260,19870725,  135,   90,  174,    8,    4
  260,19870726,  129,   95,  166,    4,    9
  260,19870727,  141,  121,  170,   79,  151
  260,19870728,  145,  116,  183,    6,   11
  260,19870729,  158,  120,  188,   68,  174
  260,19870730,  154,  133,  187,    7,    6
  260,19870731,  166,  134,  188,   12,   14
  260,19870801,  154,  134,  181,    4,    2
  260,19870802,  145,  100,  186,    1,    1
  260,19870803,  136,   89,  186,    8,   64
  260,19870804,  130,   78,  175,    3,    4
  260,19870805,  122,   84,  160,   17,   31
  260,19870806,  114,   58,  162,    6,   17
  260,19870807,  139,   97,  181,    0,   -1
  260,19870808,  140,  119,  164,   48,   17
  260,19870809,  136,   95,  162,   59,   50
  260,19870810,  140,   86,  190,    0,   -1
  260,19870811,  150,   73,  214,    0,   -1
  260,19870812,  166,  139,  200,    7,    3
  260,19870813,  178,  132,  231,   35,  137
  260,19870814,  181,  160,  214,    0,    0
  260,19870815,  165,  136,  201,    0,    0
  260,19870816,  189,  141,  249,    0,   -1
  260,19870817,  201,  126,  270,    2,    1
  260,19870818,  190,  161,  236,   38,   85
  260,19870819,  182,  144,  230,   15,   22
  260,19870820,  183,  136,  238,    0,    0
  260,19870821,  224,  163,  294,    0,    0
  260,19870822,  211,  170,  243,   10,   16
  260,19870823,  180,  132,  225,    1,   13
  260,19870824,  171,  108,  220,   55,  214
  260,19870825,  170,  140,  206,   16,   45
  260,19870826,  150,  139,  188,   61,   44
  260,19870827,  154,  136,  180,   20,   51
  260,19870828,  161,  138,  192,    1,    1
  260,19870829,  170,  120,  209,   24,   14
  260,19870830,  152,   84,  220,    0,    0
  260,19870831,  145,  111,  183,    0,    0
  260,19870901,  162,   93,  237,    0,    0
  260,19870902,  167,  136,  197,    0,   -1
  260,19870903,  184,  132,  246,    0,   -1
  260,19870904,  172,  151,  203,    9,    2
  260,19870905,  158,  106,  193,    4,    5
  260,19870906,  160,  129,  198,   25,   14
  260,19870907,  149,   90,  182,   22,   13
  260,19870908,  141,   83,  192,    0,    0
  260,19870909,  151,  110,  187,    6,    7
  260,19870910,  147,  128,  178,   15,   12
  260,19870911,  164,  128,  205,   10,    5
  260,19870912,  190,  143,  224,   34,   30
  260,19870913,  158,  140,  187,   93,   79
  260,19870914,  162,  133,  196,   28,   20
  260,19870915,  143,  105,  196,    0,   -1
  260,19870916,  144,  107,  189,    0,   -1
  260,19870917,  180,  118,  250,    0,   -1
  260,19870918,  163,   88,  205,   29,  146
  260,19870919,  127,   66,  175,   41,   91
  260,19870920,  179,  150,  215,    0,   -1
  260,19870921,  196,  158,  237,    0,   -1
  260,19870922,  179,  120,  218,   13,   25
  260,19870923,  148,  122,  194,    0,   -1
  260,19870924,  126,   90,  169,   55,  138
  260,19870925,  109,   54,  163,    4,    4
  260,19870926,  108,   50,  162,    3,    1
  260,19870927,   99,   43,  142,    1,    2
  260,19870928,   86,   32,  143,    0,   -1
  260,19870929,   91,   27,  154,    0,    0
  260,19870930,   91,   40,  144,    0,    0
  260,19871001,  102,   63,  150,    0,    0
  260,19871002,  106,   59,  160,    0,    0
  260,19871003,   96,   58,  146,    0,    0
  260,19871004,  114,   57,  174,    0,    0
  260,19871005,  144,   92,  189,   70,   78
  260,19871006,  143,   91,  175,   43,   67
  260,19871007,  111,   74,  140,   82,   92
  260,19871008,  108,   66,  141,  114,  189
  260,19871009,  104,   56,  153,   14,    5
  260,19871010,  150,   99,  201,    0,   -1
  260,19871011,   89,   47,  166,    0,    0
  260,19871012,   81,   48,  101,    2,    3
  260,19871013,   89,   53,  150,    5,   29
  260,19871014,  103,   70,  142,   32,   71
  260,19871015,  137,  111,  177,  119,  189
  260,19871016,  154,  112,  199,    6,   15
  260,19871017,  110,   76,  162,    0,    0
  260,19871018,  110,   63,  167,    0,    0
  260,19871019,  114,   75,  155,    0,    0
  260,19871020,  116,   94,  146,    0,    0
  260,19871021,  119,   88,  174,   15,   16
  260,19871022,   99,   37,  154,   25,   55
  260,19871023,   77,   15,  127,    0,    0
  260,19871024,   76,   43,  132,    0,    0
  260,19871025,   69,   29,  127,    0,    0
  260,19871026,   75,   33,  113,    0,    0
  260,19871027,  111,   72,  144,    0,    0
  260,19871028,  117,  107,  134,   58,   41
  260,19871029,  110,   86,  118,   62,  115
  260,19871030,  105,   84,  126,    0,    0
  260,19871031,  112,  101,  124,    0,   -1
  260,19871101,  122,   98,  151,    6,   15
  260,19871102,   93,   55,  144,    0,    0
  260,19871103,   83,   38,  119,    0,    0
  260,19871104,   66,   38,  107,    0,    0
  260,19871105,   71,   14,  106,    0,    0
  260,19871106,   87,   76,   98,    0,    0
  260,19871107,   51,   -6,   80,    0,    0
  260,19871108,   25,   -7,   34,    0,    0
  260,19871109,   36,   28,   41,    0,   -1
  260,19871110,   49,   34,   66,   44,    7
  260,19871111,   85,   61,  109,  118,   70
  260,19871112,   83,   57,  110,   79,   96
  260,19871113,   66,   53,   85,   75,   44
  260,19871114,   71,   38,  107,   17,   46
  260,19871115,   65,   43,   84,   92,   37
  260,19871116,  109,   77,  129,   14,   26
  260,19871117,  104,   76,  119,    0,   -1
  260,19871118,   98,   56,  132,    0,    0
  260,19871119,   92,   62,  109,  134,  311
  260,19871120,   81,   62,  106,   47,   77
  260,19871121,   84,   69,  106,   68,   36
  260,19871122,   73,   50,   85,   86,   71
  260,19871123,   57,   44,   71,   37,   25
  260,19871124,   40,   20,   60,    0,    0
  260,19871125,   42,   17,   50,  136,   24
  260,19871126,   47,   40,   51,   70,   22
  260,19871127,   44,   12,   59,   51,   15
  260,19871128,   44,   31,   60,    7,    3
  260,19871129,   48,   39,   68,    0,   -1
  260,19871130,   30,  -23,   74,    0,   -1
  260,19871201,   22,  -19,   44,    0,    0
  260,19871202,   20,    1,   38,    0,    0
  260,19871203,   13,   -8,   38,    0,    0
  260,19871204,   -3,  -17,   21,    0,    0
  260,19871205,    1,   -9,   13,    0,   -1
  260,19871206,   -4,  -24,   14,    8,    3
  260,19871207,    0,  -57,   32,    0,   -1
  260,19871208,  -33,  -77,    5,    6,    6
  260,19871209,  -53,  -77,  -34,    0,    0
  260,19871210,   19,  -34,   57,    2,    6
  260,19871211,   48,   21,   68,   16,   28
  260,19871212,   24,  -13,   57,    0,    0
  260,19871213,   12,   -4,   54,    0,    0
  260,19871214,  -24,  -34,   -4,    0,   -1
  260,19871215,  -13,  -38,   24,    0,   -1
  260,19871216,   74,   24,  109,  120,  104
  260,19871217,  109,   99,  126,  128,  258
  260,19871218,  123,  100,  147,   32,   32
  260,19871219,   85,   72,  103,   22,    8
  260,19871220,   97,   82,  103,    9,    2
  260,19871221,   91,   82,   98,   18,    6
  260,19871222,   60,   -7,  100,    5,    1
  260,19871223,   27,   -7,   66,    0,    0
  260,19871224,   27,   -6,   51,    0,   -1
  260,19871225,   70,   50,   80,   43,   14
  260,19871226,   76,   59,   90,    2,    4
  260,19871227,   87,   80,   97,   10,    1
  260,19871228,  108,   90,  122,    0,   -1
  260,19871229,  110,   88,  131,   42,   51
  260,19871230,   95,   73,  114,   30,   57
  260,19871231,   91,   79,  106,    0,   -1
  260,19880101,   82,   67,  114,   63,   81
  260,19880102,  109,   69,  134,   36,   47
  260,19880103,   81,   69,   90,   22,   49
  260,19880104,   80,   51,  102,   27,   25
  260,19880105,   94,   69,  115,   63,   91
  260,19880106,   90,   72,  106,   62,  140
  260,19880107,   60,   44,   77,   28,   35
  260,19880108,   39,   15,   64,    0,    0
  260,19880109,   52,   20,   86,   27,    4
  260,19880110,   84,   58,  101,  155,   79
  260,19880111,   52,   30,   74,   53,   18
  260,19880112,   33,    7,   72,    0,    0
  260,19880113,   48,   11,   80,    0,   -1
  260,19880114,   59,    4,   94,   14,    3
  260,19880115,   29,   -9,   51,    0,   -1
  260,19880116,   45,   31,   58,    2,    2
  260,19880117,   48,   16,   65,    0,    0
  260,19880118,   29,    7,   53,    0,    0
  260,19880119,   59,   30,   88,    0,    0
  260,19880120,   61,   50,   68,   35,   15
  260,19880121,   39,   14,   57,   12,    9
  260,19880122,   14,    2,   25,  116,  167
  260,19880123,   24,   -9,   45,   77,   57
  260,19880124,   77,   36,  107,  108,   99
  260,19880125,   71,   52,   96,   81,  144
  260,19880126,   66,   42,   78,   55,   47
  260,19880127,   44,   16,   85,    0,   -1
  260,19880128,   68,   36,   97,   93,   93
  260,19880129,   79,   49,  100,   77,   68
  260,19880130,   52,   34,   68,    1,    4
  260,19880131,   49,   25,   75,    1,    1
  260,19880201,   61,   23,   87,   90,  116
  260,19880202,   68,   44,   92,   16,   10
  260,19880203,   64,   41,   86,   42,   23
  260,19880204,   72,   39,   92,   41,   59
  260,19880205,   65,   43,   86,   42,   71
  260,19880206,   43,    5,   76,   52,  178
  260,19880207,   39,   22,   62,   30,   28
  260,19880208,   43,   15,   60,   46,   74
  260,19880209,   52,   28,   98,   44,   55
  260,19880210,   40,    6,   63,   78,  143
  260,19880211,   44,    2,   72,   10,    5
  260,19880212,   24,   -4,   74,   17,    9
  260,19880213,   31,  -15,   73,    0,    0
  260,19880214,   61,   36,   98,    0,   -1
  260,19880215,   41,    9,   91,    0,    0
  260,19880216,   35,   -2,   75,    0,   -1
  260,19880217,   53,   28,   75,   13,   13
  260,19880218,   61,   41,   78,   39,   18
  260,19880219,   65,   43,   92,   24,    7
  260,19880220,   67,   46,   88,    0,   -1
  260,19880221,   66,   42,   86,    0,   -1
  260,19880222,   53,    8,  100,    0,    0
  260,19880223,   44,   26,   69,   34,   30
  260,19880224,   19,    5,   39,   16,   17
  260,19880225,    9,   -1,   24,   17,    6
  260,19880226,   17,    7,   21,    0,   -1
  260,19880227,   22,  -14,   37,    0,   -1
  260,19880228,   35,    5,   65,   46,   53
  260,19880229,   28,    4,   60,   30,   50
  260,19880301,   12,   -4,   38,   24,   12
  260,19880302,   23,  -18,   69,    0,   -1
  260,19880303,   27,   14,   39,   62,   28
  260,19880304,   23,   -6,   67,    0,   -1
  260,19880305,   12,  -20,   53,   65,   41
  260,19880306,   40,    4,   68,   83,  119
  260,19880307,   40,   -5,   79,   20,   14
  260,19880308,   17,  -16,   71,    0,    0
  260,19880309,   31,  -19,   56,   30,    4
  260,19880310,   58,   30,   98,  118,   64
  260,19880311,   55,   24,   75,   85,   61
  260,19880312,   43,   14,   75,   32,    7
  260,19880313,   21,    9,   44,  103,   43
  260,19880314,   30,    3,   65,    0,   -1
  260,19880315,   72,   23,  101,  113,   84
  260,19880316,   64,   40,   84,   20,   13
  260,19880317,   41,  -11,   86,    2,    1
  260,19880318,   32,  -30,   81,    0,    0
  260,19880319,   62,   32,  101,   85,   47
  260,19880320,   98,   82,  121,   77,  119
  260,19880321,   86,   66,  110,   71,   95
  260,19880322,   81,   39,  120,    0,    0
  260,19880323,   74,   58,   96,   62,   34
  260,19880324,   75,   29,  110,   20,   50
  260,19880325,   63,   40,   77,   59,   62
  260,19880326,   76,   59,  100,   28,   21
  260,19880327,   63,   36,   89,   30,   36
  260,19880328,   53,    7,   77,  106,   28
  260,19880329,   67,   31,   95,   77,   58
  260,19880330,   67,   29,  118,   45,   55
  260,19880331,   66,   39,   93,    0,   -1
  260,19880401,   64,   16,  118,    0,    0
  260,19880402,   66,   -2,  136,    0,    0
  260,19880403,   77,    2,  133,    0,    0
  260,19880404,   68,   43,  116,    0,    0
  260,19880405,   63,   36,  100,    0,    0
  260,19880406,   84,   34,  138,    0,    0
  260,19880407,   92,   48,  155,    0,    0
  260,19880408,   76,   46,  111,    0,   -1
  260,19880409,   27,  -17,   71,   87,   43
  260,19880410,   52,  -23,   99,    0,    0
  260,19880411,   88,   56,  129,    0,    0
  260,19880412,   84,   20,  144,    0,    0
  260,19880413,   53,    4,   93,    0,    0
  260,19880414,   72,  -29,  134,    0,    0
  260,19880415,  123,   66,  178,    0,    0
  260,19880416,  140,  107,  176,   33,   56
  260,19880417,  124,   62,  176,    0,   -1
  260,19880418,  146,   53,  207,    0,    0
  260,19880419,  183,  132,  243,    4,    8
  260,19880420,  124,   88,  152,   18,    7
  260,19880421,  104,   78,  129,    0,   -1
  260,19880422,   75,   34,  114,    0,    0
  260,19880423,   48,    4,   96,    0,    0
  260,19880424,   51,  -14,  105,    0,    0
  260,19880425,   50,   -8,  100,    0,    0
  260,19880426,   66,  -15,  120,    0,    0
  260,19880427,   95,   37,  153,    0,    0
  260,19880428,   87,   37,  141,    9,   13
  260,19880429,   90,    8,  145,    0,    0
  260,19880430,  135,   54,  207,    0,    0
  260,19880501,  133,   54,  203,   34,   46
  260,19880502,  126,   89,  194,    7,   34
  260,19880503,  117,   95,  160,   23,   69
  260,19880504,  117,  100,  157,   15,   14
  260,19880505,  110,   48,  165,    0,    0
  260,19880506,  126,   29,  191,    0,    0
  260,19880507,  163,   79,  216,    0,    0
  260,19880508,  168,  147,  199,    0,   -1
  260,19880509,  167,  128,  226,   17,   28
  260,19880510,  122,   81,  157,   27,   24
  260,19880511,  150,   67,  214,    0,    0
  260,19880512,  175,  100,  231,    0,    0
  260,19880513,  201,  148,  257,    0,    0
  260,19880514,  200,  125,  251,    0,    0
  260,19880515,  206,  146,  262,    0,    0
  260,19880516,  195,  126,  259,    0,    0
  260,19880517,  138,   93,  175,    0,    0
  260,19880518,   99,   74,  134,    0,   -1
  260,19880519,   93,   70,  110,    0,   -1
  260,19880520,   89,   25,  133,   14,   12
  260,19880521,   97,    5,  162,    0,    0
  260,19880522,  126,   36,  184,    0,    0
  260,19880523,  156,   65,  217,    8,    2
  260,19880524,  154,  107,  198,   29,   21
  260,19880525,  192,  100,  254,    0,    0
  260,19880526,  189,  135,  265,   13,   20
  260,19880527,  140,  125,  164,   66,  100
  260,19880528,  129,  118,  153,   10,    5
  260,19880529,  126,  100,  157,   25,   37
  260,19880530,  130,   90,  167,   14,   11
  260,19880531,  120,   98,  143,   47,   42
  260,19880601,  137,  103,  174,    0,   -1
  260,19880602,  144,  112,  183,   13,    3
  260,19880603,  150,  106,  181,    0,   -1
  260,19880604,  120,   93,  161,   31,   74
  260,19880605,  122,   87,  159,    4,    2
  260,19880606,  122,   94,  149,    0,   -1
  260,19880607,  121,   74,  147,   11,    3
  260,19880608,  141,   90,  184,    0,   -1
  260,19880609,  142,   90,  183,    3,    1
  260,19880610,  158,  117,  197,    0,   -1
  260,19880611,  145,  112,  191,    0,   -1
  260,19880612,  158,   96,  217,    0,    0
  260,19880613,  178,   95,  248,    0,    0
  260,19880614,  157,   74,  216,    0,    0
  260,19880615,  153,  137,  192,    0,   -1
  260,19880616,  142,  125,  173,    0,   -1
  260,19880617,  163,  125,  212,    0,    0
  260,19880618,  142,   95,  175,    0,    0
  260,19880619,  137,  108,  160,    0,   -1
  260,19880620,  157,  124,  201,    0,   -1
  260,19880621,  172,  104,  232,    0,   -1
  260,19880622,  142,   78,  179,   12,   12
  260,19880623,  137,   64,  188,    0,   -1
  260,19880624,  143,  129,  164,    0,   -1
  260,19880625,  153,  129,  200,    0,   -1
  260,19880626,  149,  134,  165,    1,    2
  260,19880627,  163,  121,  215,    0,   -1
  260,19880628,  160,  121,  209,    0,    0
  260,19880629,  156,  100,  207,    0,   -1
  260,19880630,  179,   91,  264,   15,  140
  260,19880701,  164,  126,  213,   42,  135
  260,19880702,  134,  106,  175,   21,   26
  260,19880703,  144,  110,  180,   84,  213
  260,19880704,  165,  141,  215,   14,   72
  260,19880705,  148,  127,  195,   50,   55
  260,19880706,  161,  122,  217,   10,   39
  260,19880707,  161,  134,  203,   18,   42
  260,19880708,  150,  127,  187,   29,   75
  260,19880709,  149,  115,  191,    3,    1
  260,19880710,  184,  113,  248,    0,    0
  260,19880711,  170,  134,  213,   25,   14
  260,19880712,  161,  117,  201,    0,    0
  260,19880713,  147,  110,  169,   52,   77
  260,19880714,  151,  129,  184,   11,   32
  260,19880715,  148,  129,  183,   56,   67
  260,19880716,  134,  126,  140,  175,  114
  260,19880717,  148,  119,  167,   52,   23
  260,19880718,  143,  125,  167,   18,   21
  260,19880719,  150,  103,  197,    0,    0
  260,19880720,  159,  103,  202,    0,   -1
  260,19880721,  176,  150,  213,   41,   29
  260,19880722,  192,  178,  223,   47,  122
  260,19880723,  226,  181,  280,   60,  115
  260,19880724,  179,  140,  208,   31,   20
  260,19880725,  182,  119,  232,    2,    5
  260,19880726,  152,  130,  175,   74,   71
  260,19880727,  152,  111,  202,    4,    5
  260,19880728,  160,  117,  206,   11,   23
  260,19880729,  160,  136,  189,   11,    8
  260,19880730,  158,  121,  200,    0,   -1
  260,19880731,  155,  117,  201,    0,   -1
  260,19880801,  162,  106,  221,    0,    0
  260,19880802,  149,  118,  197,   42,   39
  260,19880803,  143,   88,  204,    0,    0
  260,19880804,  159,   96,  194,    2,    2
  260,19880805,  176,  126,  227,    0,    0
  260,19880806,  182,  110,  256,    0,    0
  260,19880807,  188,  119,  257,    0,    0
  260,19880808,  199,  155,  256,    0,    0
  260,19880809,  188,  131,  239,    0,    0
  260,19880810,  201,  159,  261,   20,  115
  260,19880811,  175,  148,  204,    5,    5
  260,19880812,  173,  147,  209,    1,    1
  260,19880813,  167,  139,  210,    0,   -1
  260,19880814,  197,  136,  267,    0,    0
  260,19880815,  161,   95,  198,    0,    0
  260,19880816,  148,   80,  223,    0,    0
  260,19880817,  148,   69,  225,    0,    0
  260,19880818,  202,  106,  271,    0,   -1
  260,19880819,  187,  151,  225,   14,   20
  260,19880820,  157,  127,  202,   11,   51
  260,19880821,  150,  133,  187,   50,   94
  260,19880822,  152,  119,  191,   14,   21
  260,19880823,  145,  112,  175,    0,    0
  260,19880824,  144,  103,  177,   22,   30
  260,19880825,  141,  123,  167,   45,  206
  260,19880826,  146,  104,  190,    0,   -1
  260,19880827,  174,  113,  223,   23,   21
  260,19880828,  192,  151,  267,    4,    2
  260,19880829,  148,  116,  190,    1,    2
  260,19880830,  151,  114,  201,    0,   -1
  260,19880831,  154,  113,  219,    4,    9
  260,19880901,  155,  109,  192,   44,   74
  260,19880902,  145,  114,  177,    2,    2
  260,19880903,  130,  101,  163,    0,   -1
  260,19880904,  139,   97,  195,    0,    0
  260,19880905,  138,   93,  192,   22,  115
  260,19880906,  158,   93,  219,    0,    0
  260,19880907,  164,  109,  219,    0,    0
  260,19880908,  160,  109,  213,    0,    0
  260,19880909,  168,  101,  248,    0,    0
  260,19880910,  153,  122,  183,    0,    0
  260,19880911,  140,   83,  187,    4,    6
  260,19880912,  118,   73,  160,   32,   76
  260,19880913,  128,  103,  168,   36,   77
  260,19880914,  135,   95,  173,   18,   26
  260,19880915,  132,  100,  170,   29,   26
  260,19880916,  131,  118,  150,   51,   38
  260,19880917,  141,  115,  170,    6,    3
  260,19880918,  146,  125,  178,    1,    1
  260,19880919,  146,  130,  177,    0,    0
  260,19880920,  136,  123,  158,    0,    0
  260,19880921,  134,  110,  171,    0,    0
  260,19880922,  141,   95,  204,    0,   -1
  260,19880923,  133,  113,  159,   29,   56
  260,19880924,  118,  102,  140,  128,  177
  260,19880925,  140,   91,  169,   13,    9
  260,19880926,  160,  152,  167,   39,   40
  260,19880927,  158,  150,  167,   63,   56
  260,19880928,  149,  113,  177,   46,   45
  260,19880929,  112,   58,  153,   16,   29
  260,19880930,   82,   30,  141,    0,   -1
  260,19881001,   81,   12,  151,    0,    0
  260,19881002,  110,   47,  181,    0,    0
  260,19881003,  114,   53,  158,    0,    0
  260,19881004,  135,   82,  175,    0,    0
  260,19881005,  120,   90,  159,   25,   28
  260,19881006,  112,   92,  138,   89,  136
  260,19881007,  111,   85,  136,   56,   69
  260,19881008,  108,   85,  134,   77,   74
  260,19881009,  128,  112,  145,  121,  166
  260,19881010,  102,   50,  140,    9,   24
  260,19881011,   83,   28,  123,   10,    3
  260,19881012,  119,   94,  144,    0,   -1
  260,19881013,  108,   71,  150,    0,    0
  260,19881014,  133,   63,  195,    0,    0
  260,19881015,  135,  128,  147,    0,    0
  260,19881016,  125,  100,  139,    0,   -1
  260,19881017,  114,   94,  136,    0,    0
  260,19881018,  125,   97,  149,    0,   -1
  260,19881019,  123,  102,  137,   23,   22
  260,19881020,  120,   93,  143,   55,   26
  260,19881021,  136,  127,  145,   10,    3
  260,19881022,  112,   79,  154,    0,    0
  260,19881023,   99,   66,  129,    0,    0
  260,19881024,  114,   93,  134,   11,   18
  260,19881025,  105,   90,  129,    0,    0
  260,19881026,  119,   91,  145,    0,    0
  260,19881027,  137,  106,  188,    0,   -1
  260,19881028,  103,   48,  146,    0,   -1
  260,19881029,   63,   18,  110,    2,    3
  260,19881030,   38,    0,   98,    0,    0
  260,19881031,   58,    1,  106,   10,   13
  260,19881101,   83,   27,  118,    1,    1
  260,19881102,   63,   -8,  111,    8,   17
  260,19881103,    8,  -34,   70,    0,    0
  260,19881104,    4,  -31,   48,    0,    0
  260,19881105,   15,  -36,   65,    0,    0
  260,19881106,   38,   -1,   90,    0,   -1
  260,19881107,   16,  -15,   41,    0,    0
  260,19881108,   67,   22,  106,    0,    0
  260,19881109,   86,   54,  113,   16,   19
  260,19881110,  123,  101,  141,    8,    1
  260,19881111,  132,  120,  140,   32,   13
  260,19881112,  104,   93,  124,   58,  141
  260,19881113,   88,   53,  115,    1,    2
  260,19881114,   86,   49,  119,    0,    0
  260,19881115,   93,   43,  119,    1,    1
  260,19881116,   59,   19,  120,    0,    0
  260,19881117,   61,   25,   92,    8,    8
  260,19881118,   92,   54,  120,   19,   14
  260,19881119,   50,   31,   89,   28,   17
  260,19881120,   21,  -17,   51,   21,   23
  260,19881121,  -17,  -53,   44,    0,    0
  260,19881122,   16,  -63,   64,   23,   14
  260,19881123,   62,   32,   87,    5,    6
  260,19881124,   70,   57,   86,    0,   -1
  260,19881125,   77,   56,  102,    0,    0
  260,19881126,   71,   53,   88,    0,    0
  260,19881127,   69,   47,  103,    8,    1
  260,19881128,   57,   40,   82,    4,    1
  260,19881129,   74,   17,  107,    4,    2
  260,19881130,   76,   39,  116,  106,  232
  260,19881201,    3,   -9,   46,   79,   27
  260,19881202,    3,  -10,   12,    0,   -1
  260,19881203,   39,    4,   70,   20,   29
  260,19881204,   77,   63,   90,   78,   93
  260,19881205,   66,   39,   84,   21,   39
  260,19881206,   57,   27,   81,   61,   83
  260,19881207,   48,   20,   80,    3,    3
  260,19881208,   65,   16,   90,   31,   25
  260,19881209,   77,   51,   99,   63,   33
  260,19881210,  100,   93,  109,   25,   10
  260,19881211,   93,   83,  100,    5,    3
  260,19881212,   75,   49,   96,    5,   11
  260,19881213,   77,   65,   92,    0,   -1
  260,19881214,   73,   49,   82,   19,    3
  260,19881215,   77,   57,   84,  133,   27
  260,19881216,   61,   49,   68,   99,   25
  260,19881217,   52,   14,   86,    9,    8
  260,19881218,   74,   48,  103,   59,  118
  260,19881219,   81,   50,  109,   82,  105
  260,19881220,   51,   26,   83,    1,    1
  260,19881221,   84,   45,  101,   30,   14
  260,19881222,   94,   86,   99,    0,    0
  260,19881223,   95,   81,  111,   10,    8
  260,19881224,   77,   38,   99,   18,   15
  260,19881225,   88,   43,  107,    4,    2
  260,19881226,  101,   86,  113,    0,    0
  260,19881227,   92,   61,  110,   17,   19
  260,19881228,   90,   68,  112,    0,   -1
  260,19881229,   74,   57,   91,    0,    0
  260,19881230,   58,   48,   66,    0,   -1
  260,19881231,   73,   61,   84,    0,    0
  260,19890101,   73,   55,   86,    0,    0
  260,19890102,   57,   21,   84,    0,    0
  260,19890103,   24,   -6,   50,    0,    0
  260,19890104,   31,    7,   56,   30,   71
  260,19890105,   48,   29,   71,   64,   72
  260,19890106,   73,   40,  105,   66,   26
  260,19890107,   66,   24,   91,    2,    3
  260,19890108,   94,   83,  104,    5,    2
  260,19890109,   81,   72,   92,   25,    3
  260,19890110,   63,   10,   83,  101,   33
  260,19890111,   28,    3,   60,    0,    0
  260,19890112,   63,   35,   86,   35,   35
  260,19890113,   52,   28,   87,    0,    0
  260,19890114,   72,   50,  102,   32,   13
  260,19890115,   75,   51,   89,    0,    0
  260,19890116,   82,   53,   93,    0,    0
  260,19890117,   46,   -1,   61,   27,    6
  260,19890118,   17,  -15,   38,    0,   -1
  260,19890119,   10,   -1,   22,    0,   -1
  260,19890120,   14,   -3,   30,    0,   -1
  260,19890121,   48,   26,   65,   21,   12
  260,19890122,   44,    0,   96,    0,   -1
  260,19890123,   34,    8,   67,    0,    0
  260,19890124,    0,   -9,    8,    0,    0
  260,19890125,   -2,  -18,   21,    0,    0
  260,19890126,   13,  -16,   66,    0,    0
  260,19890127,   34,  -11,   94,    0,    0
  260,19890128,   49,    1,   92,   18,   10
  260,19890129,   38,    7,   72,    0,   -1
  260,19890130,   41,    1,   90,    0,    0
  260,19890131,   20,    2,   39,    0,    0
  260,19890201,   17,    3,   38,    0,   -1
  260,19890202,   10,    2,   26,    0,   -1
  260,19890203,   18,    5,   35,    0,    0
  260,19890204,   25,   17,   42,    0,    0
  260,19890205,   71,   42,  105,   40,   43
  260,19890206,   98,   83,  127,    0,    0
  260,19890207,   93,   45,  126,    0,    0
  260,19890208,   53,    9,  107,    0,    0
  260,19890209,   50,    1,  103,    0,    0
  260,19890210,   43,    5,   97,    0,    0
  260,19890211,   55,   13,   99,    0,   -1
  260,19890212,   66,   45,   87,   18,    6
  260,19890213,   50,   -8,   86,   46,   69
  260,19890214,   61,   35,   85,   22,    6
  260,19890215,   72,   43,   99,   27,   20
  260,19890216,   32,  -17,   70,   11,    3
  260,19890217,   23,  -39,   67,   43,   10
  260,19890218,  102,   60,  128,  112,   88
  260,19890219,  113,   95,  129,   64,   47
  260,19890220,   71,   25,   98,   11,    6
  260,19890221,   32,  -14,  104,    0,    0
  260,19890222,   44,  -21,   94,   57,   18
  260,19890223,   53,   26,   82,   17,    7
  260,19890224,   47,    6,   81,   11,    5
  260,19890225,   59,   42,   79,   44,   26
  260,19890226,   48,   34,   68,   41,   37
  260,19890227,   47,   21,   75,   31,   43
  260,19890228,   43,    7,   80,   32,   33
  260,19890301,   58,   42,   77,  100,  174
  260,19890302,   64,   45,   87,   66,  101
  260,19890303,   77,   57,  117,    6,   11
  260,19890304,   85,   35,  114,    0,   -1
  260,19890305,  106,   62,  148,    5,    3
  260,19890306,  117,   71,  178,    0,    0
  260,19890307,   86,   61,  109,   90,  184
  260,19890308,   57,   12,   95,   71,   45
  260,19890309,   79,   26,  121,    0,   -1
  260,19890310,  104,   59,  139,    0,    0
  260,19890311,   93,   50,  117,   15,    2
  260,19890312,   75,    5,  118,   10,   10
  260,19890313,   85,   60,  110,   26,    5
  260,19890314,   75,   37,  110,    8,   16
  260,19890315,   72,   28,  102,   67,   41
  260,19890316,   45,   15,   62,   76,  100
  260,19890317,   33,   -5,   74,   46,  172
  260,19890318,   36,  -28,   89,    0,    0
  260,19890319,   74,   51,   95,   20,    4
  260,19890320,   69,   27,  100,    8,    3
  260,19890321,   58,   26,   90,   85,   54
  260,19890322,   92,   53,  120,   30,   36
  260,19890323,   61,   34,   89,   39,   24
  260,19890324,   84,   59,  117,  105,  159
  260,19890325,   66,   14,  106,    0,    0
  260,19890326,   96,   27,  165,    0,    0
  260,19890327,  143,   84,  203,    0,    0
  260,19890328,  137,   77,  218,    0,    0
  260,19890329,  105,   70,  148,    0,    0
  260,19890330,  113,   56,  161,    0,    0
  260,19890331,  108,   36,  185,    0,    0
  260,19890401,   78,   41,  116,    0,    0
  260,19890402,   43,    9,   81,    0,    0
  260,19890403,   42,   12,   81,    0,    0
  260,19890404,   22,    4,   51,   40,   26
  260,19890405,   41,   31,   55,   18,    2
  260,19890406,   45,   24,   62,  160,   82
  260,19890407,   75,   51,  118,   63,   92
  260,19890408,   72,   14,  125,    6,    6
  260,19890409,   87,   -4,  140,    0,   -1
  260,19890410,  116,   84,  150,    9,   12
  260,19890411,  106,   79,  151,   67,   70
  260,19890412,  100,   49,  129,    0,   -1
  260,19890413,   87,   47,  139,    4,    2
  260,19890414,   77,   73,   86,  107,  261
  260,19890415,   92,   49,  149,    0,    0
  260,19890416,   81,   42,  106,    0,   -1
  260,19890417,   76,   35,  116,   18,    5
  260,19890418,   57,   12,   87,    3,    3
  260,19890419,   65,   34,  107,   21,   66
  260,19890420,   52,    0,   99,    3,    2
  260,19890421,   71,    5,  118,    0,    0
  260,19890422,   74,   59,  106,    0,    0
  260,19890423,   53,   35,   69,  100,   44
  260,19890424,   75,   38,  122,   19,   20
  260,19890425,   65,   40,  101,  103,   31
  260,19890426,   50,    2,   79,   20,    8
  260,19890427,   57,  -22,  113,    0,    0
  260,19890428,   60,   -2,  122,    0,    0
  260,19890429,   71,  -18,  145,    0,   -1
  260,19890430,   87,    1,  157,    0,    0
  260,19890501,  118,   34,  183,    0,    0
  260,19890502,  125,   67,  192,    0,    0
  260,19890503,  126,   30,  198,    0,    0
  260,19890504,  162,   78,  238,    0,    0
  260,19890505,  159,   96,  221,    0,    0
  260,19890506,   98,   72,  127,    0,    0
  260,19890507,   99,   49,  147,    0,    0
  260,19890508,  119,   29,  197,    0,    0
  260,19890509,  139,   66,  219,    0,    0
  260,19890510,  114,   41,  173,    0,    0
  260,19890511,  110,   45,  150,    0,   -1
  260,19890512,  105,   76,  147,   24,   40
  260,19890513,  106,   59,  149,   17,   15
  260,19890514,  119,   44,  187,    0,    0
  260,19890515,  141,   49,  215,    0,    0
  260,19890516,  152,   58,  229,    0,    0
  260,19890517,  159,   75,  220,    0,    0
  260,19890518,  178,   96,  259,    0,    0
  260,19890519,  198,  113,  268,    0,    0
  260,19890520,  204,  131,  265,    0,    0
  260,19890521,  204,  141,  262,    0,    0
  260,19890522,  186,  127,  242,    0,    0
  260,19890523,  194,  128,  263,    0,    0
  260,19890524,  210,  120,  286,    0,    0
  260,19890525,  215,  127,  296,    0,    0
  260,19890526,  153,  102,  208,    0,    0
  260,19890527,  137,   93,  195,    0,    0
  260,19890528,  143,   79,  209,    0,    0
  260,19890529,  147,   50,  206,    0,    0
  260,19890530,  123,   64,  156,    3,    1
  260,19890531,   96,   42,  152,    0,   -1
  260,19890601,   94,   41,  141,   18,   16
  260,19890602,  111,   52,  171,    0,    0
  260,19890603,   95,   52,  149,  130,  132
  260,19890604,   92,   72,  113,  106,   68
  260,19890605,  105,   38,  158,   26,   87
  260,19890606,  109,   34,  168,    3,    5
  260,19890607,  107,   89,  140,   80,   95
  260,19890608,  117,   79,  163,   17,   42
  260,19890609,  128,   85,  175,    7,   18
  260,19890610,  161,   87,  212,    0,   -1
  260,19890611,  169,  105,  235,    0,    0
  260,19890612,  194,  128,  247,    0,    0
  260,19890613,  201,  134,  257,    0,    0
  260,19890614,  206,  127,  273,    0,    0
  260,19890615,  204,  122,  276,    0,    0
  260,19890616,  193,  134,  245,    0,    0
  260,19890617,  189,  135,  243,    0,    0
  260,19890618,  186,  125,  241,    0,    0
  260,19890619,  219,  135,  287,    0,    0
  260,19890620,  211,  125,  285,    0,    0
  260,19890621,  174,  114,  247,    0,    0
  260,19890622,  174,  112,  223,    4,    9
  260,19890623,  169,  117,  219,    0,    0
  260,19890624,  167,   89,  239,    0,    0
  260,19890625,  182,   77,  263,    0,    0
  260,19890626,  193,  103,  266,    1,    1
  260,19890627,  156,  121,  203,   32,   69
  260,19890628,  150,  130,  182,    1,    5
  260,19890629,  124,   65,  155,   86,  106
  260,19890630,  141,   38,  201,    0,   -1
  260,19890701,  157,  137,  185,   38,   81
  260,19890702,  155,  142,  181,   17,    7
  260,19890703,  181,  121,  234,    0,    0
  260,19890704,  191,  117,  244,    0,    0
  260,19890705,  223,  159,  288,    0,    0
  260,19890706,  252,  168,  315,    0,    0
  260,19890707,  239,  171,  291,    3,    1
  260,19890708,  200,  147,  265,    7,   45
  260,19890709,  179,  150,  220,   11,   43
  260,19890710,  159,  111,  201,    0,    0
  260,19890711,  170,  113,  232,    0,    0
  260,19890712,  168,   97,  229,    0,    0
  260,19890713,  159,  114,  207,    0,   -1
  260,19890714,  143,   97,  186,    0,   -1
  260,19890715,  162,   94,  226,    0,   -1
  260,19890716,  152,   91,  210,    0,   -1
  260,19890717,  148,   76,  187,    0,   -1
  260,19890718,  152,  129,  195,    1,    1
  260,19890719,  155,  100,  209,    0,    0
  260,19890720,  178,   78,  248,    0,    0
  260,19890721,  206,  128,  272,    0,    0
  260,19890722,  244,  170,  322,    0,   -1
  260,19890723,  212,  165,  279,    8,   12
  260,19890724,  202,  148,  260,    0,   -1
  260,19890725,  186,  150,  230,    1,    1
  260,19890726,  189,  122,  263,    0,    0
  260,19890727,  177,  115,  241,    0,    0
  260,19890728,  180,  108,  246,    0,    0
  260,19890729,  194,  127,  259,    0,    0
  260,19890730,  162,  144,  188,   48,  100
  260,19890731,  141,  108,  184,   26,   54
  260,19890801,  135,   96,  184,   46,   68
  260,19890802,  136,   95,  173,    1,    3
  260,19890803,  158,   87,  224,    0,   -1
  260,19890804,  158,   99,  209,    0,    0
  260,19890805,  158,   71,  231,    0,    0
  260,19890806,  198,  116,  271,    0,    0
  260,19890807,  191,  139,  240,   37,    6
  260,19890808,  172,  123,  232,   13,   23
  260,19890809,  183,  109,  251,    0,    0
  260,19890810,  193,  138,  274,    9,   12
  260,19890811,  167,  141,  180,   12,    9
  260,19890812,  173,  116,  212,    6,    5
  260,19890813,  180,  116,  242,    0,   -1
  260,19890814,  205,  126,  261,    0,   -1
  260,19890815,  205,  161,  272,    6,    2
  260,19890816,  201,  169,  245,    0,   -1
  260,19890817,  179,  138,  223,    0,   -1
  260,19890818,  174,  122,  234,    0,    0
  260,19890819,  195,  116,  269,    0,    0
  260,19890820,  214,  116,  300,    0,    0
  260,19890821,  199,  157,  247,    0,    0
  260,19890822,  176,  130,  235,    0,    0
  260,19890823,  156,   96,  216,    0,    0
  260,19890824,  167,   92,  220,    0,   -1
  260,19890825,  153,   76,  189,   15,   20
  260,19890826,  140,   70,  193,   23,   43
  260,19890827,  135,  110,  167,   34,  101
  260,19890828,  146,  107,  191,    4,    7
  260,19890829,  155,  105,  198,    7,    2
  260,19890830,  175,  141,  209,   20,    3
  260,19890831,  164,  141,  201,   46,   46
  260,19890901,  147,   83,  202,    0,    0
  260,19890902,  123,   77,  167,   28,   87
  260,19890903,  120,   67,  179,   15,   36
  260,19890904,  112,   44,  180,    0,    0
  260,19890905,  130,   73,  213,    0,   -1
  260,19890906,  147,   59,  227,    0,    0
  260,19890907,  169,   87,  236,    0,    0
  260,19890908,  179,  104,  238,    0,    0
  260,19890909,  179,  146,  232,    0,    0
  260,19890910,  174,  134,  209,    0,    0
  260,19890911,  172,  141,  213,    0,   -1
  260,19890912,  177,  125,  231,   24,  275
  260,19890913,  156,  144,  179,   77,  136
  260,19890914,  141,  109,  172,   41,   69
  260,19890915,  158,  107,  196,   43,   79
  260,19890916,  189,  175,  219,   31,   57
  260,19890917,  193,  144,  247,    0,    0
  260,19890918,  203,  136,  267,    0,    0
  260,19890919,  163,  105,  199,   54,   47
  260,19890920,  159,   86,  227,    0,    0
  260,19890921,  188,  101,  253,    0,    0
  260,19890922,  196,  151,  267,    0,    0
  260,19890923,  153,  137,  174,    1,    1
  260,19890924,  147,  110,  202,   14,    6
  260,19890925,  141,   96,  198,    3,    2
  260,19890926,  132,   79,  178,    6,   21
  260,19890927,  122,   55,  183,    0,    0
  260,19890928,  128,  112,  156,   11,   14
  260,19890929,  129,  109,  161,    2,    3
  260,19890930,  141,  113,  167,    0,   -1
  260,19891001,  135,  120,  163,    0,   -1
  260,19891002,  128,   96,  149,    0,   -1
  260,19891003,  117,   61,  164,    0,   -1
  260,19891004,   93,   26,  158,    0,    0
  260,19891005,  119,   54,  187,    0,   -1
  260,19891006,  125,   99,  150,   79,  103
  260,19891007,  104,   75,  146,   38,   87
  260,19891008,  111,   74,  145,   11,   44
  260,19891009,  106,   73,  149,   46,   11
  260,19891010,  104,   70,  141,    0,   -1
  260,19891011,  117,   69,  155,   23,   54
  260,19891012,  137,  100,  166,    0,   -1
  260,19891013,  133,   94,  164,   20,   85
  260,19891014,  100,   73,  140,   29,   36
  260,19891015,   93,   41,  141,    2,    2
  260,19891016,  119,   79,  160,    0,    0
  260,19891017,  116,   71,  182,    0,    0
  260,19891018,  115,   66,  179,    0,    0
  260,19891019,  138,   93,  184,    0,   -1
  260,19891020,  132,  116,  155,   48,   86
  260,19891021,  173,  127,  200,   21,   14
  260,19891022,  177,  137,  214,    0,   -1
  260,19891023,  147,  135,  162,   32,   20
  260,19891024,  132,   98,  164,    0,   -1
  260,19891025,  119,   98,  150,    0,    0
  260,19891026,  127,  110,  144,   24,    9
  260,19891027,  136,  108,  177,    0,    0
  260,19891028,  119,  100,  156,   19,    4
  260,19891029,  108,   94,  141,  112,   73
  260,19891030,  140,  112,  161,   34,   77
  260,19891031,  110,   85,  135,   53,   37
  260,19891101,  110,   82,  149,    1,    1
  260,19891102,  122,  100,  155,    8,   23
  260,19891103,   92,   65,  124,    0,    0
  260,19891104,   88,   72,  117,   31,   46
  260,19891105,   62,   22,   94,   22,   18
  260,19891106,   37,   13,   55,    0,    0
  260,19891107,   56,   21,  107,    0,    0
  260,19891108,   85,   62,  117,   36,   45
  260,19891109,   80,   62,  113,   31,   25
  260,19891110,   91,   59,  107,   38,   20
  260,19891111,   84,   59,  120,    0,    0
  260,19891112,   63,   11,  140,    0,    0
  260,19891113,   43,   -2,  138,    0,    0
  260,19891114,   60,   -3,  119,    0,    0
  260,19891115,   81,   34,  116,    0,    0
  260,19891116,   37,    4,   79,    0,    0
  260,19891117,   30,    1,   63,    0,    0
  260,19891118,   24,   -4,   66,    0,    0
  260,19891119,   29,  -16,   90,    0,    0
  260,19891120,   59,   18,  124,    0,    0
  260,19891121,   76,   34,  109,    0,   -1
  260,19891122,   43,  -21,   83,    0,   -1
  260,19891123,   33,  -28,   71,   11,   20
  260,19891124,   44,  -17,   79,   27,   51
  260,19891125,   -7,  -60,   34,    0,   -1
  260,19891126,   57,   15,   76,    3,    4
  260,19891127,   79,   63,   90,    0,   -1
  260,19891128,   48,  -15,   90,    0,   -1
  260,19891129,   -3,  -35,   55,    0,    0
  260,19891130,  -33,  -58,   -1,    0,    0
  260,19891201,  -18,  -48,   27,    0,    0
  260,19891202,   -6,  -61,   68,    0,    0
  260,19891203,  -10,  -66,   84,    0,    0
  260,19891204,    6,  -50,   43,    0,   -1
  260,19891205,   44,   12,   79,    0,   -1
  260,19891206,   71,   51,   90,    1,    1
  260,19891207,   55,    5,   91,    0,   -1
  260,19891208,   43,   23,   70,    0,   -1
  260,19891209,   40,    3,   82,    2,    3
  260,19891210,   -4,  -27,   14,    0,   -1
  260,19891211,   29,    3,   76,    0,   -1
  260,19891212,   23,   -5,   64,   18,   19
  260,19891213,   51,   35,   93,   76,  112
  260,19891214,  104,   77,  129,   85,  190
  260,19891215,   62,   22,  112,   10,    4
  260,19891216,   85,   26,  139,  105,   93
  260,19891217,  114,   93,  135,    3,    2
  260,19891218,  100,   89,  118,   48,   48
  260,19891219,   69,   41,  123,   33,   55
  260,19891220,   98,   42,  139,  103,  135
  260,19891221,  133,  115,  149,    0,   -1
  260,19891222,   91,   59,  116,   34,   35
  260,19891223,   64,   38,   85,   15,   46
  260,19891224,   89,   73,  106,   18,    7
  260,19891225,   90,   72,  105,    1,    2
  260,19891226,   52,   -1,   85,    0,    0
  260,19891227,    4,  -18,   28,    0,    0
  260,19891228,   12,    2,   23,    0,   -1
  260,19891229,    3,   -6,   11,    0,   -1
  260,19891230,   -3,   -8,    2,    0,   -1
  260,19891231,    5,    2,    9,    0,   -1
  260,19900101,    5,    0,   12,    0,   -1
  260,19900102,   10,   -8,   22,    0,   -1
  260,19900103,   18,    0,   25,    0,    0
  260,19900104,    3,  -14,   21,   10,    1
  260,19900105,   33,   21,   45,    0,    0
  260,19900106,   41,   30,   61,   13,   15
  260,19900107,   56,   30,   78,    1,    2
  260,19900108,   57,   48,   63,    0,   -1
  260,19900109,   73,   59,   83,   10,    2
  260,19900110,   65,   57,   74,    9,    5
  260,19900111,   70,   46,   87,    2,    2
  260,19900112,   28,   -9,   61,    0,    0
  260,19900113,   23,   -4,   45,   12,    7
  260,19900114,    9,  -13,   28,    0,    0
  260,19900115,   76,   28,  114,   85,   29
  260,19900116,  104,   96,  112,    0,   -1
  260,19900117,   82,   43,  104,   16,   26
  260,19900118,   46,   14,   86,    0,    0
  260,19900119,   56,   38,   73,   25,   27
  260,19900120,   74,   49,   96,   11,    4
  260,19900121,   94,   80,  101,   14,    3
  260,19900122,   87,   77,  101,   25,    6
  260,19900123,   88,   61,  104,  137,  141
  260,19900124,   53,   32,   67,   40,   33
  260,19900125,   85,   50,  133,   54,   73
  260,19900126,   51,   31,   75,   21,   33
  260,19900127,   58,   29,   81,    5,    4
  260,19900128,   69,   37,  100,   53,   51
  260,19900129,   58,   38,   80,    0,   -1
  260,19900130,   82,   47,  104,   22,   12
  260,19900131,  109,   92,  121,    0,   -1
  260,19900201,   87,   69,  108,    0,   -1
  260,19900202,   72,   58,   91,   44,   45
  260,19900203,   69,   58,   93,   67,  127
  260,19900204,   69,   40,  102,    0,    0
  260,19900205,   76,   46,  127,    0,    0
  260,19900206,   82,   32,  123,    0,    0
  260,19900207,  112,   85,  147,   43,   30
  260,19900208,   93,   59,  145,   29,   98
  260,19900209,   67,   38,  102,    0,   -1
  260,19900210,   61,   28,   95,   37,   45
  260,19900211,   57,   30,   79,   57,   74
  260,19900212,   52,   37,   69,   49,   41
  260,19900213,   53,   26,   96,   72,   83
  260,19900214,   68,   44,   82,    9,    4
  260,19900215,   35,   12,   61,   88,   94
  260,19900216,   31,  -16,   78,    0,    0
  260,19900217,   43,  -19,   96,    9,    5
  260,19900218,   76,   40,   97,  127,   68
  260,19900219,  105,   47,  149,    0,   -1
  260,19900220,  140,  118,  169,    0,    0
  260,19900221,   99,   63,  137,    1,    1
  260,19900222,   82,   35,  145,    0,    0
  260,19900223,   86,   28,  157,    0,    0
  260,19900224,  121,   69,  167,    0,    0
  260,19900225,   92,   60,  117,   31,   28
  260,19900226,   82,   42,  112,   80,   80
  260,19900227,   58,   32,   78,   31,   36
  260,19900228,   67,   34,  107,   89,  241
  260,19900301,   43,   18,   73,   49,   70
  260,19900302,   28,    7,   63,   17,    8
  260,19900303,   54,   14,   96,    0,   -1
  260,19900304,   76,   56,   92,    0,   -1
  260,19900305,   80,   68,   97,    7,    2
  260,19900306,   90,   75,  103,   17,    8
  260,19900307,  101,   87,  127,    0,   -1
  260,19900308,   88,   67,  121,    0,    0
  260,19900309,   80,   69,   97,    0,   -1
  260,19900310,   95,   63,  128,   50,   30
  260,19900311,  105,   80,  149,    0,    0
  260,19900312,   72,    6,  119,    0,    0
  260,19900313,   67,  -14,  119,    6,    8
  260,19900314,   93,   48,  140,    0,   -1
  260,19900315,   77,   23,  141,    0,    0
  260,19900316,   88,   17,  171,    0,    0
  260,19900317,  115,   40,  206,    0,    0
  260,19900318,  134,   62,  214,    0,    0
  260,19900319,  130,  109,  155,   34,   36
  260,19900320,  107,   61,  143,   11,   21
  260,19900321,  124,  110,  145,    0,   -1
  260,19900322,  104,   75,  124,    0,   -1
  260,19900323,   91,   55,  123,    0,    0
  260,19900324,   85,   49,  118,   40,   59
  260,19900325,   57,   34,   92,   18,   40
  260,19900326,   67,   37,   95,    0,   -1
  260,19900327,   58,   20,   94,    0,    0
  260,19900328,   58,    4,  100,    0,    0
  260,19900329,   60,    4,  116,    0,    0
  260,19900330,   90,   23,  152,    0,    0
  260,19900331,  107,   32,  180,    0,    0
  260,19900401,  125,   65,  197,    0,    0
  260,19900402,  130,   77,  201,   22,   11
  260,19900403,   67,   29,  107,   48,   54
  260,19900404,   37,   -6,   86,   12,   34
  260,19900405,   28,  -21,   87,   14,   19
  260,19900406,   55,  -12,  109,    0,    0
  260,19900407,   69,   15,  120,    0,    0
  260,19900408,   65,   26,  108,    0,    0
  260,19900409,   42,   -7,   98,    0,    0
  260,19900410,   65,  -38,  124,   43,   41
  260,19900411,   90,   65,  123,    0,   -1
  260,19900412,   89,   42,  130,    1,    2
  260,19900413,  106,   45,  160,   12,   13
  260,19900414,   86,   62,  126,   59,   27
  260,19900415,   70,   49,  103,   91,  188
  260,19900416,   74,   38,  108,   16,   15
  260,19900417,   64,   33,  106,   16,   24
  260,19900418,   52,   17,   91,    0,   -1
  260,19900419,   56,   15,   97,    0,   -1
  260,19900420,   82,   35,  122,   21,   16
  260,19900421,  129,   71,  182,    0,   -1
  260,19900422,  143,   92,  192,    0,   -1
  260,19900423,  125,   84,  180,    4,   27
  260,19900424,  122,   80,  169,    2,    4
  260,19900425,  124,   57,  183,    0,    0
  260,19900426,  114,   31,  176,   41,   24
  260,19900427,   87,   51,  124,   25,   24
  260,19900428,   89,   20,  135,    0,    0
  260,19900429,  132,   93,  194,    0,    0
  260,19900430,  151,   58,  217,    0,    0
  260,19900501,  158,   84,  229,    0,    0
  260,19900502,  194,   98,  263,    0,    0
  260,19900503,  194,  129,  255,    0,    0
  260,19900504,  190,  110,  255,    0,    0
  260,19900505,  194,   99,  278,    0,    0
  260,19900506,  192,   97,  277,    0,    0
  260,19900507,  144,   83,  209,    0,    0
  260,19900508,  149,   54,  231,    0,    0
  260,19900509,  146,   97,  209,   16,   90
  260,19900510,  124,   87,  168,   14,   13
  260,19900511,  106,   81,  145,   49,   66
  260,19900512,  104,   93,  127,   71,   98
  260,19900513,  119,   98,  149,    2,    1
  260,19900514,  114,   56,  159,    0,   -1
  260,19900515,  135,   46,  206,   12,   51
  260,19900516,  149,   87,  195,    0,   -1
  260,19900517,  134,   72,  193,    0,    0
  260,19900518,  106,   50,  134,    0,    0
  260,19900519,  127,   72,  179,    0,    0
  260,19900520,  161,   79,  236,    0,    0
  260,19900521,  148,   90,  213,    0,    0
  260,19900522,  126,   83,  179,    0,    0
  260,19900523,  132,   62,  194,    0,    0
  260,19900524,  121,   57,  187,    0,    0
  260,19900525,  104,   45,  152,    0,   -1
  260,19900526,   97,   15,  157,    0,    0
  260,19900527,  112,   12,  180,    0,    0
  260,19900528,  109,   53,  159,    0,    0
  260,19900529,  123,   21,  196,    0,    0
  260,19900530,  151,   55,  223,    0,    0
  260,19900531,  156,   69,  221,    0,    0
  260,19900601,  190,   89,  256,   12,   11
  260,19900602,  145,  115,  178,   22,   40
  260,19900603,  136,  114,  175,   72,   65
  260,19900604,  123,  104,  153,   21,   20
  260,19900605,  139,   91,  195,    0,    0
  260,19900606,  139,  108,  191,   51,   34
  260,19900607,  135,  101,  174,   30,   38
  260,19900608,  132,   76,  181,    0,   -1
  260,19900609,  123,  100,  162,   25,   76
  260,19900610,  132,   99,  163,    4,    1
  260,19900611,  127,  113,  148,    0,   -1
  260,19900612,  122,  106,  140,    0,   -1
  260,19900613,  126,   94,  173,    0,    0
  260,19900614,  121,   92,  145,    0,   -1
  260,19900615,  124,   76,  156,    0,    0
  260,19900616,  135,   69,  184,    0,    0
  260,19900617,  152,   57,  225,    0,    0
  260,19900618,  173,  107,  228,    0,   -1
  260,19900619,  169,  146,  223,   37,   89
  260,19900620,  158,  129,  195,   16,   67
  260,19900621,  149,  105,  198,   35,   12
  260,19900622,  137,  119,  173,   50,   52
  260,19900623,  148,  119,  185,    9,   12
  260,19900624,  166,  102,  218,    0,   -1
  260,19900625,  172,  133,  198,    0,   -1
  260,19900626,  197,  114,  260,    0,   -1
  260,19900627,  209,  168,  259,    1,    4
  260,19900628,  163,   99,  203,    0,    0
  260,19900629,  178,   86,  230,    0,    0
  260,19900630,  182,  140,  243,    8,   34
  260,19900701,  150,  128,  180,   32,  131
  260,19900702,  140,   79,  180,   11,   20
  260,19900703,  127,   70,  180,    0,    0
  260,19900704,  140,   60,  189,   10,    2
  260,19900705,  144,  121,  178,   45,  123
  260,19900706,  138,  116,  167,    5,    8
  260,19900707,  143,  118,  168,   61,   23
  260,19900708,  170,  150,  197,   30,    3
  260,19900709,  152,  118,  177,    7,   49
  260,19900710,  140,   99,  180,   15,   19
  260,19900711,  167,  105,  222,    0,    0
  260,19900712,  186,  123,  247,    0,    0
  260,19900713,  159,  106,  212,    0,    0
  260,19900714,  157,   71,  218,    0,    0
  260,19900715,  191,  102,  261,    0,    0
  260,19900716,  198,  137,  265,    0,    0
  260,19900717,  160,  127,  202,    0,    0
  260,19900718,  154,  107,  196,    0,    0
  260,19900719,  177,   96,  245,    0,    0
  260,19900720,  200,  110,  277,    0,    0
  260,19900721,  193,  124,  262,    0,    0
  260,19900722,  156,   93,  204,    0,    0
  260,19900723,  149,   90,  187,    0,    0
  260,19900724,  147,   95,  181,    0,    0
  260,19900725,  155,  126,  180,    0,    0
  260,19900726,  191,  124,  254,    0,    0
  260,19900727,  231,  159,  285,    0,   -1
  260,19900728,  215,  169,  271,    7,   51
  260,19900729,  194,  133,  255,    5,    4
  260,19900730,  209,  117,  289,    0,    0
  260,19900731,  219,  156,  277,    0,   -1
  260,19900801,  216,  146,  274,    0,    0
  260,19900802,  238,  144,  312,    0,    0
  260,19900803,  253,  176,  335,    0,    0
  260,19900804,  248,  157,  353,    0,    0
  260,19900805,  181,  114,  235,    0,    0
  260,19900806,  148,   98,  200,    3,    6
  260,19900807,  149,   96,  204,    0,   -1
  260,19900808,  154,   69,  219,    0,   -1
  260,19900809,  191,  116,  255,    0,    0
  260,19900810,  190,  157,  241,    0,   -1
  260,19900811,  204,  148,  271,    0,    0
  260,19900812,  215,  124,  292,    3,    3
  260,19900813,  210,  140,  280,    0,   -1
  260,19900814,  190,  129,  250,    0,    0
  260,19900815,  191,  134,  239,    6,    8
  260,19900816,  174,  120,  213,    0,   -1
  260,19900817,  153,  103,  194,    4,   16
  260,19900818,  131,   79,  176,  123,  232
  260,19900819,  145,   58,  196,   46,   97
  260,19900820,  163,  143,  182,   34,  113
  260,19900821,  145,  104,  186,   12,   21
  260,19900822,  155,   79,  222,    0,   -1
  260,19900823,  181,  123,  245,    0,    0
  260,19900824,  200,  124,  260,    0,    0
  260,19900825,  197,  136,  260,    0,    0
  260,19900826,  176,  128,  234,    0,    0
  260,19900827,  195,  126,  267,    0,    0
  260,19900828,  203,  129,  271,    0,    0
  260,19900829,  228,  151,  288,    0,    0
  260,19900830,  172,  101,  214,    1,    3
  260,19900831,  138,  102,  178,   72,   66
  260,19900901,  154,  127,  196,   27,    4
  260,19900902,  168,  139,  195,   21,   18
  260,19900903,  186,  159,  232,    3,    8
  260,19900904,  157,  102,  201,   26,   48
  260,19900905,  139,   82,  193,    0,   -1
  260,19900906,  138,  106,  185,   18,   26
  260,19900907,  125,   94,  168,   32,   64
  260,19900908,  137,   99,  180,    1,    3
  260,19900909,  135,   94,  184,    0,   -1
  260,19900910,  133,  105,  160,   38,   24
  260,19900911,  135,   66,  193,    0,    0
  260,19900912,  139,   87,  187,    0,   -1
  260,19900913,  129,   66,  192,    0,    0
  260,19900914,  132,   54,  193,    0,    0
  260,19900915,  122,   62,  166,    0,   -1
  260,19900916,  123,   75,  173,    0,    0
  260,19900917,  122,   76,  154,   25,   35
  260,19900918,  125,   56,  155,   25,    6
  260,19900919,  140,  117,  154,   34,   76
  260,19900920,  113,  102,  131,   25,   11
  260,19900921,  107,   83,  142,   59,   91
  260,19900922,  105,   80,  124,    8,    8
  260,19900923,  118,   90,  169,    8,   16
  260,19900924,  110,   84,  148,   60,  201
  260,19900925,  111,   82,  166,   42,   51
  260,19900926,  110,   75,  152,    4,    2
  260,19900927,  107,   61,  139,    4,    1
  260,19900928,  119,   82,  166,   12,    7
  260,19900929,  125,   61,  167,   23,   59
  260,19900930,  164,  125,  205,   34,   40
  260,19901001,  135,   76,  172,    0,    0
  260,19901002,  125,   79,  176,    0,    0
  260,19901003,  149,  104,  209,    3,    8
  260,19901004,  123,   89,  161,    1,    2
  260,19901005,  130,   89,  163,   97,   90
  260,19901006,  160,  133,  186,    4,   11
  260,19901007,  110,   57,  155,   16,   27
  260,19901008,   82,   47,  135,    0,   -1
  260,19901009,  102,   61,  135,    0,    0
  260,19901010,  135,  106,  160,    0,    0
  260,19901011,  131,   76,  163,    0,   -1
  260,19901012,  138,   59,  214,    0,    0
  260,19901013,  169,  114,  236,    0,    0
  260,19901014,  169,  141,  226,    0,    0
  260,19901015,  184,  140,  236,    0,    0
  260,19901016,  149,   80,  191,    0,   -1
  260,19901017,  134,   98,  166,   35,   63
  260,19901018,  144,  130,  168,   15,   16
  260,19901019,  140,  120,  182,    0,    0
  260,19901020,  133,  103,  188,    0,    0
  260,19901021,   91,   56,  119,    0,    0
  260,19901022,   71,   27,  121,    0,    0
  260,19901023,   66,   25,  138,    0,    0
  260,19901024,   85,    7,  162,    0,    0
  260,19901025,  109,   69,  144,   28,   11
  260,19901026,  104,   69,  144,   34,   48
  260,19901027,   92,   65,  118,    0,   -1
  260,19901028,  100,   78,  116,   94,  175
  260,19901029,   81,   54,  113,   35,   39
  260,19901030,   88,   50,  119,   24,   46
  260,19901031,   96,   79,  125,   51,  101
  260,19901101,   92,   77,  119,   50,   72
  260,19901102,   70,   17,   99,   27,   24
  260,19901103,   55,   14,   97,   28,   37
  260,19901104,   42,    5,   94,    4,    1
  260,19901105,   46,   -9,   95,    0,    0
  260,19901106,   47,  -19,   96,    0,   -1
  260,19901107,   75,   55,   95,    0,    0
  260,19901108,   64,   21,   83,    0,    0
  260,19901109,   43,   12,   78,    0,    0
  260,19901110,   66,   17,  107,    9,   19
  260,19901111,  112,   95,  133,   50,   93
  260,19901112,   88,   74,  103,    0,    0
  260,19901113,  111,   93,  125,   41,   35
  260,19901114,  113,  100,  126,   54,   67
  260,19901115,  101,   80,  128,   24,   36
  260,19901116,  118,   93,  139,   10,    9
  260,19901117,  111,   68,  142,  113,  140
  260,19901118,   92,   72,  104,   20,   21
  260,19901119,   70,   47,   85,   69,  155
  260,19901120,   60,   25,   85,   46,   88
  260,19901121,   50,   27,   80,   21,   23
  260,19901122,   33,   -4,   70,    0,   -1
  260,19901123,   14,   -1,   23,    0,    0
  260,19901124,   34,    5,   54,   24,   16
  260,19901125,   38,   21,   62,   19,   12
  260,19901126,   32,   10,   51,   48,    8
  260,19901127,   28,   -6,   53,    0,    0
  260,19901128,   13,  -31,   59,    0,    0
  260,19901129,   24,  -34,   75,   18,   10
  260,19901130,   17,  -26,   60,    0,   -1
  260,19901201,   39,  -26,   74,    0,   -1
  260,19901202,   65,   54,   79,    0,   -1
  260,19901203,   64,   39,   74,    8,    3
  260,19901204,   62,   32,   86,   11,    7
  260,19901205,   34,  -12,   70,    0,   -1
  260,19901206,   25,  -19,   67,    0,    0
  260,19901207,   23,  -11,   45,    0,   -1
  260,19901208,    6,  -17,   33,    0,   -1
  260,19901209,    4,   -7,   16,    0,   -1
  260,19901210,   16,   -7,   36,   20,   26
  260,19901211,   42,   28,   48,   29,   21
  260,19901212,   54,   24,   73,   69,   90
  260,19901213,   51,   37,   61,    3,    1
  260,19901214,   27,    0,   46,    0,   -1
  260,19901215,   34,  -15,   66,   10,    7
  260,19901216,   -3,  -32,   18,    0,    0
  260,19901217,    2,  -10,   17,    0,    0
  260,19901218,   -2,  -12,    0,    0,   -1
  260,19901219,    5,   -5,   31,    0,   -1
  260,19901220,   47,   17,   82,   63,  106
  260,19901221,   56,   14,   95,    3,    4
  260,19901222,   80,   42,   93,    0,   -1
  260,19901223,   79,   66,   90,    0,   -1
  260,19901224,   65,   61,   70,    0,   -1
  260,19901225,   59,   46,   69,   27,   24
  260,19901226,   54,   24,   93,   71,  166
  260,19901227,   63,   46,   84,   16,   11
  260,19901228,   49,   16,   89,   17,    2
  260,19901229,   85,   68,  106,   91,  115
  260,19901230,   62,   46,   84,    0,    0
  260,19901231,   45,   12,   72,   15,    9
  260,19910101,   48,   23,   70,   20,   28
  260,19910102,  101,   64,  121,  130,  204
  260,19910103,   80,   62,   93,   35,   20
  260,19910104,   58,   45,   90,    2,    4
  260,19910105,   54,   27,   83,   38,   37
  260,19910106,   63,   46,   71,   25,   13
  260,19910107,   68,   50,   92,    5,   12
  260,19910108,   72,   34,  114,   37,   29
  260,19910109,   76,   46,  104,   33,   48
  260,19910110,   98,   65,  129,   23,   22
  260,19910111,   71,   44,   91,   14,   15
  260,19910112,   33,    3,   53,   16,   18
  260,19910113,   18,  -12,   63,    0,    0
  260,19910114,   -1,  -17,   22,    0,    0
  260,19910115,    2,  -19,   39,    0,    0
  260,19910116,  -13,  -35,   21,    0,    0
  260,19910117,    2,  -30,   44,    0,    0
  260,19910118,   -1,  -25,   44,    0,    0
  260,19910119,   11,  -27,   59,   38,   29
  260,19910120,   15,  -33,   51,   10,    6
  260,19910121,   53,   24,   73,    3,    1
  260,19910122,   35,    8,   59,    0,   -1
  260,19910123,    4,   -4,   12,    0,   -1
  260,19910124,    1,  -30,   25,    0,    0
  260,19910125,    3,  -38,   21,    0,    0
  260,19910126,   25,   14,   34,    0,   -1
  260,19910127,   35,   14,   58,    0,    0
  260,19910128,   22,  -24,   59,    0,    0
  260,19910129,  -20,  -47,    6,    0,    0
  260,19910130,   -6,  -38,   24,    0,    0
  260,19910131,  -18,  -48,    9,    0,    0
  260,19910201,  -42,  -81,  -15,    0,   -1
  260,19910202,  -44,  -94,   13,    0,    0
  260,19910203,  -67,  -98,  -25,    0,    0
  260,19910204,  -50,  -99,    1,    0,    0
  260,19910205,   -9,  -45,   21,    0,   -1
  260,19910206,  -85, -119,  -19,    0,   -1
  260,19910207,  -81, -121,  -55,    0,   -1
  260,19910208,  -73, -115,  -46,    2,    2
  260,19910209,  -73, -125,  -33,    0,    0
  260,19910210,  -50,  -70,  -24,    0,   -1
  260,19910211,  -33,  -69,  -14,   42,   31
  260,19910212,  -34, -101,   13,   30,    3
  260,19910213,  -29,  -92,   15,   29,    9
  260,19910214,  -26, -111,   17,   16,    6
  260,19910215,    7,  -15,   30,   98,   99
  260,19910216,   13,  -24,   31,    0,   -1
  260,19910217,    1,  -36,   39,    0,    0
  260,19910218,   13,  -32,   49,    0,    0
  260,19910219,  -13,  -67,   53,    0,    0
  260,19910220,    4,  -55,   45,    0,   -1
  260,19910221,   26,    1,   74,    0,   -1
  260,19910222,   56,   30,   73,   28,    9
  260,19910223,  100,   66,  120,    6,    1
  260,19910224,   92,   42,  130,    0,    0
  260,19910225,   74,   45,  114,   10,    2
  260,19910226,   63,   24,  122,    0,    0
  260,19910227,   25,    5,   53,    0,    0
  260,19910228,   23,    8,   42,   26,   15
  260,19910301,   41,    7,   86,   40,   29
  260,19910302,   44,   23,   62,   70,   41
  260,19910303,   63,   20,  100,    0,   -1
  260,19910304,   64,  -18,  130,    0,   -1
  260,19910305,   93,   69,  121,   80,   48
  260,19910306,  115,   88,  160,    6,    6
  260,19910307,  131,  106,  177,    0,   -1
  260,19910308,  120,  100,  151,    0,   -1
  260,19910309,  101,   76,  118,    0,   -1
  260,19910310,  117,   82,  159,    0,   -1
  260,19910311,  111,   83,  149,    0,   -1
  260,19910312,  108,   58,  163,    0,    0
  260,19910313,   98,   21,  177,    0,    0
  260,19910314,  110,   44,  176,    0,   -1
  260,19910315,   93,   72,  117,    0,   -1
  260,19910316,  119,   73,  160,    0,   -1
  260,19910317,  101,   36,  130,    0,   -1
  260,19910318,   87,   30,  123,    0,    0
  260,19910319,  107,   89,  128,   82,   57
  260,19910320,  119,   87,  143,   17,   18
  260,19910321,   99,   57,  141,    6,    2
  260,19910322,   64,    4,  115,    4,    2
  260,19910323,   51,  -19,  100,    0,    0
  260,19910324,   67,   15,  114,    0,    0
  260,19910325,   68,   22,  112,    0,    0
  260,19910326,   70,   41,  120,    0,    0
  260,19910327,   81,   20,  137,    0,    0
  260,19910328,   72,   36,  109,    0,   -1
  260,19910329,   58,   -1,  114,    0,    0
  260,19910330,   54,  -33,  116,    0,    0
  260,19910331,   89,   50,  114,    0,   -1
  260,19910401,  101,   84,  144,   12,    3
  260,19910402,  104,   86,  141,    9,    2
  260,19910403,   96,   56,  133,    7,    1
  260,19910404,   79,   23,  129,   36,    5
  260,19910405,   83,   58,  112,    0,   -1
  260,19910406,   94,   45,  141,    3,    6
  260,19910407,   94,   55,  129,   20,   26
  260,19910408,   97,   57,  132,    7,    2
  260,19910409,   94,   15,  161,    0,    0
  260,19910410,  118,   31,  187,    0,    0
  260,19910411,  150,   87,  219,    0,    0
  260,19910412,  149,   82,  220,    0,    0
  260,19910413,  148,   59,  221,    0,    0
  260,19910414,  134,   82,  194,    0,    0
  260,19910415,  129,   49,  198,    0,    0
  260,19910416,   66,   30,  100,    1,    1
  260,19910417,   52,    2,   93,   42,   69
  260,19910418,   35,  -11,   68,   43,   32
  260,19910419,   40,  -20,   80,    2,    1
  260,19910420,   25,  -34,   79,    0,   -1
  260,19910421,   41,  -48,   95,   10,   12
  260,19910422,   56,   26,   95,   28,   47
  260,19910423,   49,   10,   92,   34,   83
  260,19910424,   60,   -3,  127,    0,    0
  260,19910425,   78,   11,  142,    0,   -1
  260,19910426,   87,   24,  149,    0,    0
  260,19910427,   81,   30,  138,    0,    0
  260,19910428,   67,    5,  119,    0,   -1
  260,19910429,   71,   29,  100,    0,   -1
  260,19910430,   81,   54,  116,    0,   -1
  260,19910501,   78,   44,  114,    0,   -1
  260,19910502,   77,   45,   98,    0,   -1
  260,19910503,   68,   35,  103,    6,   13
  260,19910504,   76,   54,  118,   37,   63
  260,19910505,   77,   48,   97,   38,   49
  260,19910506,   82,   65,  107,    2,    3
  260,19910507,   95,   60,  128,    0,   -1
  260,19910508,  100,   55,  143,    0,    0
  260,19910509,   96,   27,  150,    0,    0
  260,19910510,  100,   52,  159,    0,   -1
  260,19910511,  102,   21,  167,    0,   -1
  260,19910512,  107,   70,  146,    0,    0
  260,19910513,  120,   56,  161,   30,   29
  260,19910514,  100,   61,  130,   10,    6
  260,19910515,   76,   46,  107,   41,   25
  260,19910516,   75,   39,  113,   11,   10
  260,19910517,   77,   34,  110,    0,   -1
  260,19910518,   78,    0,  134,    0,    0
  260,19910519,  108,   13,  155,    0,    0
  260,19910520,  134,  115,  154,    0,   -1
  260,19910521,  151,  127,  184,    0,    0
  260,19910522,  121,   60,  165,    0,    0
  260,19910523,   98,   51,  142,    0,    0
  260,19910524,   97,   39,  149,    0,    0
  260,19910525,  111,   59,  157,    0,   -1
  260,19910526,  113,   86,  153,    0,   -1
  260,19910527,  109,   95,  128,    0,   -1
  260,19910528,  103,   84,  129,   26,    7
  260,19910529,  121,   82,  173,    0,    0
  260,19910530,  139,   76,  212,    0,    0
  260,19910531,  113,   89,  163,    0,    0
  260,19910601,  100,   37,  140,    0,    0
  260,19910602,  100,   11,  164,    0,    0
  260,19910603,   84,   50,  113,   39,   27
  260,19910604,   80,   43,  124,   28,   50
  260,19910605,   97,   21,  147,    1,    2
  260,19910606,  118,   87,  148,    0,   -1
  260,19910607,  135,   94,  173,   32,   20
  260,19910608,  123,   94,  153,    5,    3
  260,19910609,  142,  112,  184,   34,   58
  260,19910610,  139,  116,  172,   25,   17
  260,19910611,  137,  112,  170,    0,   -1
  260,19910612,  139,  119,  154,   55,   90
  260,19910613,  131,  110,  170,   28,   56
  260,19910614,  137,  108,  176,    0,   -1
  260,19910615,  119,   97,  144,  118,  173
  260,19910616,  112,   55,  148,   24,   72
  260,19910617,  113,   35,  167,    8,   62
  260,19910618,  118,   89,  154,   33,   63
  260,19910619,  110,   98,  130,   90,   79
  260,19910620,  120,   78,  158,    0,   -1
  260,19910621,  143,   59,  205,   57,  136
  260,19910622,  157,  109,  205,    0,   -1
  260,19910623,  152,  120,  178,   66,  282
  260,19910624,  154,  134,  182,   33,   25
  260,19910625,  166,  140,  189,  102,   67
  260,19910626,  154,  126,  184,   61,   88
  260,19910627,  128,  115,  146,   59,  151
  260,19910628,  126,  102,  156,    1,    1
  260,19910629,  133,  105,  175,    0,   -1
  260,19910630,  149,  112,  174,    8,   26
  260,19910701,  161,  151,  195,   71,   71
  260,19910702,  205,  154,  268,   26,   31
  260,19910703,  223,  150,  287,    0,    0
  260,19910704,  226,  184,  271,    0,    0
  260,19910705,  241,  172,  294,    0,    0
  260,19910706,  229,  180,  298,    0,    0
  260,19910707,  234,  167,  300,    0,    0
  260,19910708,  210,  175,  249,   30,  108
  260,19910709,  162,  115,  194,   10,   23
  260,19910710,  188,  104,  250,    0,    0
  260,19910711,  245,  161,  324,    8,   70
  260,19910712,  184,  163,  209,   12,   54
  260,19910713,  172,  150,  205,   35,   26
  260,19910714,  170,  118,  215,   14,    5
  260,19910715,  157,  124,  176,    4,    2
  260,19910716,  164,  133,  193,    9,    5
  260,19910717,  169,  139,  210,    0,    0
  260,19910718,  149,  110,  172,   70,   44
  260,19910719,  166,  153,  184,    0,   -1
  260,19910720,  170,  142,  200,    6,    3
  260,19910721,  171,  115,  215,    5,    3
  260,19910722,  172,   89,  227,    0,    0
  260,19910723,  209,  124,  270,    0,    0
  260,19910724,  170,  134,  205,   43,  107
  260,19910725,  157,  124,  201,    5,    8
  260,19910726,  167,  121,  219,    0,    0
  260,19910727,  172,  115,  227,    0,    0
  260,19910728,  209,  120,  268,    0,    0
  260,19910729,  229,  161,  282,    0,    0
  260,19910730,  234,  175,  292,    0,    0
  260,19910731,  178,  123,  220,   22,   22
  260,19910801,  180,  108,  239,    0,    0
  260,19910802,  188,  114,  256,    0,   -1
  260,19910803,  186,  139,  251,    0,    0
  260,19910804,  187,  119,  253,    0,   -1
  260,19910805,  203,  127,  252,    0,    0
  260,19910806,  229,  154,  305,    0,   -1
  260,19910807,  198,  159,  242,    0,   -1
  260,19910808,  173,  118,  205,    1,    1
  260,19910809,  178,   86,  238,    1,    1
  260,19910810,  203,  181,  221,    0,   -1
  260,19910811,  187,  172,  219,   23,   25
  260,19910812,  163,   95,  210,    0,    0
  260,19910813,  152,   96,  207,    4,    1
  260,19910814,  171,  120,  229,    0,    0
  260,19910815,  192,  108,  260,    0,    0
  260,19910816,  178,  118,  223,    0,    0
  260,19910817,  166,  129,  203,   16,   12
  260,19910818,  153,  117,  193,    0,   -1
  260,19910819,  164,   81,  207,    0,   -1
  260,19910820,  170,  103,  214,   12,   10
  260,19910821,  177,   77,  253,    0,    0
  260,19910822,  227,  173,  292,    3,    4
  260,19910823,  188,  159,  225,   12,    9
  260,19910824,  164,  103,  210,    0,   -1
  260,19910825,  173,  100,  241,    0,    0
  260,19910826,  163,   88,  229,    0,    0
  260,19910827,  174,  112,  229,    0,    0
  260,19910828,  156,   99,  212,    0,   -1
  260,19910829,  164,   90,  233,    0,    0
  260,19910830,  175,   91,  251,    0,    0
  260,19910831,  194,  113,  266,    0,    0
  260,19910901,  212,  126,  281,    0,    0
  260,19910902,  193,  103,  272,    0,    0
  260,19910903,  206,  127,  301,    0,    0
  260,19910904,  194,  133,  267,    0,    0
  260,19910905,  168,  111,  218,    2,    2
  260,19910906,  142,   97,  172,    0,   -1
  260,19910907,  153,  130,  178,    0,   -1
  260,19910908,  149,   85,  214,    0,    0
  260,19910909,  145,   77,  199,    0,    0
  260,19910910,  158,   64,  244,    0,   -1
  260,19910911,  130,   52,  168,    0,   -1
  260,19910912,  115,   25,  191,    0,    0
  260,19910913,  126,   28,  216,    0,    0
  260,19910914,  156,   39,  240,    0,    0
  260,19910915,  164,   91,  203,   25,   13
  260,19910916,  140,   72,  184,   39,  106
  260,19910917,  164,  133,  191,    0,   -1
  260,19910918,  158,  125,  204,   15,   18
  260,19910919,  134,   64,  186,    0,    0
  260,19910920,  108,   49,  185,    0,    0
  260,19910921,  140,   60,  224,    0,    0
  260,19910922,  156,  125,  181,   16,   32
  260,19910923,  145,  122,  180,   36,   22
  260,19910924,  181,  147,  201,    4,    1
  260,19910925,  148,  137,  161,   69,  138
  260,19910926,  141,  124,  164,   16,   82
  260,19910927,  115,  105,  131,   74,  111
  260,19910928,  119,   74,  158,   37,    7
  260,19910929,  133,  117,  171,   44,   26
  260,19910930,  114,   90,  149,   69,  156
  260,19911001,  115,   74,  154,   22,   66
  260,19911002,  127,   97,  161,   13,   16
  260,19911003,  138,   98,  177,    9,   19
  260,19911004,  117,   67,  173,    0,    0
  260,19911005,  127,   55,  183,    0,    0
  260,19911006,  109,   42,  155,   16,    3
  260,19911007,  100,   34,  154,    0,    0
  260,19911008,  139,   86,  181,    0,    0
  260,19911009,  133,  107,  185,    0,    0
  260,19911010,  148,   97,  216,    0,    0
  260,19911011,  157,  123,  197,    0,    0
  260,19911012,  131,  104,  161,   63,   96
  260,19911013,  126,  108,  139,   28,    9
  260,19911014,  121,   79,  178,    0,    0
  260,19911015,  114,   75,  176,    0,    0
  260,19911016,  130,  103,  147,   27,   14
  260,19911017,   98,   72,  144,   20,   34
  260,19911018,   86,   58,  112,   64,  118
  260,19911019,   72,   48,  102,   30,   26
  260,19911020,   64,   -2,  113,    2,    2
  260,19911021,   49,   -7,  111,    0,   -1
  260,19911022,   77,   17,  138,    0,   -1
  260,19911023,  100,   88,  119,    4,    3
  260,19911024,  101,   87,  125,    0,   -1
  260,19911025,   96,   88,  107,    0,   -1
  260,19911026,   73,   27,  107,    0,    0
  260,19911027,   51,    6,   95,    0,    0
  260,19911028,   70,   39,   94,    0,    0
  260,19911029,   64,   43,  100,    0,    0
  260,19911030,   55,   22,   88,    0,    0
  260,19911031,   77,   47,  113,    0,    0
  260,19911101,  101,   63,  136,   32,   15
  260,19911102,  123,  111,  143,   12,   55
  260,19911103,   97,   55,  123,   47,   65
  260,19911104,   62,   47,   86,   76,  226
  260,19911105,   66,   33,   99,   14,   16
  260,19911106,   62,   27,   87,   37,   33
  260,19911107,  115,   78,  131,   98,  159
  260,19911108,   98,   71,  125,   69,   71
  260,19911109,   55,   30,   76,   58,  109
  260,19911110,   53,   19,   85,   20,   19
  260,19911111,   70,   38,   86,  122,   77
  260,19911112,   63,    8,  108,   30,   71
  260,19911113,   69,   47,  100,   18,   44
  260,19911114,   50,   18,   72,    6,    6
  260,19911115,   40,   -8,   81,   25,   52
  260,19911116,    2,  -21,   41,    0,    0
  260,19911117,   12,   -8,   40,    0,    0
  260,19911118,   60,   37,   85,   57,   38
  260,19911119,   48,   12,   68,   82,  182
  260,19911120,   22,    0,   41,   50,   54
  260,19911121,   -4,  -12,    6,    0,   -1
  260,19911122,   29,   -1,   49,   50,    5
  260,19911123,   50,   45,   56,    0,   -1
  260,19911124,   33,    1,   60,    0,    0
  260,19911125,    7,  -11,   21,    0,    0
  260,19911126,   37,    5,   59,    0,   -1
  260,19911127,   58,   32,   87,    0,   -1
  260,19911128,   40,   16,   75,    0,    0
  260,19911129,   36,   14,   77,    0,    0
  260,19911130,   38,  -11,   86,    0,    0
  260,19911201,   25,    7,   41,    0,   -1
  260,19911202,   15,   -5,   42,    0,   -1
  260,19911203,    0,   -9,    9,    0,   -1
  260,19911204,   39,    9,   73,    0,   -1
  260,19911205,   39,   -8,   68,    0,   -1
  260,19911206,    9,  -39,   59,    0,    0
  260,19911207,   39,   -2,   65,    0,    0
  260,19911208,   28,   -7,   64,    0,    0
  260,19911209,   23,  -17,   55,    0,    0
  260,19911210,  -22,  -43,    0,    0,    0
  260,19911211,   -7,  -32,   13,    0,    0
  260,19911212,    4,  -25,   33,    0,    0
  260,19911213,    5,  -30,   34,    0,    0
  260,19911214,    5,  -28,   62,    0,    0
  260,19911215,  -13,  -39,   22,    0,    0
  260,19911216,   19,  -20,   40,    0,   -1
  260,19911217,   56,   27,   87,   53,   53
  260,19911218,   67,   49,   90,   24,   66
  260,19911219,   88,   51,  111,   89,  108
  260,19911220,   48,   32,   64,   28,   18
  260,19911221,   72,   26,  122,  114,  126
  260,19911222,  113,   93,  132,  114,   85
  260,19911223,  100,   63,  120,   19,   27
  260,19911224,   58,   38,   85,    2,    2
  260,19911225,   37,   -1,   70,    0,    0
  260,19911226,   73,   42,   92,   21,   16
  260,19911227,   68,   55,   77,    0,    0
  260,19911228,   65,   50,   86,    0,    0
  260,19911229,   59,   53,   63,   71,    8
  260,19911230,   61,   54,   72,    0,   -1
  260,19911231,   47,   39,   56,    0,   -1
  260,19920101,   60,   40,   85,    0,    0
  260,19920102,   70,   64,   80,    0,    0
  260,19920103,   51,   22,   77,    0,    0
  260,19920104,   66,   40,   91,   42,   44
  260,19920105,   81,   36,  104,  137,  162
  260,19920106,   87,   42,  106,   47,   45
  260,19920107,   36,   13,   45,    0,    0
  260,19920108,   75,   18,  104,   12,    6
  260,19920109,   64,   35,  100,   84,   71
  260,19920110,   24,  -18,   53,    0,    0
  260,19920111,  -26,  -37,  -16,    0,    0
  260,19920112,    7,  -20,   36,   25,    3
  260,19920113,   45,   18,   64,    0,    0
  260,19920114,   63,   51,   83,    0,   -1
  260,19920115,   66,   59,   76,    0,   -1
  260,19920116,   54,   37,   67,    0,   -1
  260,19920117,   59,   41,   72,    0,   -1
  260,19920118,   57,   41,   80,    5,    1
  260,19920119,   61,   41,   78,   62,   49
  260,19920120,    3,  -40,   47,    4,    2
  260,19920121,  -33,  -56,    3,    0,    0
  260,19920122,  -47,  -77,   -9,    0,    0
  260,19920123,  -50,  -75,  -11,    0,    0
  260,19920124,  -54,  -87,   -6,    0,    0
  260,19920125,  -36,  -77,  -13,    0,    0
  260,19920126,   22,  -17,   68,    0,    0
  260,19920127,   23,  -20,   49,    1,    1
  260,19920128,   -7,  -38,   34,    0,    0
  260,19920129,   16,    0,   46,    0,    0
  260,19920130,    9,   -1,   17,    0,   -1
  260,19920131,   -4,  -14,    2,    0,   -1
  260,19920201,  -18,  -24,   -7,    0,   -1
  260,19920202,   -6,  -22,   11,    0,   -1
  260,19920203,   53,    6,   72,   18,   13
  260,19920204,   33,   15,   50,   59,   35
  260,19920205,   69,   29,   86,   55,   11
  260,19920206,   78,   67,  102,    0,    0
  260,19920207,   49,    9,   91,    0,    0
  260,19920208,   34,  -14,   90,    0,    0
  260,19920209,   46,    7,   74,   28,   12
  260,19920210,   63,   51,   81,   45,   54
  260,19920211,   71,   62,   80,   50,   15
  260,19920212,  103,   72,  123,   37,   14
  260,19920213,   74,   45,  119,   14,    7
  260,19920214,   64,   38,   87,   29,   12
  260,19920215,   80,   48,  103,   32,   24
  260,19920216,   32,    7,   58,   59,   47
  260,19920217,    3,  -32,   28,   17,    5
  260,19920218,   -9,  -66,   33,    0,   -1
  260,19920219,   11,  -19,   38,   19,    2
  260,19920220,   24,  -16,   63,    2,    1
  260,19920221,   43,    5,   76,    0,    0
  260,19920222,   38,    9,   62,    0,   -1
  260,19920223,   63,   -2,  112,   29,   40
  260,19920224,   64,    8,   89,   10,    1
  260,19920225,   60,    2,   99,    0,    0
  260,19920226,   69,   55,   87,    0,    0
  260,19920227,   85,   45,  127,    0,    0
  260,19920228,   68,   21,  127,    0,    0
  260,19920229,   88,   28,  157,    0,    0
  260,19920301,   97,   32,  158,    0,    0
  260,19920302,   67,   51,   98,   27,   19
  260,19920303,   72,   53,   91,    0,   -1
  260,19920304,   88,   57,  129,    0,   -1
  260,19920305,   99,   45,  150,   20,   27
  260,19920306,   80,   28,  111,   21,   34
  260,19920307,   76,   19,  139,    0,    0
  260,19920308,   80,   41,  123,    0,   -1
  260,19920309,   70,   20,  105,    0,   -1
  260,19920310,   74,   37,  124,   42,   30
  260,19920311,   59,   38,   80,    0,   -1
  260,19920312,   85,   58,   97,  161,  187
  260,19920313,   62,   34,   92,   90,  102
  260,19920314,   34,    3,   67,   82,   80
  260,19920315,   44,   27,   68,   13,    5
  260,19920316,   58,    0,   91,    0,   -1
  260,19920317,   89,   77,  106,    0,    0
  260,19920318,   87,   40,  113,   10,    3
  260,19920319,   86,   55,  112,    0,   -1
  260,19920320,   92,   82,  102,   31,   26
  260,19920321,   86,   52,  103,   17,   43
  260,19920322,   58,   34,   80,   76,   88
  260,19920323,   50,   20,   85,    7,   21
  260,19920324,   49,   20,   80,    8,    3
  260,19920325,   51,   39,   75,   25,   10
  260,19920326,   44,   27,   59,   90,   56
  260,19920327,   49,   17,   95,   11,    8
  260,19920328,   34,    8,   67,    8,    4
  260,19920329,   40,  -18,   64,    7,    2
  260,19920330,   83,   45,  114,   25,   29
  260,19920331,   84,   49,  120,   64,   37
  260,19920401,   63,   18,  105,   16,    2
  260,19920402,   58,    9,   96,   22,   12
  260,19920403,   62,   46,   90,   73,   37
  260,19920404,   51,    7,   98,    0,   -1
  260,19920405,   52,  -10,   95,    0,   -1
  260,19920406,   73,   53,   98,    0,   -1
  260,19920407,   99,   64,  141,    0,   -1
  260,19920408,  106,   37,  164,    0,    0
  260,19920409,   99,   20,  157,    0,    0
  260,19920410,  103,   22,  170,    0,    0
  260,19920411,  100,   14,  176,    0,    0
  260,19920412,   90,   23,  151,   27,   14
  260,19920413,   72,   36,  103,   15,   15
  260,19920414,   98,   79,  128,   26,   19
  260,19920415,   60,   37,   91,   78,   41
  260,19920416,   46,   14,   76,   53,   66
  260,19920417,   58,    9,   75,  160,   94
  260,19920418,  117,   75,  148,   45,   21
  260,19920419,   85,   24,  132,   11,    4
  260,19920420,   68,    1,  127,    0,    0
  260,19920421,   97,   24,  162,    0,    0
  260,19920422,  105,   69,  141,    0,   -1
  260,19920423,   95,   55,  134,   15,    9
  260,19920424,  122,   66,  158,    0,    0
  260,19920425,  126,   91,  155,   44,   25
  260,19920426,  122,   82,  140,  100,   61
  260,19920427,  111,   85,  144,    0,    0
  260,19920428,   90,   76,  125,   92,   81
  260,19920429,   88,   44,  130,    0,    0
  260,19920430,   97,   45,  135,   26,   19
  260,19920501,   95,   62,  116,   86,  154
  260,19920502,   86,   53,  123,    5,    2
  260,19920503,   86,   27,  130,    3,    1
  260,19920504,   91,    1,  163,    0,    0
  260,19920505,  110,   21,  175,    0,    0
  260,19920506,  125,   76,  166,    0,    0
  260,19920507,  142,  113,  181,    0,   -1
  260,19920508,  111,   73,  126,   28,   50
  260,19920509,   86,   68,  121,   98,  152
  260,19920510,   97,   60,  137,   50,   43
  260,19920511,  106,   82,  142,   11,    5
  260,19920512,  116,   74,  140,    0,   -1
  260,19920513,  158,  114,  212,    0,    0
  260,19920514,  219,  131,  294,    0,    0
  260,19920515,  195,  127,  289,    0,    0
  260,19920516,  139,   88,  185,    0,    0
  260,19920517,  123,   87,  170,    0,    0
  260,19920518,  164,   77,  231,    0,    0
  260,19920519,  184,  109,  244,    0,    0
  260,19920520,  191,  106,  252,    0,    0
  260,19920521,  188,  116,  252,    0,    0
  260,19920522,  202,   98,  275,    0,    0
  260,19920523,  216,  113,  281,    0,   -1
  260,19920524,  215,  134,  277,    0,    0
  260,19920525,  218,  147,  287,    0,   -1
  260,19920526,  194,  135,  248,    0,    0
  260,19920527,  193,  144,  248,    0,    0
  260,19920528,  213,  145,  272,    0,    0
  260,19920529,  193,  140,  255,   15,    5
  260,19920530,  184,  136,  251,   31,   17
  260,19920531,  198,  138,  253,    2,    1
  260,19920601,  192,  157,  260,   22,   40
  260,19920602,  179,  143,  219,   33,  159
  260,19920603,  166,  129,  208,    4,    8
  260,19920604,  137,  126,  153,   57,   89
  260,19920605,  156,  127,  199,   28,   73
  260,19920606,  174,  138,  209,    0,   -1
  260,19920607,  153,  115,  175,   49,   84
  260,19920608,  166,  110,  228,   26,   99
  260,19920609,  161,  105,  227,   16,   16
  260,19920610,  181,  126,  235,    0,    0
  260,19920611,  158,  103,  204,    0,    0
  260,19920612,  170,  133,  210,    0,   -1
  260,19920613,  182,  108,  234,    0,    0
  260,19920614,  185,  119,  249,    0,    0
  260,19920615,  207,  120,  272,    0,    0
  260,19920616,  168,  124,  204,    0,    0
  260,19920617,  150,  117,  198,    0,    0
  260,19920618,  127,   91,  172,   35,   29
  260,19920619,  135,   83,  180,   26,   19
  260,19920620,  186,  135,  248,    0,    0
  260,19920621,  168,  124,  216,    0,    0
  260,19920622,  153,  123,  182,    0,   -1
  260,19920623,  156,  104,  209,    0,    0
  260,19920624,  154,  107,  199,    0,    0
  260,19920625,  168,  116,  223,    0,    0
  260,19920626,  174,  111,  229,    0,    0
  260,19920627,  203,  141,  262,    0,    0
  260,19920628,  217,  144,  287,    0,    0
  260,19920629,  224,  127,  297,    0,    0
  260,19920630,  218,  144,  309,    9,   10
  260,19920701,  200,  172,  239,    0,   -1
  260,19920702,  169,  148,  204,    7,    6
  260,19920703,  183,  141,  237,   27,  265
  260,19920704,  171,  135,  208,   41,   74
  260,19920705,  179,  134,  226,    4,    1
  260,19920706,  181,  144,  228,    0,    0
  260,19920707,  168,  109,  214,    0,    0
  260,19920708,  173,   96,  239,    0,    0
  260,19920709,  201,  124,  261,    0,    0
  260,19920710,  163,  123,  212,    9,    4
  260,19920711,  170,  143,  210,    3,    1
  260,19920712,  168,  145,  194,   31,   22
  260,19920713,  161,  144,  176,   50,   90
  260,19920714,  161,  100,  199,   77,   90
  260,19920715,  165,   82,  219,    0,    0
  260,19920716,  206,  154,  263,    0,   -1
  260,19920717,  176,  157,  186,   66,   90
  260,19920718,  178,  140,  215,    0,   -1
  260,19920719,  213,  135,  274,    0,    0
  260,19920720,  233,  189,  289,    0,    0
  260,19920721,  205,  163,  253,   23,   37
  260,19920722,  170,  110,  225,    0,   -1
  260,19920723,  185,   87,  249,    0,    0
  260,19920724,  203,  147,  275,    8,    3
  260,19920725,  189,  144,  243,    0,    0
  260,19920726,  184,  121,  226,    0,    0
  260,19920727,  168,  126,  204,    8,   14
  260,19920728,  163,  112,  210,    0,   -1
  260,19920729,  184,  106,  258,    0,    0
  260,19920730,  193,  112,  263,    0,    0
  260,19920731,  197,  136,  252,    0,    0
  260,19920801,  211,  141,  287,    0,   -1
  260,19920802,  190,  144,  227,    0,    0
  260,19920803,  190,  148,  235,    3,    3
  260,19920804,  171,  109,  221,    4,    4
  260,19920805,  194,  110,  267,    0,    0
  260,19920806,  181,  129,  234,    0,   -1
  260,19920807,  195,  111,  266,    0,    0
  260,19920808,  239,  158,  308,   17,   29
  260,19920809,  250,  184,  308,    9,   65
  260,19920810,  173,  138,  219,   90,  259
  260,19920811,  173,  137,  213,    0,    0
  260,19920812,  165,  137,  204,   23,   29
  260,19920813,  154,  134,  196,   87,  234
  260,19920814,  153,  125,  197,   60,  257
  260,19920815,  158,  122,  205,    0,    0
  260,19920816,  166,  123,  218,   35,   60
  260,19920817,  167,  124,  206,    0,   -1
  260,19920818,  158,  109,  193,    0,   -1
  260,19920819,  187,  146,  242,   16,   58
  260,19920820,  182,  149,  225,  105,  201
  260,19920821,  181,  131,  225,    4,    1
  260,19920822,  187,  134,  238,   13,   20
  260,19920823,  157,  120,  192,    3,    7
  260,19920824,  166,  129,  207,   58,   37
  260,19920825,  195,  168,  228,   55,   69
  260,19920826,  183,  151,  212,   29,   33
  260,19920827,  200,  163,  239,    0,   -1
  260,19920828,  177,  140,  210,   42,   18
  260,19920829,  150,  106,  195,   84,   75
  260,19920830,  137,   94,  178,   41,   89
  260,19920831,  135,  108,  188,   60,   65
  260,19920901,  121,   90,  162,   39,   79
  260,19920902,  140,  109,  163,   72,   34
  260,19920903,  140,  108,  175,   51,   79
  260,19920904,  114,   96,  153,   97,  167
  260,19920905,  113,   72,  154,   66,  118
  260,19920906,  128,   42,  182,    0,    0
  260,19920907,  135,   69,  198,    8,    6
  260,19920908,  125,   95,  161,    5,    4
  260,19920909,  139,   91,  200,    0,    0
  260,19920910,  157,  114,  200,    0,    0
  260,19920911,  156,  108,  223,    4,    1
  260,19920912,  126,   85,  178,    0,    0
  260,19920913,  137,   83,  187,   40,   22
  260,19920914,  141,  109,  174,    0,    0
  260,19920915,  161,  126,  197,    0,    0
  260,19920916,  144,   81,  180,    0,    0
  260,19920917,  132,   64,  195,    0,    0
  260,19920918,  144,  107,  195,    3,    2
  260,19920919,  148,  110,  180,    0,   -1
  260,19920920,  158,  132,  195,    5,   40
  260,19920921,  171,  134,  212,    0,   -1
  260,19920922,  177,  145,  218,   12,    7
  260,19920923,  139,  106,  172,    3,    2
  260,19920924,  140,   93,  175,    0,   -1
  260,19920925,  166,  138,  212,    0,    0
  260,19920926,  172,  123,  236,    0,    0
  260,19920927,  188,  131,  252,    0,    0
  260,19920928,  175,  125,  244,    0,    0
  260,19920929,  152,  115,  188,    0,    0
  260,19920930,  153,  129,  199,    8,    7
  260,19921001,  131,   90,  163,    0,   -1
  260,19921002,  118,   75,  169,    0,    0
  260,19921003,  121,   84,  161,    0,    0
  260,19921004,  118,   90,  160,    0,    0
  260,19921005,   88,   66,  109,    2,    2
  260,19921006,  107,   95,  115,  165,   94
  260,19921007,  112,   69,  143,   30,   13
  260,19921008,  115,   89,  134,    0,   -1
  260,19921009,  102,   60,  135,   28,   13
  260,19921010,   88,   35,  134,    0,    0
  260,19921011,   91,   27,  134,    7,    2
  260,19921012,   79,   21,  121,    0,    0
  260,19921013,   42,  -12,  112,    0,    0
  260,19921014,   63,  -18,  117,   90,  119
  260,19921015,   65,   38,  100,   64,  127
  260,19921016,   60,   31,   98,   56,   88
  260,19921017,   55,   16,   99,   31,   20
  260,19921018,   69,   26,  103,   14,    3
  260,19921019,   90,   61,  124,   18,   14
  260,19921020,   68,   24,  126,   18,   55
  260,19921021,   59,   27,   97,   23,   17
  260,19921022,   76,   32,  111,    5,    1
  260,19921023,   73,   49,  105,   76,  130
  260,19921024,   62,   37,   88,   60,  104
  260,19921025,   65,   32,  101,  134,  297
  260,19921026,   66,   37,  122,    0,    0
  260,19921027,   71,   49,   91,   35,   57
  260,19921028,   63,   44,   94,    0,   -1
  260,19921029,   64,   40,   93,   54,   82
  260,19921030,   54,   21,   92,    0,   -1
  260,19921031,   44,   30,   64,    0,   -1
  260,19921101,   61,   26,   95,    0,   -1
  260,19921102,   83,   62,  106,   61,  120
  260,19921103,   88,   56,  111,   17,   13
  260,19921104,   85,   60,  116,    0,   -1
  260,19921105,  116,   84,  142,   11,    3
  260,19921106,  112,   96,  129,    0,    0
  260,19921107,  104,   89,  119,   64,   21
  260,19921108,   64,   18,  127,    3,    1
  260,19921109,   68,    4,  100,   12,    5
  260,19921110,   89,   61,  112,   36,   81
  260,19921111,   81,   59,  126,   78,  155
  260,19921112,   66,   38,   85,   46,   84
  260,19921113,   50,   13,   82,   34,   39
  260,19921114,   45,   15,   80,    3,    3
  260,19921115,   54,   37,   83,   78,  110
  260,19921116,   71,   61,   82,   54,   18
  260,19921117,   65,   54,   77,  138,  196
  260,19921118,   64,   42,   99,   42,   37
  260,19921119,   73,   50,   99,   16,   13
  260,19921120,   57,   38,   84,    0,   -1
  260,19921121,   64,   38,   94,   53,   49
  260,19921122,  120,   94,  130,   83,  132
  260,19921123,  107,   84,  126,    1,    1
  260,19921124,  107,   93,  118,   19,   15
  260,19921125,  106,   88,  128,   60,  127
  260,19921126,   89,   72,  137,   18,   22
  260,19921127,   67,   36,   87,   40,   54
  260,19921128,   64,   14,  110,    7,    7
  260,19921129,   62,   13,  115,   17,    5
  260,19921130,  118,  104,  135,   14,    7
  260,19921201,   81,   59,  110,   11,    8
  260,19921202,   91,   56,  126,   65,   85
  260,19921203,   71,   56,   88,   26,   38
  260,19921204,   47,   32,   58,   39,   75
  260,19921205,   39,   22,   69,    3,    3
  260,19921206,   35,   25,   52,    0,   -1
  260,19921207,   56,   27,   79,  128,  135
  260,19921208,   44,   29,   56,    0,   -1
  260,19921209,   25,   -1,   45,    0,    1
  260,19921210,   35,   25,   39,    0,    0
  260,19921211,   49,   14,  105,  119,  208
  260,19921212,   67,   40,  104,   24,   18
  260,19921213,   66,   38,   96,   19,    6
  260,19921214,   92,   81,   98,    0,   -1
  260,19921215,   61,   35,   82,    0,    0
  260,19921216,   62,   41,   81,    2,    1
  260,19921217,   59,   29,   78,    0,    0
  260,19921218,   71,   37,   99,   55,   39
  260,19921219,   69,   48,  105,   48,   31
  260,19921220,   30,   21,   48,   52,   26
  260,19921221,   28,   22,   31,    0,    0
  260,19921222,   31,   24,   35,    0,   -1
  260,19921223,   29,   22,   34,    5,    3
  260,19921224,   42,   32,   53,    0,    0
  260,19921225,   12,   -5,   36,    0,   -1
  260,19921226,   -6,  -22,    9,    0,    0
  260,19921227,    4,  -14,   35,    0,    0
  260,19921228,  -18,  -45,    7,    0,    0
  260,19921229,  -32,  -75,   19,    0,    0
  260,19921230,  -40,  -81,   36,    0,    0
  260,19921231,  -56,  -93,   15,    0,    0
  260,19930101,  -39,  -85,   -4,    0,    0
  260,19930102,  -38,  -88,    4,    0,    0
  260,19930103,  -77, -103,  -33,    0,    0
  260,19930104,  -49,  -96,  -19,    0,    0
  260,19930105,   16,  -19,   54,   99,   91
  260,19930106,   80,   53,   96,  107,  134
  260,19930107,   46,    2,   94,   24,   12
  260,19930108,   53,   13,   97,   23,   24
  260,19930109,   69,    7,  112,   35,   32
  260,19930110,  107,   81,  124,   51,   25
  260,19930111,   99,   66,  117,   22,   35
  260,19930112,   59,   33,   78,   47,   34
  260,19930113,   71,   41,  151,   39,   23
  260,19930114,   64,   41,   86,    0,    0
  260,19930115,   88,   36,  125,    4,    2
  260,19930116,  115,   94,  141,    0,    0
  260,19930117,   91,   51,  115,    7,    5
  260,19930118,   55,   36,   84,    0,    0
  260,19930119,   61,   37,   93,   17,    9
  260,19930120,   97,   87,  110,  184,  161
  260,19930121,   98,   74,  123,   29,   32
  260,19930122,   95,   64,  122,   40,   83
  260,19930123,   76,   53,  116,   19,    6
  260,19930124,   94,   47,  120,   23,   31
  260,19930125,   35,    9,   71,   34,   34
  260,19930126,   38,    9,   56,   45,   28
  260,19930127,   42,   14,   61,    0,   -1
  260,19930128,   65,   26,   93,   44,   33
  260,19930129,   45,   -1,   86,   28,   11
  260,19930130,   11,  -12,   39,    0,    0
  260,19930131,    3,  -23,   39,    0,    0
  260,19930201,  -16,  -51,   15,    0,   -1
  260,19930202,   21,    4,   31,   10,    1
  260,19930203,   24,   -1,   37,    0,   -1
  260,19930204,   -1,  -12,    9,    0,   -1
  260,19930205,   22,    2,   40,    0,   -1
  260,19930206,   52,   31,   70,   43,   11
  260,19930207,   57,   39,   71,   10,    1
  260,19930208,   50,   36,   63,    0,   -1
  260,19930209,   47,   36,   55,    1,    1
  260,19930210,   27,   19,   39,    0,   -1
  260,19930211,   10,   -3,   21,    0,    0
  260,19930212,   10,  -14,   57,    0,    0
  260,19930213,   -8,  -21,   11,    0,    0
  260,19930214,  -13,  -23,    0,    0,    0
  260,19930215,   14,   -5,   33,    0,   -1
  260,19930216,   50,    4,   86,   28,   12
  260,19930217,   69,   35,   84,   63,   27
  260,19930218,   61,   26,   79,   17,   14
  260,19930219,   61,   32,   79,   21,   11
  260,19930220,   48,   17,   75,   26,   30
  260,19930221,   35,   10,   63,   36,   21
  260,19930222,   13,   -9,   52,   40,   27
  260,19930223,    0,  -29,   36,    0,   -1
  260,19930224,  -11,  -32,   16,    0,   -1
  260,19930225,   18,   -8,   38,    0,   -1
  260,19930226,   26,   15,   38,  140,   47
  260,19930227,   20,  -22,   47,   34,   16
  260,19930228,   -2,  -39,   43,   48,   45
  260,19930301,    8,  -37,   41,    0,    0
  260,19930302,   21,   -1,   61,    0,    0
  260,19930303,   -6,  -28,   25,    0,    0
  260,19930304,    5,  -25,   31,    0,   -1
  260,19930305,   26,  -23,   55,   32,   18
  260,19930306,   61,   50,   89,    5,    3
  260,19930307,   54,   34,   75,    1,    1
  260,19930308,   41,    3,   91,    0,    0
  260,19930309,   32,  -13,   83,    0,    0
  260,19930310,   66,    6,  122,    0,    0
  260,19930311,   73,   28,  138,    0,    0
  260,19930312,   81,    6,  161,    0,    0
  260,19930313,   81,   15,  162,    0,    0
  260,19930314,   91,    2,  173,    0,   -1
  260,19930315,  106,   39,  176,    0,    0
  260,19930316,   92,   72,  127,    0,   -1
  260,19930317,   99,   73,  137,   43,   30
  260,19930318,   94,   51,  123,   10,    2
  260,19930319,   58,   12,  107,    0,    0
  260,19930320,   57,  -14,  122,    0,    0
  260,19930321,   86,    6,  153,    0,   -1
  260,19930322,   96,   67,  141,   55,   36
  260,19930323,   66,   19,   95,    0,   -1
  260,19930324,   53,    0,   99,    0,    0
  260,19930325,   48,   15,   88,    5,    4
  260,19930326,   51,   -2,  101,    5,    1
  260,19930327,   23,  -45,   83,    0,    0
  260,19930328,   21,  -36,   78,    0,    0
  260,19930329,   29,  -29,   96,    0,    0
  260,19930330,   70,   -9,  130,    0,    0
  260,19930331,  112,   72,  149,   63,   13
  260,19930401,   97,   66,  138,   29,   23
  260,19930402,   60,    4,  101,    0,   -1
  260,19930403,   63,   -4,  123,    0,    0
  260,19930404,   59,   13,   85,   20,    7
  260,19930405,   62,    5,  103,   52,   72
  260,19930406,   84,   64,  106,   71,   52
  260,19930407,   72,   25,   92,    0,    0
  260,19930408,   66,   -1,  101,    0,    0
  260,19930409,   90,   23,  131,   12,    5
  260,19930410,   91,   41,  129,    0,    0
  260,19930411,   76,   43,  109,   28,   15
  260,19930412,   82,   36,  125,   36,   45
  260,19930413,   78,   16,  130,    0,    0
  260,19930414,   93,   37,  143,    0,    0
  260,19930415,   86,   31,  144,    0,    0
  260,19930416,   96,   43,  157,    0,    0
  260,19930417,  103,   94,  113,   28,   22
  260,19930418,  104,   74,  133,  133,  140
  260,19930419,  100,   73,  120,   75,   42
  260,19930420,  145,   73,  218,    0,    0
  260,19930421,  140,   70,  210,    0,   -1
  260,19930422,  119,   63,  180,   26,   26
  260,19930423,  144,   92,  192,    0,    0
  260,19930424,  169,  128,  218,    0,    0
  260,19930425,  150,   98,  202,    0,    0
  260,19930426,  147,  103,  209,    0,    0
  260,19930427,  163,  105,  236,    0,    0
  260,19930428,  197,  101,  269,    0,    0
  260,19930429,  205,  136,  268,    0,    0
  260,19930430,  203,  139,  269,    0,    0
  260,19930501,  164,   95,  234,    0,    0
  260,19930502,  103,   90,  130,    0,   -1
  260,19930503,   93,   35,  125,    0,    0
  260,19930504,   84,    2,  139,    0,    0
  260,19930505,   86,   23,  136,    0,    0
  260,19930506,   96,   32,  153,    0,    0
  260,19930507,  112,   73,  147,    0,    0
  260,19930508,  138,   93,  194,    0,   -1
  260,19930509,  162,   88,  253,   46,   99
  260,19930510,  180,  116,  252,   12,   15
  260,19930511,  199,  133,  261,    0,    0
  260,19930512,  190,  127,  252,    0,    0
  260,19930513,  126,   99,  158,   25,    4
  260,19930514,  116,   90,  144,    0,   -1
  260,19930515,  106,   61,  153,   19,    8
  260,19930516,  125,   51,  189,    0,    0
  260,19930517,  184,  101,  245,    0,    0
  260,19930518,  173,  145,  219,   30,   53
  260,19930519,  160,  110,  212,    4,    2
  260,19930520,  162,  112,  229,   29,   47
  260,19930521,  120,   62,  157,    0,   -1
  260,19930522,  131,   44,  195,    0,    0
  260,19930523,  160,   83,  219,    0,    0
  260,19930524,  187,  110,  255,    0,    0
  260,19930525,  179,  124,  244,    0,    0
  260,19930526,  174,  105,  241,    9,    3
  260,19930527,  142,  114,  157,   47,   70
  260,19930528,  115,  103,  131,   98,  148
  260,19930529,  156,  106,  205,    0,    0
  260,19930530,  169,  127,  208,    0,   -1
  260,19930531,  141,  112,  171,    0,   -1
  260,19930601,  153,  102,  202,    0,    0
  260,19930602,  162,  129,  224,   81,  113
  260,19930603,  139,  125,  175,   59,   63
  260,19930604,  170,  106,  212,    0,    0
  260,19930605,  192,  147,  237,    0,    0
  260,19930606,  179,  122,  238,    0,    0
  260,19930607,  177,   98,  244,    0,    0
  260,19930608,  194,   98,  266,    0,    0
  260,19930609,  223,  135,  290,    0,    0
  260,19930610,  229,  174,  289,   25,   83
  260,19930611,  183,  139,  227,    0,   -1
  260,19930612,  135,  116,  159,    0,   -1
  260,19930613,  134,   85,  174,    0,   -1
  260,19930614,  123,  107,  140,   88,   55
  260,19930615,  133,   95,  177,    9,    1
  260,19930616,  131,  113,  146,  135,  205
  260,19930617,  153,  108,  196,    0,    0
  260,19930618,  150,  129,  171,   48,   85
  260,19930619,  158,  136,  184,   15,   30
  260,19930620,  155,  107,  196,    0,    0
  260,19930621,  141,   81,  185,    0,    0
  260,19930622,  142,   85,  186,    0,    0
  260,19930623,  130,   77,  182,    0,   -1
  260,19930624,  123,   66,  173,    0,   -1
  260,19930625,  130,   89,  159,    0,   -1
  260,19930626,  143,   97,  184,   21,   10
  260,19930627,  154,  105,  188,    0,   -1
  260,19930628,  146,  102,  184,    0,    0
  260,19930629,  181,   97,  240,    0,    0
  260,19930630,  195,  120,  263,    0,    0
  260,19930701,  181,  114,  248,    0,    0
  260,19930702,  172,  118,  235,    0,    0
  260,19930703,  189,  106,  237,    0,   -1
  260,19930704,  211,  159,  265,    0,    0
  260,19930705,  151,  114,  177,   66,  164
  260,19930706,  150,  110,  182,    0,    0
  260,19930707,  149,  112,  175,    0,   -1
  260,19930708,  168,   86,  231,    0,    0
  260,19930709,  162,  123,  231,    0,   -1
  260,19930710,  138,  104,  178,   18,   15
  260,19930711,  126,   73,  171,    7,   16
  260,19930712,  113,   53,  173,   39,   48
  260,19930713,  145,   70,  190,   18,    3
  260,19930714,  152,  119,  179,  145,  293
  260,19930715,  161,  123,  181,   83,   57
  260,19930716,  188,  166,  226,   48,   28
  260,19930717,  178,  149,  202,    0,    0
  260,19930718,  165,  124,  211,    0,   -1
  260,19930719,  151,  131,  181,   87,   63
  260,19930720,  148,  129,  195,   11,   58
  260,19930721,  146,  104,  179,    8,  118
  260,19930722,  150,   92,  197,   14,    5
  260,19930723,  175,  135,  219,   15,   10
  260,19930724,  185,  155,  240,   47,  176
  260,19930725,  149,  117,  188,   63,  150
  260,19930726,  151,  107,  183,   30,   65
  260,19930727,  152,  129,  175,  143,  234
  260,19930728,  178,  150,  208,    0,   -1
  260,19930729,  184,  160,  227,   25,    6
  260,19930730,  169,  154,  186,  167,  196
  260,19930731,  162,  132,  190,   12,    5
  260,19930801,  158,  127,  195,   30,   55
  260,19930802,  188,  143,  243,    0,    0
  260,19930803,  168,  125,  209,    0,   -1
  260,19930804,  170,  139,  215,    0,   -1
  260,19930805,  167,  134,  210,   19,   14
  260,19930806,  152,  100,  186,    6,    2
  260,19930807,  174,   99,  223,    0,   -1
  260,19930808,  160,  104,  215,   14,   45
  260,19930809,  162,  112,  186,   30,   15
  260,19930810,  145,   98,  172,    0,   -1
  260,19930811,  148,   76,  183,   14,    2
  260,19930812,  161,  126,  192,   55,   62
  260,19930813,  148,  101,  197,    0,    0
  260,19930814,  163,  105,  224,   10,    2
  260,19930815,  173,  127,  231,   35,   39
  260,19930816,  164,  126,  209,    0,    0
  260,19930817,  155,  117,  198,    0,    0
  260,19930818,  160,   93,  217,    0,    0
  260,19930819,  160,   86,  220,    0,    0
  260,19930820,  166,  128,  209,    0,   -1
  260,19930821,  176,  120,  215,    0,   -1
  260,19930822,  118,   78,  147,   61,   76
  260,19930823,  121,   85,  167,   10,   16
  260,19930824,  127,   75,  180,   10,    3
  260,19930825,  128,   84,  177,   43,   29
  260,19930826,  141,   92,  184,    3,    1
  260,19930827,  129,   81,  157,    6,    2
  260,19930828,  128,   64,  182,    0,    0
  260,19930829,  123,   44,  191,    0,    0
  260,19930830,  145,  107,  174,   33,   17
  260,19930831,  143,  114,  180,    0,   -1
  260,19930901,  142,  105,  182,    0,   -1
  260,19930902,  142,  107,  167,    4,    3
  260,19930903,  135,  116,  163,   64,   85
  260,19930904,  125,   98,  165,    6,    5
  260,19930905,  126,   74,  179,    0,    0
  260,19930906,  122,   38,  191,    0,    0
  260,19930907,  145,   79,  205,    0,    0
  260,19930908,  161,  122,  208,   47,  195
  260,19930909,  160,  126,  210,    0,   -1
  260,19930910,  147,  113,  189,   18,   23
  260,19930911,  134,  100,  188,    0,   -1
  260,19930912,  142,   79,  195,   28,   15
  260,19930913,  124,   93,  138,  120,  148
  260,19930914,  124,  106,  144,   71,   77
  260,19930915,  139,  121,  175,   42,   47
  260,19930916,  124,  101,  145,   65,   79
  260,19930917,   94,   47,  120,   27,   14
  260,19930918,   95,   25,  155,    0,    0
  260,19930919,  120,   60,  189,    0,    0
  260,19930920,  171,   99,  232,    0,    0
  260,19930921,  159,   97,  192,    5,    1
  260,19930922,  143,   99,  167,   48,   19
  260,19930923,  140,  113,  176,    0,   -1
  260,19930924,  126,  101,  157,    0,    0
  260,19930925,  120,  110,  130,  168,  129
  260,19930926,  112,  103,  124,  152,  108
  260,19930927,  121,  104,  141,  107,  132
  260,19930928,  108,   77,  139,   10,    5
  260,19930929,  111,   72,  162,    0,    0
  260,19930930,  115,   91,  147,    0,   -1
  260,19931001,  132,  109,  151,   63,   79
  260,19931002,  121,   91,  163,    0,    0
  260,19931003,  115,   86,  129,  140,  147
  260,19931004,  127,   99,  171,   25,   12
  260,19931005,  141,   93,  181,   24,   20
  260,19931006,  139,  114,  171,    0,    0
  260,19931007,  127,   93,  164,    0,   -1
  260,19931008,  129,  102,  164,    0,   -1
  260,19931009,  111,   89,  144,    0,    0
  260,19931010,  112,   78,  155,    0,    0
  260,19931011,  137,  110,  177,   25,    8
  260,19931012,  143,  119,  175,   52,   86
  260,19931013,  137,  115,  164,   13,    4
  260,19931014,   80,   43,  117,  138,  182
  260,19931015,   58,    7,  113,   11,    8
  260,19931016,   51,    1,   88,   16,    7
  260,19931017,   52,   -6,  114,    0,    0
  260,19931018,   38,   -6,   92,    0,    0
  260,19931019,   30,  -17,   96,    0,    0
  260,19931020,   56,  -14,   96,   37,   49
  260,19931021,   71,   45,  104,   55,   57
  260,19931022,   68,   43,   94,    0,    0
  260,19931023,   66,   43,   87,    0,    0
  260,19931024,   70,   55,   89,    0,   -1
  260,19931025,   90,   66,  108,    0,   -1
  260,19931026,   97,   78,  123,    9,    2
  260,19931027,   92,   81,  106,   24,    6
  260,19931028,   76,   35,  106,    0,    0
  260,19931029,   51,   14,  105,    0,    0
  260,19931030,   39,   11,   80,    0,    0
  260,19931031,   25,   17,   39,    0,   -1
  260,19931101,   23,   18,   31,    0,   -1
  260,19931102,   34,   16,   50,    0,   -1
  260,19931103,   72,   41,  114,    0,   -1
  260,19931104,   91,   33,  173,    0,    0
  260,19931105,   58,   30,  100,    0,    0
  260,19931106,   60,   52,   67,    0,   -1
  260,19931107,   55,   48,   62,   78,   13
  260,19931108,   62,   37,   73,   12,    2
  260,19931109,   71,   39,  108,    0,   -1
  260,19931110,   80,   69,   89,  190,  140
  260,19931111,   80,   60,  103,   56,   31
  260,19931112,   65,   43,   97,    0,   -1
  260,19931113,   67,   46,   91,   63,   20
  260,19931114,   77,   56,  115,  197,  245
  260,19931115,   61,   16,   86,   35,   22
  260,19931116,   14,  -16,   44,    0,    0
  260,19931117,    9,  -22,   49,    0,    0
  260,19931118,  -11,  -30,   20,    0,    0
  260,19931119,  -13,  -44,   36,    0,    0
  260,19931120,   -8,  -56,   19,    0,   -1
  260,19931121,  -48,  -57,  -14,    0,   -1
  260,19931122,  -59,  -84,  -24,    0,   -1
  260,19931123,  -36,  -89,    2,    0,    0
  260,19931124,  -30,  -63,    3,    0,    0
  260,19931125,  -10,  -39,   35,    0,    0
  260,19931126,  -13,  -50,   17,    0,    0
  260,19931127,  -27,  -39,  -19,    0,   -1
  260,19931128,  -20,  -39,   -5,    0,    0
  260,19931129,  -22,  -46,   15,    0,    0
  260,19931130,  -28,  -47,  -10,   82,   30
  260,19931201,   -5,  -23,   17,   43,   14
  260,19931202,   72,   17,   99,    0,   -1
  260,19931203,   91,   78,   99,   13,    2
  260,19931204,   80,   32,  110,   36,   22
  260,19931205,   54,   23,   79,    0,    0
  260,19931206,   69,   61,   78,    0,   -1
  260,19931207,   55,   31,   69,   93,  105
  260,19931208,   60,   26,  108,  111,   98
  260,19931209,   84,   59,   98,   40,   29
  260,19931210,   63,   45,   81,   28,   12
  260,19931211,   44,   17,   63,   37,   18
  260,19931212,   33,   -7,   56,   68,  103
  260,19931213,   79,   23,  100,   83,   86
  260,19931214,   18,   -6,   36,   35,    8
  260,19931215,   26,    5,   39,   50,   39
  260,19931216,   57,   36,   72,   94,  138
  260,19931217,   57,   37,   77,   29,    6
  260,19931218,   98,   77,  119,   17,    5
  260,19931219,  109,   73,  134,   79,  117
  260,19931220,   47,   25,   74,  105,   52
  260,19931221,   19,    6,   42,   92,  139
  260,19931222,   48,   37,   68,  126,  158
  260,19931223,   42,   21,   58,   30,   20
  260,19931224,   40,   20,   51,   86,   33
  260,19931225,   -6,  -33,   21,    0,    0
  260,19931226,   21,   -7,   30,   36,    9
  260,19931227,   25,   15,   42,   31,    6
  260,19931228,   19,    6,   33,   24,    8
  260,19931229,   54,   19,   78,   58,   62
  260,19931230,   68,   52,   85,  126,  343
  260,19931231,   58,   29,   80,   64,   59
  260,19940101,   31,   11,   55,    7,    4
  260,19940102,   47,    2,   81,  115,  133
  260,19940103,   62,   37,   89,   37,   84
  260,19940104,   64,   48,   84,   47,   32
  260,19940105,   57,   38,   87,   74,   84
  260,19940106,   64,   40,   81,   60,   50
  260,19940107,   46,   25,   61,    0,    0
  260,19940108,   27,   10,   43,    0,    0
  260,19940109,   20,   -2,   41,    0,    0
  260,19940110,   45,   26,   61,    0,   -1
  260,19940111,   52,   30,   64,   10,   15
  260,19940112,   90,   57,  122,  112,   84
  260,19940113,   94,   77,  122,   22,   25
  260,19940114,   72,   53,   82,   16,   42
  260,19940115,   54,   39,   68,    0,   -1
  260,19940116,   19,  -25,   51,    0,   -1
  260,19940117,   -6,  -43,   41,    0,   -1
  260,19940118,   25,   -1,   40,    0,    0
  260,19940119,   25,   -6,   32,  122,   45
  260,19940120,   30,  -20,   59,    0,    0
  260,19940121,   52,   44,   63,    0,   -1
  260,19940122,   73,   52,   89,   96,   29
  260,19940123,   77,   43,  104,   87,  191
  260,19940124,   43,   14,   65,    0,   -1
  260,19940125,   84,   49,  116,   57,   72
  260,19940126,   60,   41,   73,   41,   26
  260,19940127,   87,   42,  109,   47,   74
  260,19940128,   39,    9,   60,   24,    9
  260,19940129,   43,   21,   83,   42,   11
  260,19940130,   73,   50,   98,   29,   16
  260,19940131,   57,   39,   77,    0,    0
  260,19940201,   53,   37,   72,   26,   20
  260,19940202,   39,  -11,   69,    0,    0
  260,19940203,   24,  -10,   49,   61,   24
  260,19940204,   56,   42,   73,    0,   -1
  260,19940205,   43,   23,   58,    0,   -1
  260,19940206,   40,   17,   76,    0,   -1
  260,19940207,   40,    8,   64,   46,   19
  260,19940208,   43,    2,   86,   14,    3
  260,19940209,   46,    5,   82,   27,    9
  260,19940210,   51,   31,   77,   39,   27
  260,19940211,   24,   -4,   43,    0,    0
  260,19940212,    6,  -12,   30,    0,   -1
  260,19940213,  -31,  -73,   -1,    0,   -1
  260,19940214,  -44,  -79,  -10,    0,    0
  260,19940215,   -4,  -43,   25,    0,    0
  260,19940216,    6,  -48,   54,    0,    0
  260,19940217,  -20,  -81,   46,    0,    0
  260,19940218,  -16,  -64,   44,    0,    0
  260,19940219,  -24,  -71,   40,    0,    0
  260,19940220,  -47,  -86,   -2,    0,    0
  260,19940221,  -58, -101,  -23,    0,   -1
  260,19940222,  -35,  -75,  -13,   30,    5
  260,19940223,   -4,  -23,   23,   13,    3
  260,19940224,   -3,   -9,    7,   92,   36
  260,19940225,    8,  -11,   36,    0,    0
  260,19940226,   68,   16,  113,    0,    0
  260,19940227,   75,   39,  113,   65,   38
  260,19940228,   79,   51,  112,   75,   75
  260,19940301,   67,   51,   82,    5,    6
  260,19940302,   48,   37,   73,   57,   55
  260,19940303,   57,   29,   90,   22,   72
  260,19940304,   61,   19,  101,    0,    0
  260,19940305,   74,   18,  127,   22,    8
  260,19940306,   67,   31,  100,    0,    0
  260,19940307,   93,   71,  121,   28,    7
  260,19940308,   98,   89,  123,    0,   -1
  260,19940309,   88,   69,   97,    7,    3
  260,19940310,   65,    8,  102,    0,   -1
  260,19940311,   50,  -11,  107,    0,    0
  260,19940312,   63,   39,   96,   15,    4
  260,19940313,   82,   59,  108,   57,   47
  260,19940314,   95,   56,  121,    4,    4
  260,19940315,   68,   47,  102,  158,  150
  260,19940316,   59,   32,   87,    9,    4
  260,19940317,   50,   29,   68,   20,    5
  260,19940318,   58,   31,   89,   86,  176
  260,19940319,   55,   17,   92,   59,   59
  260,19940320,   49,   18,   74,    0,    0
  260,19940321,   39,  -16,   81,    0,    0
  260,19940322,   41,  -23,   86,   48,   28
  260,19940323,  110,   85,  128,    9,    1
  260,19940324,   95,   79,  112,   20,   19
  260,19940325,   87,   50,  108,  132,  204
  260,19940326,   53,    8,   90,   14,    7
  260,19940327,   46,  -15,   88,    0,    0
  260,19940328,   88,   45,  128,   35,    8
  260,19940329,  114,   88,  139,    0,    0
  260,19940330,  135,   77,  189,    0,    0
  260,19940331,  114,   77,  166,   58,   47
  260,19940401,   90,   46,  118,  105,  126
  260,19940402,   53,   14,   91,   31,   31
  260,19940403,   58,   15,   97,   21,    8
  260,19940404,   55,   17,  112,  182,  241
  260,19940405,   38,   15,   70,   33,   12
  260,19940406,   50,   -3,  100,   21,   10
  260,19940407,   50,   -8,   95,   59,   17
  260,19940408,   69,   47,   97,   59,   58
  260,19940409,   44,   -4,   84,   38,   48
  260,19940410,   44,   -7,   93,   21,   13
  260,19940411,   91,   58,  133,    0,    0
  260,19940412,   87,   44,  128,    0,   -1
  260,19940413,   79,   52,  110,    0,   -1
  260,19940414,   61,   41,   98,   70,   30
  260,19940415,   63,   40,   84,   52,   35
  260,19940416,   79,   32,  133,    0,    0
  260,19940417,   61,   47,   87,    0,   -1
  260,19940418,   56,   -3,  105,    0,    0
  260,19940419,   48,  -17,   96,    0,    0
  260,19940420,   70,    3,  145,    0,   -1
  260,19940421,   78,   17,  138,    0,   -1
  260,19940422,  102,    8,  179,    0,    0
  260,19940423,  146,   67,  226,    0,    0
  260,19940424,  128,   62,  205,   23,   13
  260,19940425,  104,   44,  146,   20,    5
  260,19940426,  110,   56,  143,   21,   19
  260,19940427,  132,  102,  148,   17,    8
  260,19940428,  132,   75,  183,    0,   -1
  260,19940429,  143,   65,  215,    0,    0
  260,19940430,  130,   66,  191,    0,    0
  260,19940501,   83,   57,  113,    0,    0
  260,19940502,   89,   13,  144,    0,    0
  260,19940503,  138,   50,  203,    0,    0
  260,19940504,  120,   78,  156,   16,   13
  260,19940505,  109,   76,  146,   27,    4
  260,19940506,  115,   87,  135,  155,  122
  260,19940507,  161,  122,  200,    0,    0
  260,19940508,  116,   83,  167,   69,   22
  260,19940509,   99,   64,  129,    0,   -1
  260,19940510,  106,   63,  139,    0,    0
  260,19940511,  146,   67,  214,    0,    0
  260,19940512,  176,  121,  233,    0,    0
  260,19940513,  163,  106,  218,    0,    0
  260,19940514,  168,  112,  243,   51,   13
  260,19940515,  142,   85,  187,   40,   68
  260,19940516,  127,   77,  182,   17,   13
  260,19940517,  128,   95,  170,   33,  104
  260,19940518,  122,   69,  168,    0,    0
  260,19940519,  121,   76,  162,    0,    0
  260,19940520,  126,   70,  186,   76,  186
  260,19940521,  143,  118,  176,   44,   80
  260,19940522,  134,   98,  178,   21,   49
  260,19940523,  121,   78,  156,    0,    0
  260,19940524,  130,   87,  170,    8,    2
  260,19940525,  124,   91,  139,   56,   48
  260,19940526,  113,   84,  154,   17,    4
  260,19940527,  107,   84,  134,    9,    4
  260,19940528,  104,   77,  127,   61,  103
  260,19940529,   88,   41,  138,    0,   -1
  260,19940530,   92,   21,  143,    0,    0
  260,19940531,  122,   25,  187,    0,    0
  260,19940601,  176,   54,  246,    0,    0
  260,19940602,  158,  116,  192,   68,   77
  260,19940603,  139,  105,  175,   39,   80
  260,19940604,  109,   95,  142,  193,  247
  260,19940605,  115,   82,  142,   10,    3
  260,19940606,  125,   84,  149,   57,   32
  260,19940607,  135,  111,  149,   13,    2
  260,19940608,  116,   69,  163,   31,   77
  260,19940609,  107,   45,  144,   44,   62
  260,19940610,  115,   80,  149,   36,   34
  260,19940611,  116,   73,  161,   12,   10
  260,19940612,  131,   76,  185,    0,    0
  260,19940613,  136,   58,  191,    0,    0
  260,19940614,  147,   66,  217,    0,    0
  260,19940615,  136,   66,  184,    0,    0
  260,19940616,  126,  114,  151,   65,   26
  260,19940617,  133,  102,  165,    0,   -1
  260,19940618,  160,  126,  197,    0,    0
  260,19940619,  160,  127,  184,    0,   -1
  260,19940620,  161,  143,  183,   15,    4
  260,19940621,  169,  140,  191,   14,    5
  260,19940622,  162,   92,  196,    9,    2
  260,19940623,  142,   72,  193,    0,    0
  260,19940624,  192,   92,  259,    0,    0
  260,19940625,  194,  144,  247,   13,   28
  260,19940626,  188,  139,  240,    0,    0
  260,19940627,  179,  134,  242,    0,   -1
  260,19940628,  221,  143,  297,    0,    0
  260,19940629,  190,  113,  242,    0,   -1
  260,19940630,  173,  100,  230,    0,    0
  260,19940701,  199,  115,  262,    0,    0
  260,19940702,  234,  152,  301,    0,    0
  260,19940703,  229,  175,  291,    0,    0
  260,19940704,  218,  180,  268,    0,   -1
  260,19940705,  175,  106,  207,    0,   -1
  260,19940706,  166,   96,  219,    0,    0
  260,19940707,  144,  100,  186,   52,   71
  260,19940708,  167,  102,  214,    0,   -1
  260,19940709,  184,  132,  232,    0,    0
  260,19940710,  195,  108,  255,    0,    0
  260,19940711,  231,  148,  293,    0,    0
  260,19940712,  253,  179,  318,    0,    0
  260,19940713,  245,  190,  305,    0,    0
  260,19940714,  202,  155,  244,   31,   89
  260,19940715,  196,  135,  260,    0,    0
  260,19940716,  199,  151,  247,    0,    0
  260,19940717,  191,  143,  249,    0,    0
  260,19940718,  189,  124,  247,    0,    0
  260,19940719,  209,  149,  268,    0,    0
  260,19940720,  215,  147,  274,    0,    0
  260,19940721,  227,  143,  294,    0,    0
  260,19940722,  233,  173,  295,    0,    0
  260,19940723,  240,  181,  307,    0,    0
  260,19940724,  266,  177,  341,    0,   -1
  260,19940725,  236,  187,  290,   13,    8
  260,19940726,  232,  169,  296,    0,    0
  260,19940727,  244,  190,  309,    0,   -1
  260,19940728,  217,  180,  271,    7,    4
  260,19940729,  205,  163,  256,    0,    0
  260,19940730,  236,  156,  310,    0,    0
  260,19940731,  243,  158,  316,   18,  325
  260,19940801,  188,  145,  227,   32,  294
  260,19940802,  200,  126,  256,    0,    0
  260,19940803,  235,  152,  299,    0,    0
  260,19940804,  258,  178,  339,    0,    0
  260,19940805,  217,  173,  257,    0,   -1
  260,19940806,  209,  171,  256,    0,    0
  260,19940807,  188,  150,  239,    0,    0
  260,19940808,  179,  120,  226,    0,    0
  260,19940809,  182,  110,  231,    0,    0
  260,19940810,  198,  150,  251,   13,   22
  260,19940811,  199,  162,  242,   25,   43
  260,19940812,  161,  143,  178,   83,   37
  260,19940813,  152,  112,  188,    0,   -1
  260,19940814,  136,   77,  185,    0,    0
  260,19940815,  131,   56,  192,    0,   -1
  260,19940816,  158,   80,  228,    0,    0
  260,19940817,  145,  109,  191,   53,  196
  260,19940818,  156,  121,  188,   44,  133
  260,19940819,  166,  137,  192,    0,   -1
  260,19940820,  157,  105,  200,    0,   -1
  260,19940821,  166,  103,  224,    0,    0
  260,19940822,  185,  128,  233,    0,    0
  260,19940823,  187,  158,  227,    0,   -1
  260,19940824,  175,  139,  214,   31,   34
  260,19940825,  167,  123,  215,    5,    1
  260,19940826,  164,  126,  203,   12,   13
  260,19940827,  163,  125,  213,   28,   24
  260,19940828,  154,  122,  190,    0,   -1
  260,19940829,  149,  119,  195,   31,   45
  260,19940830,  153,  114,  205,   36,   30
  260,19940831,  170,  105,  218,   29,   15
  260,19940901,  168,  147,  188,   11,   23
  260,19940902,  154,  135,  189,   46,   21
  260,19940903,  151,   97,  185,   52,  129
  260,19940904,  164,   99,  194,   50,   39
  260,19940905,  148,   91,  185,   51,   87
  260,19940906,  132,   91,  179,   13,    7
  260,19940907,  126,   87,  175,    6,    3
  260,19940908,  135,  102,  193,   19,   65
  260,19940909,  127,   95,  172,   28,   28
  260,19940910,  128,   93,  171,   46,  115
  260,19940911,  126,   95,  152,   44,   62
  260,19940912,  154,  126,  211,   48,  121
  260,19940913,  144,  111,  189,    0,    0
  260,19940914,  128,  105,  144,   97,  213
  260,19940915,  124,  110,  141,  126,  159
  260,19940916,  117,   96,  145,  131,  132
  260,19940917,  115,   95,  136,  122,  129
  260,19940918,  131,  107,  171,   13,   27
  260,19940919,  124,  103,  162,   12,   28
  260,19940920,  109,   99,  121,  149,  149
  260,19940921,  132,   97,  178,    0,    0
  260,19940922,  125,   85,  181,    0,    0
  260,19940923,  139,   72,  197,    0,    0
  260,19940924,  146,   99,  202,   28,    8
  260,19940925,  148,   90,  207,    0,    0
  260,19940926,  143,  112,  186,    0,    0
  260,19940927,  137,  109,  164,    0,   -1
  260,19940928,  129,   88,  179,    0,    0
  260,19940929,  139,  125,  158,    0,   -1
  260,19940930,  139,  109,  166,    0,    0
  260,19941001,  130,  109,  151,   70,   30
  260,19941002,  136,  109,  172,   28,   23
  260,19941003,   96,   42,  148,  129,  248
  260,19941004,   60,   38,   97,   99,   94
  260,19941005,   79,   48,  118,   29,   24
  260,19941006,   93,   53,  126,    0,   -1
  260,19941007,   84,   36,  135,    0,    0
  260,19941008,   79,   18,  139,    9,    4
  260,19941009,   89,   43,  156,    0,    0
  260,19941010,   92,   31,  156,    0,    0
  260,19941011,   93,   40,  169,    0,    0
  260,19941012,   77,   20,  142,    0,    0
  260,19941013,  104,   75,  160,    0,    0
  260,19941014,  100,   37,  187,    0,    0
  260,19941015,   94,   31,  176,    0,    0
  260,19941016,  103,   80,  128,    0,   -1
  260,19941017,   58,   13,  103,    0,    0
  260,19941018,   53,   -2,  109,    0,    0
  260,19941019,   75,   28,  120,    0,    0
  260,19941020,   75,   31,  113,    0,    0
  260,19941021,   97,   58,  131,    0,   -1
  260,19941022,  127,   85,  150,   39,   65
  260,19941023,  123,   94,  168,   19,   47
  260,19941024,  101,   81,  138,    7,   10
  260,19941025,   96,   77,  125,   57,   66
  260,19941026,   82,   59,  112,   83,  220
  260,19941027,   76,   57,  105,   21,   17
  260,19941028,   74,   51,  111,   18,   34
  260,19941029,   84,   48,  118,   56,   64
  260,19941030,  139,  103,  154,  181,  247
  260,19941031,  131,  116,  150,  129,  121
  260,19941101,  102,   44,  133,    0,   -1
  260,19941102,   67,   16,  118,    0,    0
  260,19941103,  116,   68,  157,    0,    0
  260,19941104,  139,  110,  177,    0,   -1
  260,19941105,  133,  105,  175,    0,    0
  260,19941106,  123,  102,  149,    0,   -1
  260,19941107,  111,  102,  124,   28,    9
  260,19941108,  101,   85,  116,    0,    0
  260,19941109,   95,   69,  115,   14,    4
  260,19941110,  105,   97,  118,   86,   41
  260,19941111,  106,   98,  117,   48,   28
  260,19941112,   97,   73,  116,   34,    7
  260,19941113,  113,   92,  135,   44,   30
  260,19941114,  140,  128,  148,   87,  112
  260,19941115,  126,  107,  142,    2,    9
  260,19941116,   93,   61,  115,    0,   -1
  260,19941117,   93,   64,  115,   46,   30
  260,19941118,   97,   70,  123,   43,   22
  260,19941119,  114,   66,  145,   12,   12
  260,19941120,  135,   91,  147,   31,   29
  260,19941121,   88,   65,  116,    0,    0
  260,19941122,   80,   50,  113,    0,    0
  260,19941123,  106,   67,  126,    0,   -1
  260,19941124,   92,   30,  119,   17,    7
  260,19941125,   70,   21,  113,    0,   -1
  260,19941126,  112,   94,  123,   20,   14
  260,19941127,   99,   94,  107,    4,    1
  260,19941128,   84,   19,  126,    0,    0
  260,19941129,   63,   25,   80,    0,    0
  260,19941130,   55,   41,   60,    0,    0
  260,19941201,   31,   10,   64,    0,    0
  260,19941202,   20,   -2,   47,    0,    0
  260,19941203,   80,   22,  124,   26,   25
  260,19941204,   96,   65,  128,   16,   14
  260,19941205,   95,   77,  109,   12,   12
  260,19941206,   74,   47,  102,    0,   -1
  260,19941207,   69,   39,   97,   32,   25
  260,19941208,   86,   58,  104,  116,  140
  260,19941209,   55,  -10,   95,   22,   34
  260,19941210,   64,  -13,  137,   25,   27
  260,19941211,  129,  114,  140,    0,    0
  260,19941212,  126,  111,  137,    0,    0
  260,19941213,   99,   58,  135,   62,   97
  260,19941214,   29,   -9,   78,    6,    5
  260,19941215,    0,  -27,   16,    0,    0
  260,19941216,   30,   -7,   90,    8,    4
  260,19941217,   29,   -7,   61,    6,    2
  260,19941218,   60,   51,   67,   43,   23
  260,19941219,   53,   27,   70,   10,    6
  260,19941220,   31,   -4,   64,    3,    1
  260,19941221,   19,  -19,   62,    9,   15
  260,19941222,  -10,  -37,   47,    0,    0
  260,19941223,  -15,  -39,    0,    0,    0
  260,19941224,  -41,  -67,   -1,    0,    0
  260,19941225,  -28,  -56,   -5,   19,   27
  260,19941226,   17,   -5,   53,   63,   81
  260,19941227,   93,   53,  113,  215,  371
  260,19941228,  125,  108,  140,  112,  100
  260,19941229,  109,   73,  134,  100,  119
  260,19941230,   67,   57,   81,   76,   85
  260,19941231,   50,   14,   75,   37,   44
  260,19950101,   20,    2,   38,   84,   83
  260,19950102,   30,  -12,   59,   39,   32
  260,19950103,   -5,  -38,   23,    0,   -1
  260,19950104,  -28,  -48,    3,    0,    0
  260,19950105,  -39,  -59,  -18,    0,    0
  260,19950106,  -31,  -45,  -11,   95,   59
  260,19950107,  -21,  -79,   -8,    0,    0
  260,19950108,    0,  -26,   35,   83,   53
  260,19950109,   45,   -9,   86,   73,  102
  260,19950110,   50,   21,   78,   85,   73
  260,19950111,   24,   10,   56,   31,   37
  260,19950112,   30,   -5,   51,   14,    7
  260,19950113,   30,  -13,   61,    0,   -1
  260,19950114,   61,   43,   75,   28,   13
  260,19950115,   76,   67,   82,   33,   18
  260,19950116,   48,   16,   77,    0,    0
  260,19950117,   45,   10,   73,    0,   -1
  260,19950118,   66,   34,   94,   36,   13
  260,19950119,   53,   23,   84,   37,   21
  260,19950120,   83,   54,  102,    0,   -1
  260,19950121,   61,   43,   86,   36,   46
  260,19950122,   72,   39,  121,   94,  182
  260,19950123,   65,   44,   81,   35,   44
  260,19950124,   63,   51,   79,   24,   10
  260,19950125,   52,   37,  115,   92,   52
  260,19950126,   77,   19,  122,  114,  125
  260,19950127,   27,    3,   47,   66,   95
  260,19950128,   88,   35,  100,   41,   58
  260,19950129,   79,   58,   93,   95,  137
  260,19950130,   31,  -13,   64,    5,    2
  260,19950131,   35,  -15,   80,   14,    5
  260,19950201,  101,   72,  129,   70,   74
  260,19950202,   49,    9,   81,    0,    0
  260,19950203,   57,   25,   89,    0,   -1
  260,19950204,   80,   43,  102,    0,   -1
  260,19950205,   66,   39,   84,    0,   -1
  260,19950206,   94,   83,  105,   20,   11
  260,19950207,   88,   78,   96,    0,   -1
  260,19950208,   43,   14,   88,   73,   96
  260,19950209,   14,  -16,   50,    0,   -1
  260,19950210,   21,  -20,   55,   51,   29
  260,19950211,   88,   55,  121,   68,   47
  260,19950212,   89,   63,  117,    0,    0
  260,19950213,   86,   60,  109,   12,   10
  260,19950214,   84,   62,  109,   25,   20
  260,19950215,   96,   78,  119,   60,  155
  260,19950216,   84,   72,  100,   34,   21
  260,19950217,   73,   44,  100,   16,   12
  260,19950218,   57,   40,   83,   15,   13
  260,19950219,   84,   63,  116,  106,  125
  260,19950220,   89,   65,  114,   31,   19
  260,19950221,   74,   34,  109,   34,   44
  260,19950222,   58,   31,   91,    0,   -1
  260,19950223,   50,   32,   78,   40,   14
  260,19950224,   36,   -5,   66,   62,   31
  260,19950225,   39,    7,   66,   28,   25
  260,19950226,   29,  -10,   65,   18,   14
  260,19950227,   43,   -9,   75,   49,   26
  260,19950228,   99,   67,  119,    0,   -1
  260,19950301,   88,   52,  104,    8,    5
  260,19950302,   38,   10,   57,   45,   60
  260,19950303,   35,    2,   65,   71,  123
  260,19950304,   18,    2,   51,   22,   20
  260,19950305,   24,    6,   34,   92,   97
  260,19950306,   42,   14,   68,   51,   53
  260,19950307,   45,    7,   80,    7,    5
  260,19950308,   48,   22,   76,   37,   15
  260,19950309,   53,   13,  100,    9,   13
  260,19950310,   67,   19,  112,    0,    0
  260,19950311,   81,   38,  134,    0,    0
  260,19950312,   75,    8,  150,    0,    0
  260,19950313,   75,   25,  144,    0,    0
  260,19950314,   35,   -4,   74,    8,    3
  260,19950315,   48,    5,   83,   57,   56
  260,19950316,   51,    5,   93,    0,   -1
  260,19950317,   80,   42,  125,   88,   94
  260,19950318,   79,   49,  109,    0,   -1
  260,19950319,   61,   30,   94,   17,   24
  260,19950320,   49,   21,   75,   20,   15
  260,19950321,   42,  -10,   86,   25,   16
  260,19950322,   33,  -23,   93,    0,    0
  260,19950323,   72,  -13,  138,    0,    0
  260,19950324,   90,   59,  117,    0,    0
  260,19950325,   78,   55,   99,   47,   47
  260,19950326,   89,   53,  116,   33,   28
  260,19950327,   40,   -8,   86,   62,   56
  260,19950328,   11,  -16,   45,   89,   61
  260,19950329,   33,   -6,   77,   17,   10
  260,19950330,   47,  -16,   89,    5,    2
  260,19950331,   78,   48,  104,  124,   77
  260,19950401,  113,   86,  149,    0,    0
  260,19950402,  117,   75,  174,    0,    0
  260,19950403,   92,   79,  102,    0,    0
  260,19950404,   83,   11,  122,    0,   -1
  260,19950405,   78,  -12,  139,    0,    0
  260,19950406,  102,   78,  132,    0,   -1
  260,19950407,   96,   52,  144,    0,    0
  260,19950408,   61,   35,  101,    0,   -1
  260,19950409,   60,   29,   84,   20,    2
  260,19950410,   82,   58,  110,   76,   26
  260,19950411,   99,   62,  158,    0,    0
  260,19950412,   96,   61,  131,    0,    0
  260,19950413,   89,   68,  125,    0,    0
  260,19950414,   89,   40,  124,    0,    0
  260,19950415,   70,   26,  111,    8,    2
  260,19950416,   72,   47,  108,   15,   10
  260,19950417,   84,   68,   96,   76,   53
  260,19950418,   69,    5,  101,   50,   55
  260,19950419,   44,    0,  101,   13,   23
  260,19950420,   39,  -10,   98,    0,   -1
  260,19950421,   72,  -19,  124,   27,   13
  260,19950422,  113,   70,  158,   18,    7
  260,19950423,  106,   24,  170,    0,   -1
  260,19950424,  170,   79,  258,    0,   -1
  260,19950425,  168,  124,  219,    0,   -1
  260,19950426,  142,   98,  208,    0,   -1
  260,19950427,   86,   66,  109,    0,    0
  260,19950428,   76,   44,  110,    0,    0
  260,19950429,   95,   21,  156,    0,   -1
  260,19950430,   97,   57,  141,   10,    1
  260,19950501,  125,   36,  195,    0,    0
  260,19950502,  154,   80,  215,    0,    0
  260,19950503,  161,   76,  231,    0,    0
  260,19950504,  173,   71,  249,    0,    0
  260,19950505,  174,   83,  261,    0,    0
  260,19950506,  164,   70,  239,    0,    0
  260,19950507,  174,   82,  247,    0,   -1
  260,19950508,  125,   97,  148,    7,   16
  260,19950509,   95,   81,  116,   42,   37
  260,19950510,   99,   63,  135,    3,    8
  260,19950511,   79,   24,  109,    5,    2
  260,19950512,   84,   52,  126,    0,   -1
  260,19950513,   90,   43,  128,    5,    2
  260,19950514,   79,   17,  126,    0,   -1
  260,19950515,   91,   16,  145,    9,    5
  260,19950516,  107,   25,  154,    0,    0
  260,19950517,  100,   77,  157,  100,   94
  260,19950518,   76,   17,  103,   58,   37
  260,19950519,   74,    1,  144,   20,  114
  260,19950520,   97,   16,  163,    3,    2
  260,19950521,   92,   46,  134,    0,    0
  260,19950522,  112,   33,  177,    0,    0
  260,19950523,  157,   88,  226,    0,    0
  260,19950524,  170,   94,  252,   51,   84
  260,19950525,  161,  131,  212,   44,  372
  260,19950526,  165,  127,  209,   29,   23
  260,19950527,  164,  117,  207,    0,    0
  260,19950528,  175,  130,  232,   65,  185
  260,19950529,  159,   95,  200,    3,    4
  260,19950530,  149,   90,  198,    0,    0
  260,19950531,  150,  106,  195,    0,   -1
  260,19950601,  130,   78,  165,    0,   -1
  260,19950602,  126,   69,  172,    0,   -1
  260,19950603,  145,   72,  196,   28,    6
  260,19950604,  139,  111,  181,   65,   87
  260,19950605,  140,  108,  181,    4,    1
  260,19950606,  128,  104,  150,    0,   -1
  260,19950607,  116,   72,  145,   68,   61
  260,19950608,  109,   64,  143,   30,   11
  260,19950609,  103,   92,  117,  138,  130
  260,19950610,  115,   98,  153,   70,  100
  260,19950611,  119,   95,  169,   49,  114
  260,19950612,  116,   92,  146,   10,    4
  260,19950613,  130,   79,  186,    0,    0
  260,19950614,  116,  103,  135,   24,    4
  260,19950615,  106,   82,  129,  114,   69
  260,19950616,  109,   93,  131,   55,   26
  260,19950617,  130,  113,  154,  115,   62
  260,19950618,  150,   97,  190,   10,    6
  260,19950619,  167,   97,  221,    0,    0
  260,19950620,  195,  128,  263,    0,    0
  260,19950621,  158,  108,  209,    0,    0
  260,19950622,  131,   94,  164,    0,   -1
  260,19950623,  145,  110,  184,    0,    0
  260,19950624,  159,  110,  204,    0,   -1
  260,19950625,  187,  134,  245,    0,    0
  260,19950626,  195,  131,  266,    0,    0
  260,19950627,  225,  143,  288,    0,    0
  260,19950628,  232,  167,  291,    0,    0
  260,19950629,  198,  125,  257,    0,    0
  260,19950630,  205,  110,  288,    0,    0
  260,19950701,  173,  128,  224,    0,    0
  260,19950702,  189,  107,  259,    0,    0
  260,19950703,  138,  106,  166,   43,  110
  260,19950704,  149,   95,  187,    0,   -1
  260,19950705,  164,  113,  215,    0,    0
  260,19950706,  180,  110,  233,    0,    0
  260,19950707,  182,  101,  247,    0,    0
  260,19950708,  213,  131,  276,    0,    0
  260,19950709,  228,  169,  278,    3,    5
  260,19950710,  256,  182,  324,    0,    0
  260,19950711,  246,  186,  318,    0,    0
  260,19950712,  214,  160,  272,    0,    0
  260,19950713,  228,  149,  292,    0,    0
  260,19950714,  212,  162,  249,   25,   87
  260,19950715,  194,  158,  239,    7,    2
  260,19950716,  183,  141,  227,    5,   47
  260,19950717,  180,  142,  218,    2,    4
  260,19950718,  178,  161,  191,   61,   74
  260,19950719,  203,  160,  231,    0,    0
  260,19950720,  223,  154,  286,    0,    0
  260,19950721,  235,  159,  320,   19,   59
  260,19950722,  170,  110,  204,    0,    0
  260,19950723,  163,   83,  226,    0,    0
  260,19950724,  189,  101,  251,    0,    0
  260,19950725,  198,  124,  258,    0,    0
  260,19950726,  233,  146,  315,    0,   -1
  260,19950727,  196,  168,  242,   38,   74
  260,19950728,  202,  166,  240,    0,    0
  260,19950729,  219,  148,  277,    0,    0
  260,19950730,  242,  184,  306,    0,    0
  260,19950731,  256,  178,  323,    0,    0
  260,19950801,  256,  194,  320,    0,    0
  260,19950802,  239,  178,  299,    0,    0
  260,19950803,  224,  154,  290,    0,    0
  260,19950804,  190,  150,  239,    0,    0
  260,19950805,  199,  117,  271,    0,    0
  260,19950806,  207,  165,  266,    0,    0
  260,19950807,  177,  152,  206,    0,   -1
  260,19950808,  183,  142,  230,    0,    0
  260,19950809,  190,  121,  255,    0,    0
  260,19950810,  214,  116,  291,    0,    0
  260,19950811,  235,  146,  312,    0,    0
  260,19950812,  229,  150,  312,    0,    0
  260,19950813,  195,  137,  247,    0,   -1
  260,19950814,  170,  114,  223,    0,    0
  260,19950815,  174,   92,  243,    0,    0
  260,19950816,  193,  118,  257,    0,    0
  260,19950817,  216,  165,  275,    0,    0
  260,19950818,  231,  150,  296,    0,    0
  260,19950819,  239,  158,  316,    0,    0
  260,19950820,  218,  168,  281,    0,    0
  260,19950821,  207,  148,  264,    0,    0
  260,19950822,  225,  166,  307,    0,    0
  260,19950823,  222,  164,  292,    0,    0
  260,19950824,  197,  154,  237,    0,    0
  260,19950825,  190,  161,  232,   32,   54
  260,19950826,  172,  140,  210,   41,   22
  260,19950827,  145,   97,  183,   38,   40
  260,19950828,  140,  100,  189,   44,   47
  260,19950829,  137,  103,  179,   20,   15
  260,19950830,  145,  101,  190,   12,   14
  260,19950831,  146,  110,  187,    7,    2
  260,19950901,  158,   98,  205,    0,    0
  260,19950902,  158,  133,  198,   31,   26
  260,19950903,  143,  108,  192,    0,   -1
  260,19950904,  140,  104,  189,   15,   18
  260,19950905,  147,  114,  197,    4,    4
  260,19950906,  145,  106,  205,    6,    7
  260,19950907,  162,  130,  201,   44,   40
  260,19950908,  159,  146,  173,   88,   50
  260,19950909,  166,  141,  198,    0,   -1
  260,19950910,  172,  130,  222,   20,    5
  260,19950911,  161,  125,  214,   53,   54
  260,19950912,  148,   92,  206,    0,   -1
  260,19950913,  142,   93,  198,    0,   -1
  260,19950914,  142,   96,  193,    0,    0
  260,19950915,  145,  105,  194,    5,    2
  260,19950916,  146,   98,  201,    4,    1
  260,19950917,  150,  120,  205,    0,    0
  260,19950918,  172,  107,  232,    0,    0
  260,19950919,  162,  125,  213,    0,    0
  260,19950920,  132,   91,  173,    4,    1
  260,19950921,  132,   85,  176,    6,   13
  260,19950922,  147,  113,  182,    0,   -1
  260,19950923,  142,  107,  172,   13,    8
  260,19950924,  135,  114,  178,   66,   63
  260,19950925,  135,  103,  179,    0,   -1
  260,19950926,  134,  107,  161,  138,  244
  260,19950927,  117,   80,  156,  129,  201
  260,19950928,   83,   44,  118,   62,   97
  260,19950929,   98,   64,  141,   37,   61
  260,19950930,   93,   70,  148,   36,   63
  260,19951001,  119,   80,  177,   52,   46
  260,19951002,  127,   55,  179,    0,    0
  260,19951003,  152,   99,  199,   19,   19
  260,19951004,  174,  138,  217,   15,   41
  260,19951005,  138,   97,  183,   13,    5
  260,19951006,  137,   79,  188,    0,    0
  260,19951007,  160,  140,  178,   14,   22
  260,19951008,  168,  114,  236,    0,    0
  260,19951009,  161,  116,  229,    0,    0
  260,19951010,  153,   98,  229,    0,    0
  260,19951011,  161,  142,  198,    0,    0
  260,19951012,  154,  126,  202,    0,   -1
  260,19951013,  140,  101,  184,    0,   -1
  260,19951014,  140,   90,  191,    0,    0
  260,19951015,  154,  110,  200,    0,    0
  260,19951016,  136,  105,  174,    0,   -1
  260,19951017,  141,  107,  165,   15,    4
  260,19951018,  135,   80,  167,    0,   -1
  260,19951019,  130,  106,  152,    0,    0
  260,19951020,  112,   42,  153,   11,    6
  260,19951021,   74,   28,  133,    0,    0
  260,19951022,   61,   17,  121,    0,    0
  260,19951023,   95,   18,  155,    0,    0
  260,19951024,  143,   96,  194,    0,    0
  260,19951025,  133,   76,  167,    6,   12
  260,19951026,  126,   75,  158,   13,   14
  260,19951027,  141,  103,  176,   37,   14
  260,19951028,   76,   23,  144,    0,    0
  260,19951029,   63,    6,  124,    0,    0
  260,19951030,   56,    6,  127,    0,    0
  260,19951031,   71,    4,  136,   11,   19
  260,19951101,   89,   43,  117,   21,   12
  260,19951102,   82,   25,  122,   13,    2
  260,19951103,   77,   13,  109,   48,   18
  260,19951104,   17,  -34,   62,    7,    1
  260,19951105,   -2,  -41,   57,    0,    0
  260,19951106,   19,  -38,   68,    0,    0
  260,19951107,   64,   22,   91,   29,   11
  260,19951108,   99,   57,  136,    7,    4
  260,19951109,  109,   90,  125,    0,   -1
  260,19951110,   83,   65,   97,    5,    1
  260,19951111,  116,   95,  154,    5,    1
  260,19951112,  109,   67,  159,    0,    0
  260,19951113,   69,   34,  102,    0,    0
  260,19951114,  100,   82,  129,   22,    5
  260,19951115,   93,   67,  110,   47,   25
  260,19951116,   94,   63,  123,   31,   40
  260,19951117,   30,   -3,   65,   34,   63
  260,19951118,   33,  -12,   69,   25,   20
  260,19951119,   67,   34,   89,   87,  164
  260,19951120,   39,   -7,   94,    0,    0
  260,19951121,   21,   -2,   49,    0,    0
  260,19951122,   58,   13,   95,   21,    5
  260,19951123,   95,   81,  111,    0,   -1
  260,19951124,   93,   71,  113,    0,    0
  260,19951125,   90,   68,  128,    0,    0
  260,19951126,   86,   54,  120,    0,    0
  260,19951127,   72,   48,   93,    0,    0
  260,19951128,   58,   14,  103,    0,    0
  260,19951129,   50,   30,   62,    0,   -1
  260,19951130,   34,   14,   49,    0,   -1
  260,19951201,   27,    3,   38,    0,    0
  260,19951202,   23,    4,   42,    0,   -1
  260,19951203,   11,  -11,   33,    0,   -1
  260,19951204,   -5,  -22,   15,    0,    0
  260,19951205,  -29,  -38,  -21,    0,   -1
  260,19951206,  -41,  -52,  -29,    0,   -1
  260,19951207,  -31,  -45,   -2,    0,   -1
  260,19951208,  -24,  -59,   12,    0,    0
  260,19951209,   -9,  -23,    8,    0,   -1
  260,19951210,  -20,  -37,  -11,    0,   -1
  260,19951211,   -2,  -46,   35,   11,    2
  260,19951212,   29,   13,   44,    0,   -1
  260,19951213,    1,  -25,   22,    1,    2
  260,19951214,    4,  -25,   13,    0,   -1
  260,19951215,   -7,  -35,    6,    0,    0
  260,19951216,  -17,  -38,    8,    0,    0
  260,19951217,  -16,  -35,    1,    0,   -1
  260,19951218,    3,  -16,   16,   45,   14
  260,19951219,   16,   -2,   25,    0,   -1
  260,19951220,    6,  -40,   32,   80,  105
  260,19951221,  -16,  -39,    1,   30,    4
  260,19951222,   69,    1,  115,   93,  149
  260,19951223,   57,   12,  104,   45,   29
  260,19951224,   -9,  -56,   17,    0,    0
  260,19951225,  -10,  -65,   31,   11,    3
  260,19951226,   -6,  -53,   25,   13,    5
  260,19951227,  -59,  -98,   -6,    0,    0
  260,19951228,  -79, -115,  -21,    0,    0
  260,19951229,  -66, -125,   -8,    0,    0
  260,19951230,  -55,  -87,  -31,    0,    0
  260,19951231,  -19,  -32,  -11,   13,    3
  260,19960101,  -14,  -22,   -5,    6,    2
  260,19960102,  -21,  -39,   -3,    0,   -1
  260,19960103,  -13,  -35,    8,    0,   -1
  260,19960104,    5,  -10,   23,    0,    0
  260,19960105,   -7,  -23,   15,    0,    0
  260,19960106,  -30,  -55,   -8,    0,   -1
  260,19960107,   40,   -8,   80,   71,   40
  260,19960108,   47,   18,   79,    0,    0
  260,19960109,   53,   40,   64,   34,   24
  260,19960110,   57,   36,   70,    7,    3
  260,19960111,   63,   33,   93,    5,    2
  260,19960112,   87,   75,  101,    0,   -1
  260,19960113,   81,   63,  101,    0,    0
  260,19960114,   56,   14,  111,    0,    0
  260,19960115,   29,    6,   71,    0,    0
  260,19960116,   13,   -2,   26,    0,    0
  260,19960117,    7,   -5,   18,    0,    0
  260,19960118,   -9,  -20,   -1,    0,    0
  260,19960119,  -18,  -29,   -8,    0,    0
  260,19960120,   -8,  -28,    2,    0,    0
  260,19960121,   -8,  -16,   -1,    0,    0
  260,19960122,   -9,  -38,   21,    0,    0
  260,19960123,  -39,  -53,  -15,    0,    0
  260,19960124,  -36,  -62,  -15,    0,    0
  260,19960125,  -78, -100,  -62,    0,    0
  260,19960126,  -92, -100,  -80,    0,   -1
  260,19960127,  -59,  -80,  -35,    0,   -1
  260,19960128,  -47,  -78,   -9,    0,    0
  260,19960129,  -31,  -62,    9,    0,    0
  260,19960130,  -24,  -53,   21,    0,    0
  260,19960131,  -24,  -60,   36,    0,    0
  260,19960201,  -22,  -59,   34,    0,    0
  260,19960202,  -16,  -78,   18,    0,   -1
  260,19960203,  -11,  -22,    3,   10,    1
  260,19960204,   -1,  -19,   28,    0,   -1
  260,19960205,   -6,  -41,   26,    0,   -1
  260,19960206,  -37,  -66,   -2,    0,    0
  260,19960207,  -53,  -74,  -30,    0,   -1
  260,19960208,  -80, -132,  -49,    0,   -1
  260,19960209,  -46, -141,   15,    0,    0
  260,19960210,   27,   -4,   57,   33,   17
  260,19960211,   41,   28,   51,   85,   82
  260,19960212,   36,   16,   50,  116,  189
  260,19960213,   11,    3,   20,    5,    1
  260,19960214,   -8,  -17,    5,    0,   -1
  260,19960215,    3,  -23,   25,   22,    4
  260,19960216,   60,   25,   84,   35,   14
  260,19960217,   54,   35,   71,    7,    2
  260,19960218,   46,   22,   71,  111,  179
  260,19960219,    1,  -20,   31,   84,   55
  260,19960220,  -28,  -46,  -17,    0,   -1
  260,19960221,  -40,  -65,  -12,    0,    0
  260,19960222,  -13,  -64,   25,   10,   10
  260,19960223,   -3,  -29,   21,    0,    0
  260,19960224,   29,   -5,   56,    8,    6
  260,19960225,   76,   53,   99,   51,   20
  260,19960226,   50,  -12,   81,   62,   42
  260,19960227,   32,  -11,   94,    0,    0
  260,19960228,   31,   -4,   67,   20,    6
  260,19960229,   28,   -8,   78,    0,   -1
  260,19960301,   26,  -22,   49,    3,    1
  260,19960302,   10,  -27,   47,   40,   13
  260,19960303,    7,  -27,   48,   17,    3
  260,19960304,   14,  -36,   45,   44,   21
  260,19960305,   24,   13,   42,   12,    3
  260,19960306,   45,   23,   70,    9,    2
  260,19960307,   30,   12,   58,    0,   -1
  260,19960308,   34,   -6,   78,    0,    0
  260,19960309,   33,   -8,   82,    0,    0
  260,19960310,   24,  -13,   80,    0,    0
  260,19960311,  -10,  -41,   30,    0,    0
  260,19960312,  -23,  -59,   14,    0,    0
  260,19960313,  -19,  -53,   29,    0,    0
  260,19960314,    8,  -40,   55,    0,    0
  260,19960315,   34,   -4,   79,    0,    0
  260,19960316,   39,   -5,   92,    0,    0
  260,19960317,   47,   26,   73,    0,    0
  260,19960318,   49,   32,   78,    0,    0
  260,19960319,   42,   13,   69,    0,    0
  260,19960320,   62,  -18,  133,    0,    0
  260,19960321,   77,   21,  122,   34,   11
  260,19960322,   75,   61,   90,    0,   -1
  260,19960323,   86,   63,  110,   12,    2
  260,19960324,   58,   38,   75,    0,    0
  260,19960325,   78,   30,  126,    0,    0
  260,19960326,   28,   -1,   54,    0,    0
  260,19960327,   20,  -23,   72,    0,    0
  260,19960328,   24,  -26,   76,   29,   19
  260,19960329,   35,    4,   72,   11,   10
  260,19960330,   23,  -15,   74,    6,    3
  260,19960331,   15,  -24,   62,   35,   20
  260,19960401,    6,  -52,   59,    0,    0
  260,19960402,    8,  -56,   60,    4,    2
  260,19960403,   30,  -18,   81,    0,    0
  260,19960404,   59,   -5,  123,    0,    0
  260,19960405,   67,    3,  133,    0,   -1
  260,19960406,   67,   23,  113,    0,    0
  260,19960407,   65,   -3,  134,    0,    0
  260,19960408,   66,    5,  104,    0,   -1
  260,19960409,   87,    0,  149,    0,    0
  260,19960410,  108,   82,  144,   55,   20
  260,19960411,   79,   29,   99,  110,   55
  260,19960412,   31,   -6,   72,    0,    0
  260,19960413,   51,  -18,  112,    0,    0
  260,19960414,   67,    0,  130,    0,    0
  260,19960415,   88,  -10,  166,    0,    0
  260,19960416,  121,   43,  188,    0,    0
  260,19960417,  132,   71,  202,    0,    0
  260,19960418,  111,   67,  175,    0,    0
  260,19960419,  140,   84,  199,    0,    0
  260,19960420,  164,   83,  252,    0,    0
  260,19960421,  176,   93,  246,    0,    0
  260,19960422,  191,  113,  253,    0,    0
  260,19960423,  156,   93,  196,    6,    1
  260,19960424,  111,   60,  162,    8,    3
  260,19960425,  105,   36,  167,    0,    0
  260,19960426,  117,   38,  181,    0,    0
  260,19960427,  132,   37,  205,    0,    0
  260,19960428,  115,   59,  163,    0,   -1
  260,19960429,   78,   42,  113,    0,    0
  260,19960430,   88,   -3,  147,    0,    0
  260,19960501,  115,   60,  176,   12,    5
  260,19960502,  106,   72,  147,    0,   -1
  260,19960503,   81,   70,   98,   32,   40
  260,19960504,   72,   41,  114,    0,   -1
  260,19960505,   60,    1,  110,    0,   -1
  260,19960506,   76,  -23,  146,    0,    0
  260,19960507,   97,   42,  169,    0,    0
  260,19960508,   92,   33,  157,    0,    0
  260,19960509,   92,   51,  132,    0,   -1
  260,19960510,   70,   48,   96,   20,    3
  260,19960511,   86,   62,  109,    0,   -1
  260,19960512,   86,   73,  111,    0,   -1
  260,19960513,   87,   70,  109,    0,   -1
  260,19960514,   97,   80,  124,    0,   -1
  260,19960515,   87,   38,  128,    0,   -1
  260,19960516,   76,    8,  127,   40,   23
  260,19960517,   86,   53,  118,   10,   24
  260,19960518,  108,   56,  156,    0,   -1
  260,19960519,  130,   87,  162,    0,   -1
  260,19960520,  110,   32,  166,    0,    0
  260,19960521,  108,   42,  189,   24,   45
  260,19960522,  112,   59,  160,   39,   25
  260,19960523,  127,   99,  161,   66,   40
  260,19960524,  147,  126,  183,   58,   48
  260,19960525,  128,  107,  153,   78,  116
  260,19960526,  131,   89,  174,   20,    7
  260,19960527,  109,   67,  134,   43,   43
  260,19960528,  112,   64,  155,    0,   -1
  260,19960529,  163,  115,  216,    0,   -1
  260,19960530,  201,  110,  261,    0,    0
  260,19960531,  173,  130,  204,    0,    0
  260,19960601,  139,   68,  182,    0,    0
  260,19960602,  136,   56,  199,   15,   21
  260,19960603,  152,   77,  212,    0,    0
  260,19960604,  165,  126,  212,    0,    0
  260,19960605,  210,  108,  282,    0,    0
  260,19960606,  232,  151,  309,    0,    0
  260,19960607,  259,  160,  339,    0,    0
  260,19960608,  217,  176,  276,   23,   60
  260,19960609,  148,  105,  182,    0,   -1
  260,19960610,  200,  105,  269,    0,   -1
  260,19960611,  205,  150,  251,    8,   24
  260,19960612,  156,   92,  187,    0,   -1
  260,19960613,  142,   86,  195,    0,    0
  260,19960614,  122,   58,  171,    0,    0
  260,19960615,  139,   46,  206,    0,    0
  260,19960616,  157,   69,  222,    0,    0
  260,19960617,  177,   83,  251,    0,    0
  260,19960618,  153,  105,  206,    0,    0
  260,19960619,  128,  114,  152,    0,   -1
  260,19960620,  122,   73,  162,    0,   -1
  260,19960621,  113,   72,  150,   18,    8
  260,19960622,  118,   95,  147,   15,    8
  260,19960623,  116,  100,  135,    6,    3
  260,19960624,  121,  100,  148,   19,    9
  260,19960625,  125,   93,  147,    0,   -1
  260,19960626,  161,   92,  224,    0,    0
  260,19960627,  153,  108,  192,    8,    2
  260,19960628,  157,  105,  206,   23,   11
  260,19960629,  130,  115,  147,   74,  144
  260,19960630,  147,  125,  172,   10,   91
  260,19960701,  140,  109,  177,   26,   19
  260,19960702,  143,   98,  176,    2,    7
  260,19960703,  164,  110,  204,   28,   28
  260,19960704,  162,  133,  194,   44,   63
  260,19960705,  144,  118,  178,   20,   34
  260,19960706,  124,   75,  154,   49,   84
  260,19960707,  131,   60,  180,   11,    2
  260,19960708,  126,   83,  159,    4,    6
  260,19960709,  141,   94,  179,   60,   41
  260,19960710,  143,  106,  174,   37,   20
  260,19960711,  174,   91,  234,    0,    0
  260,19960712,  175,  122,  221,    0,   -1
  260,19960713,  174,  138,  224,    0,    0
  260,19960714,  174,  137,  193,    0,   -1
  260,19960715,  155,  104,  201,    0,    0
  260,19960716,  147,  104,  185,    0,   -1
  260,19960717,  149,   91,  207,    0,    0
  260,19960718,  138,   72,  177,    0,    0
  260,19960719,  158,   74,  226,    0,    0
  260,19960720,  186,   83,  257,    0,    0
  260,19960721,  198,  101,  274,    0,    0
  260,19960722,  222,  132,  290,    0,    0
  260,19960723,  205,  167,  280,   21,   33
  260,19960724,  158,  135,  183,   78,   83
  260,19960725,  161,  141,  190,   20,   43
  260,19960726,  176,  123,  231,    0,    0
  260,19960727,  160,   93,  208,    0,   -1
  260,19960728,  161,   64,  216,    0,    0
  260,19960729,  186,  126,  236,    4,    1
  260,19960730,  185,  125,  230,    0,   -1
  260,19960731,  179,  156,  205,    0,   -1
  260,19960801,  167,  118,  206,    0,    0
  260,19960802,  159,   88,  216,    0,    0
  260,19960803,  159,   87,  212,    0,    0
  260,19960804,  176,   93,  242,    0,    0
  260,19960805,  193,  118,  252,    0,    0
  260,19960806,  171,  141,  215,   46,  136
  260,19960807,  151,  115,  178,    0,   -1
  260,19960808,  173,  116,  233,    0,    0
  260,19960809,  204,  124,  273,    0,    0
  260,19960810,  206,  170,  245,    0,   -1
  260,19960811,  180,  148,  241,   45,   29
  260,19960812,  168,  124,  203,   58,   88
  260,19960813,  187,  162,  219,    0,   -1
  260,19960814,  184,  150,  225,    0,    0
  260,19960815,  177,  143,  224,    0,   -1
  260,19960816,  163,  105,  196,    0,    0
  260,19960817,  164,   86,  235,    0,    0
  260,19960818,  189,   89,  260,    0,    0
  260,19960819,  222,  137,  290,    0,    0
  260,19960820,  228,  162,  298,    0,    0
  260,19960821,  181,  136,  211,   17,   18
  260,19960822,  178,  105,  252,    0,    0
  260,19960823,  184,  130,  248,   23,   57
  260,19960824,  164,  129,  218,    0,   -1
  260,19960825,  153,  110,  214,   29,  101
  260,19960826,  157,   96,  215,    0,    0
  260,19960827,  140,   91,  217,   15,   22
  260,19960828,  146,  108,  185,   85,  115
  260,19960829,  148,  133,  171,   35,   22
  260,19960830,  159,  138,  202,   22,   34
  260,19960831,  133,   86,  173,   13,   10
  260,19960901,  126,   75,  176,   29,   27
  260,19960902,  130,   54,  204,    0,   -1
  260,19960903,  149,   77,  203,    0,    0
  260,19960904,  148,  105,  182,    0,   -1
  260,19960905,  149,   86,  207,    0,    0
  260,19960906,  130,   53,  195,    0,    0
  260,19960907,  119,   45,  183,    0,    0
  260,19960908,  115,   42,  188,    0,   -1
  260,19960909,  138,   59,  204,    0,   -1
  260,19960910,  132,   83,  166,   13,    4
  260,19960911,  124,   84,  153,   40,   19
  260,19960912,  129,   88,  172,   48,   65
  260,19960913,  125,   86,  160,    8,    2
  260,19960914,  135,  103,  173,    9,    2
  260,19960915,  121,   56,  171,    0,   -1
  260,19960916,  113,   45,  181,    0,    0
  260,19960917,  116,   54,  172,    0,    0
  260,19960918,  114,   83,  152,    0,    0
  260,19960919,  107,   76,  136,    0,    0
  260,19960920,  113,   72,  150,    0,    0
  260,19960921,  102,   61,  139,    0,    0
  260,19960922,   95,   88,  103,   40,   21
  260,19960923,  100,   87,  125,   43,   24
  260,19960924,   99,   40,  151,    0,    0
  260,19960925,  111,   34,  186,    0,    0
  260,19960926,  133,   57,  193,   16,   13
  260,19960927,  145,  116,  184,   44,   70
  260,19960928,  133,   90,  179,    3,    1
  260,19960929,  148,  118,  177,  112,  140
  260,19960930,  147,   96,  178,   85,  106
  260,19961001,  102,   58,  128,   72,   58
  260,19961002,   89,   34,  161,    2,    8
  260,19961003,  120,   34,  177,    0,   -1
  260,19961004,  118,   87,  154,   43,   62
  260,19961005,   93,   51,  141,   20,    9
  260,19961006,   87,   20,  160,    0,    0
  260,19961007,   95,   39,  164,    0,    0
  260,19961008,  112,   35,  176,    0,    0
  260,19961009,  125,  111,  151,   19,   11
  260,19961010,  116,   94,  146,   30,   18
  260,19961011,  106,   73,  130,    0,    0
  260,19961012,   95,   63,  118,    0,    0
  260,19961013,  117,   54,  176,    0,    0
  260,19961014,  148,  116,  202,    0,    0
  260,19961015,  130,  102,  169,    0,   -1
  260,19961016,   95,   50,  139,    0,    0
  260,19961017,   80,   36,  144,    0,   -1
  260,19961018,   90,   32,  136,   13,    7
  260,19961019,  116,   81,  152,    4,    2
  260,19961020,  129,   89,  155,  108,  134
  260,19961021,  127,   67,  155,   56,   90
  260,19961022,   96,   37,  155,    0,    0
  260,19961023,   94,   54,  143,    0,    0
  260,19961024,   99,   59,  147,    0,    0
  260,19961025,  107,   76,  141,    0,   -1
  260,19961026,  108,   81,  150,   10,    4
  260,19961027,  112,   76,  153,   97,  108
  260,19961028,  134,  116,  153,   22,   13
  260,19961029,  107,   86,  135,  109,   89
  260,19961030,   97,   77,  122,    2,    1
  260,19961031,   95,   77,  129,   94,  131
  260,19961101,  116,   88,  135,   23,   11
  260,19961102,  139,  125,  150,   44,   31
  260,19961103,  138,  133,  144,   80,  106
  260,19961104,  130,  113,  141,   82,   83
  260,19961105,  100,   76,  122,   70,   84
  260,19961106,  116,   79,  141,   25,   36
  260,19961107,   89,   66,  112,   74,  164
  260,19961108,   63,   34,  110,    5,    3
  260,19961109,   77,   44,  110,    3,   11
  260,19961110,   67,   41,   83,  122,  111
  260,19961111,   65,   31,   97,   50,   57
  260,19961112,   86,   57,  101,   26,   47
  260,19961113,   55,   14,   92,   26,   17
  260,19961114,   27,  -14,   94,    2,    1
  260,19961115,   10,  -19,   52,    0,    0
  260,19961116,   28,   -4,   56,    0,    0
  260,19961117,   23,   -3,   38,    0,    0
  260,19961118,   39,   23,   62,   75,   43
  260,19961119,   30,    6,   53,   59,   57
  260,19961120,   56,   30,   70,   48,   68
  260,19961121,   41,   19,   71,   56,   74
  260,19961122,   40,    6,   71,   15,    4
  260,19961123,   17,   -9,   47,   69,   51
  260,19961124,   23,  -12,   54,   22,    8
  260,19961125,   45,   13,   62,  137,  140
  260,19961126,   38,    5,   62,   14,   12
  260,19961127,   10,  -15,   29,    0,    0
  260,19961128,   16,  -12,   55,    0,   -1
  260,19961129,   34,   -2,   63,   75,   87
  260,19961130,   41,    2,   64,   36,   58
  260,19961201,   48,    4,   82,   18,   16
  260,19961202,   74,   61,   85,   18,    8
  260,19961203,   62,   29,   88,   85,   85
  260,19961204,   67,   40,   86,    5,    4
  260,19961205,   49,   37,   72,    0,   -1
  260,19961206,   54,   35,   73,    0,   -1
  260,19961207,   53,   36,   70,   16,    9
  260,19961208,   19,    4,   37,    0,    0
  260,19961209,   -3,   -7,    6,    0,    0
  260,19961210,   -4,  -10,   -2,    0,    0
  260,19961211,  -10,  -15,   -6,    0,   -1
  260,19961212,   -6,  -15,    5,    0,   -1
  260,19961213,   12,  -22,   47,    0,   -1
  260,19961214,    1,  -48,   39,    0,   -1
  260,19961215,   67,   27,   92,    0,   -1
  260,19961216,   52,   28,   65,    0,    0
  260,19961217,   30,   16,   45,    0,    0
  260,19961218,   55,   21,   83,    8,    4
  260,19961219,   60,   35,   78,  183,  231
  260,19961220,    0,  -27,   35,    0,    0
  260,19961221,  -35,  -48,   -7,    0,    0
  260,19961222,  -22,  -54,   26,    0,    0
  260,19961223,  -26,  -43,    0,    0,    0
  260,19961224,  -45,  -72,  -13,    0,    0
  260,19961225,  -27,  -67,    0,    0,   -1
  260,19961226,  -53,  -87,   -7,    0,    0
  260,19961227,  -49,  -89,  -32,    0,    0
  260,19961228,  -86, -105,  -47,    0,    0
  260,19961229,  -43, -113,   22,   38,   13
  260,19961230,  -12,  -57,    3,    0,   -1
  260,19961231,  -97, -120,  -57,    0,    0
  260,19970101, -114, -137,  -73,    0,    0
  260,19970102, -126, -160,  -81,    0,    0
  260,19970103,  -77, -128,  -50,    0,    0
  260,19970104,  -41,  -50,  -29,    0,   -1
  260,19970105,  -53, -111,  -23,    0,   -1
  260,19970106,  -79, -113,  -61,    0,   -1
  260,19970107,  -53,  -84,  -33,    0,   -1
  260,19970108,  -76,  -89,  -63,    0,   -1
  260,19970109,  -70,  -91,  -42,    0,   -1
  260,19970110,  -34,  -42,  -30,    0,   -1
  260,19970111,  -38,  -53,  -29,    0,   -1
  260,19970112,   -6,  -56,   18,    0,   -1
  260,19970113,   27,    0,   75,    0,   -1
  260,19970114,   14,  -23,   67,    0,    0
  260,19970115,   -5,  -39,   50,    0,    0
  260,19970116,    2,  -37,   64,    0,    0
  260,19970117,   29,  -17,   73,    0,   -1
  260,19970118,   46,   32,   56,    0,   -1
  260,19970119,   32,   11,   42,   40,   19
  260,19970120,   24,    5,   44,    0,   -1
  260,19970121,   10,  -22,   30,    0,    0
  260,19970122,   53,    3,   96,    0,   -1
  260,19970123,   45,   13,   85,    0,   -1
  260,19970124,   23,  -20,   72,   28,   14
  260,19970125,   13,  -19,   77,    0,    0
  260,19970126,   -1,  -28,   12,    0,   -1
  260,19970127,  -22,  -49,   10,    0,   -1
  260,19970128,   23,   -2,   38,    6,    1
  260,19970129,   26,   17,   38,    0,   -1
  260,19970130,   28,   13,   43,    0,   -1
  260,19970131,   29,   -4,   59,   10,    2
  260,19970201,   14,  -15,   27,    0,    0
  260,19970202,   -3,  -25,   14,    0,   -1
  260,19970203,   11,   -7,   26,    0,    0
  260,19970204,   46,    7,   68,   64,   76
  260,19970205,   38,   13,   71,   65,   53
  260,19970206,   49,   16,   91,    0,    0
  260,19970207,   67,   37,   99,   29,   27
  260,19970208,   31,  -16,   85,    0,    0
  260,19970209,   77,   47,  107,    0,   -1
  260,19970210,   75,   53,   97,   41,   36
  260,19970211,   60,   33,   88,   30,   20
  260,19970212,   96,   58,  117,  110,  170
  260,19970213,   67,   36,   98,   68,  133
  260,19970214,   34,   -3,   78,    0,    0
  260,19970215,   37,   -5,   86,    0,    0
  260,19970216,   32,   -8,   65,   10,    5
  260,19970217,   68,   30,   96,   24,   17
  260,19970218,   79,   46,  107,   72,   98
  260,19970219,   58,   25,   96,   27,   32
  260,19970220,   83,   62,  103,    0,   -1
  260,19970221,   92,   66,  109,   13,    7
  260,19970222,   92,   63,  116,    0,    0
  260,19970223,   98,   65,  124,    0,    0
  260,19970224,   98,   78,  121,   71,  104
  260,19970225,  106,   87,  128,   34,   26
  260,19970226,   78,   61,   98,   46,   33
  260,19970227,   66,   21,   90,    0,   -1
  260,19970228,   97,   58,  144,    6,    3
  260,19970301,   95,   38,  130,    0,    0
  260,19970302,  103,   71,  127,   12,   11
  260,19970303,   72,   36,  111,    0,    0
  260,19970304,   78,   21,  122,    0,   -1
  260,19970305,   86,   55,  118,    0,    0
  260,19970306,   79,   27,  117,   23,    9
  260,19970307,   93,   12,  152,    0,    0
  260,19970308,   90,   48,  129,    0,    0
  260,19970309,   90,   54,  144,    0,    0
  260,19970310,   91,   35,  179,    0,    0
  260,19970311,   54,   28,   96,    0,    0
  260,19970312,   72,   34,  137,    0,    0
  260,19970313,   98,   65,  154,    0,    0
  260,19970314,   88,   78,  101,   21,   11
  260,19970315,   97,   83,  110,   27,   11
  260,19970316,   98,   81,  113,   38,   13
  260,19970317,   91,   44,  138,    0,   -1
  260,19970318,   72,   43,  100,   32,   89
  260,19970319,   66,   40,   95,   50,   59
  260,19970320,   53,   19,   74,    4,    2
  260,19970321,   52,   -9,   89,    3,    1
  260,19970322,   38,  -30,   86,    0,   -1
  260,19970323,   64,   51,   83,   57,   23
  260,19970324,   66,   56,   80,   40,    5
  260,19970325,   74,   45,  104,   60,   19
  260,19970326,   98,   53,  130,   24,   21
  260,19970327,  113,   74,  147,    0,    0
  260,19970328,   76,   57,  114,    9,   10
  260,19970329,   75,   46,  105,    2,    5
  260,19970330,   84,   36,  138,    0,    0
  260,19970331,   74,    1,  146,    0,    0
  260,19970401,   87,    9,  173,    0,    0
  260,19970402,   80,    7,  136,    0,    0
  260,19970403,   89,   55,  116,    0,    0
  260,19970404,   61,   35,   93,    5,    1
  260,19970405,   89,   52,  115,  120,   92
  260,19970406,   60,   -5,  102,    0,    0
  260,19970407,   43,  -30,  109,    0,    0
  260,19970408,   73,  -20,  141,    0,    0
  260,19970409,  101,   32,  181,    0,    0
  260,19970410,   93,    9,  168,    0,    0
  260,19970411,   75,   50,  113,    0,   -1
  260,19970412,   66,   18,  102,    0,   -1
  260,19970413,   63,  -12,  112,    0,   -1
  260,19970414,   83,   51,  138,    0,   -1
  260,19970415,   67,   32,  102,    0,   -1
  260,19970416,   63,   31,   96,   34,    7
  260,19970417,   71,   15,  131,    0,    0
  260,19970418,   63,   11,  108,    0,   -1
  260,19970419,   59,   41,   81,    0,   -1
  260,19970420,   48,    1,   89,    0,    0
  260,19970421,   52,  -37,  111,    5,    4
  260,19970422,   56,  -10,  103,    7,    3
  260,19970423,   64,  -28,  129,    0,    0
  260,19970424,  108,   50,  159,    0,    0
  260,19970425,  100,   73,  125,   58,   24
  260,19970426,  108,   75,  141,   28,    7
  260,19970427,  119,   96,  159,   25,   16
  260,19970428,  114,   86,  156,   94,  126
  260,19970429,   99,   86,  113,   41,   29
  260,19970430,   96,   45,  144,    0,   -1
  260,19970501,  116,   26,  190,    0,    0
  260,19970502,  144,   58,  225,    0,    0
  260,19970503,  162,   66,  236,    0,    0
  260,19970504,  147,  127,  187,   29,   51
  260,19970505,  132,  116,  158,   51,  131
  260,19970506,   67,   24,  120,   95,  170
  260,19970507,   58,   -4,  103,    0,   -1
  260,19970508,   69,   22,  100,   47,   61
  260,19970509,   94,   75,  129,   49,   64
  260,19970510,  123,   69,  166,   22,   10
  260,19970511,  126,   98,  164,   25,   39
  260,19970512,  118,   67,  174,    7,    5
  260,19970513,  142,   61,  209,    4,    2
  260,19970514,  108,   57,  132,   90,   94
  260,19970515,  129,   45,  186,    0,    0
  260,19970516,  195,  126,  258,   25,   99
  260,19970517,  210,  156,  281,    2,    1
  260,19970518,  175,  158,  198,   60,   46
  260,19970519,  177,  145,  224,   30,    7
  260,19970520,  150,  110,  206,   16,   36
  260,19970521,  123,   94,  169,   56,  189
  260,19970522,  111,   83,  137,   28,  102
  260,19970523,  103,   55,  151,    0,    0
  260,19970524,  104,   59,  146,    6,    2
  260,19970525,  123,   52,  178,    0,    0
  260,19970526,  121,   52,  171,    0,   -1
  260,19970527,  109,   94,  128,    0,   -1
  260,19970528,  111,   70,  150,    0,    0
  260,19970529,  117,   41,  179,    0,    0
  260,19970530,  147,   84,  205,    0,    0
  260,19970531,  145,   79,  188,    0,    0
  260,19970601,  148,   83,  203,    3,    2
  260,19970602,  167,  113,  215,    0,    0
  260,19970603,  170,   92,  230,    0,    0
  260,19970604,  167,   77,  232,    0,    0
  260,19970605,  203,  109,  264,    0,    0
  260,19970606,  217,  150,  274,    0,    0
  260,19970607,  204,  162,  290,   11,   27
  260,19970608,  181,  135,  225,   18,  108
  260,19970609,  170,  119,  220,    0,    0
  260,19970610,  196,  112,  253,    0,    0
  260,19970611,  198,  164,  245,   37,   59
  260,19970612,  179,  144,  210,    0,   -1
  260,19970613,  176,  135,  221,   21,   15
  260,19970614,  157,  132,  196,   12,   14
  260,19970615,  136,  103,  171,    0,    0
  260,19970616,  141,   86,  184,    0,    0
  260,19970617,  130,   70,  186,    0,    0
  260,19970618,  136,   56,  199,    0,    0
  260,19970619,  161,  103,  215,   43,   47
  260,19970620,  142,  108,  186,   95,   52
  260,19970621,  153,  128,  194,   34,   39
  260,19970622,  135,  114,  179,   38,   49
  260,19970623,  126,  109,  148,   36,   32
  260,19970624,  124,   68,  154,    5,    2
  260,19970625,  127,   67,  173,   53,   20
  260,19970626,  140,  120,  172,   64,   58
  260,19970627,  149,  107,  210,   17,   40
  260,19970628,  152,   94,  204,    3,    3
  260,19970629,  158,   98,  220,   54,  131
  260,19970630,  143,  121,  158,    3,    2
  260,19970701,  144,  108,  207,   15,   36
  260,19970702,  149,   89,  208,   40,   22
  260,19970703,  148,  101,  196,    4,   16
  260,19970704,  155,   89,  216,   10,    9
  260,19970705,  156,  106,  200,   10,    5
  260,19970706,  146,   97,  176,   16,   11
  260,19970707,  175,  127,  225,    0,   -1
  260,19970708,  175,  122,  220,    0,    0
  260,19970709,  168,  133,  205,    0,   -1
  260,19970710,  179,  124,  237,    0,   -1
  260,19970711,  208,  128,  266,    0,    0
  260,19970712,  208,  147,  265,    8,    1
  260,19970713,  198,  130,  259,    0,   -1
  260,19970714,  184,  133,  233,    0,    0
  260,19970715,  169,  119,  214,   17,   13
  260,19970716,  177,  149,  208,   29,   22
  260,19970717,  168,  130,  211,   31,   28
  260,19970718,  165,  127,  205,   48,  203
  260,19970719,  190,  142,  234,    0,    0
  260,19970720,  187,  139,  231,    5,    3
  260,19970721,  185,  157,  227,   41,  180
  260,19970722,  184,  155,  216,    0,    0
  260,19970723,  185,  120,  242,    0,   -1
  260,19970724,  175,  118,  220,   26,   11
  260,19970725,  164,  148,  189,   42,   71
  260,19970726,  186,  144,  230,    5,    2
  260,19970727,  168,  110,  190,   11,   12
  260,19970728,  172,   94,  234,    0,    0
  260,19970729,  182,  101,  247,    0,    0
  260,19970730,  183,  132,  236,    0,   -1
  260,19970731,  161,  138,  186,   11,    9
  260,19970801,  169,  142,  206,   50,   41
  260,19970802,  188,  148,  227,   10,    8
  260,19970803,  180,  142,  215,    0,    0
  260,19970804,  188,  144,  233,    0,    0
  260,19970805,  188,  112,  252,    0,    0
  260,19970806,  222,  163,  274,    0,    0
  260,19970807,  227,  155,  279,    0,    0
  260,19970808,  228,  160,  294,    0,    0
  260,19970809,  227,  133,  307,    0,    0
  260,19970810,  245,  155,  314,    0,    0
  260,19970811,  249,  172,  313,    0,    0
  260,19970812,  239,  160,  318,    0,    0
  260,19970813,  233,  136,  321,    0,    0
  260,19970814,  191,  151,  228,    0,   -1
  260,19970815,  194,  123,  263,    0,    0
  260,19970816,  196,  116,  264,    0,    0
  260,19970817,  215,  149,  286,    0,    0
  260,19970818,  211,  136,  298,    0,    0
  260,19970819,  213,  118,  285,    0,    0
  260,19970820,  207,  136,  269,    0,    0
  260,19970821,  214,  146,  285,    0,    0
  260,19970822,  202,  189,  214,   70,  125
  260,19970823,  220,  190,  260,   19,   23
  260,19970824,  238,  192,  286,    8,  310
  260,19970825,  216,  179,  300,   14,  101
  260,19970826,  199,  172,  226,   16,   16
  260,19970827,  191,  158,  241,   11,  101
  260,19970828,  168,  129,  193,   46,   99
  260,19970829,  160,  125,  196,   16,   58
  260,19970830,  157,  116,  186,   62,   28
  260,19970831,  195,  157,  234,    0,   -1
  260,19970901,  185,  150,  226,   58,   93
  260,19970902,  164,  117,  213,   30,   41
  260,19970903,  168,   99,  228,    0,   -1
  260,19970904,  189,  154,  241,    6,    2
  260,19970905,  156,  111,  203,    0,    0
  260,19970906,  159,  100,  206,   10,   60
  260,19970907,  155,  122,  199,   74,   65
  260,19970908,  163,  130,  190,    0,   -1
  260,19970909,  152,  105,  185,    0,    0
  260,19970910,  128,   78,  182,    0,    0
  260,19970911,  137,   69,  182,    0,    0
  260,19970912,  158,  122,  196,   49,  181
  260,19970913,  120,   80,  160,   12,   17
  260,19970914,  128,   77,  176,    0,   -1
  260,19970915,  140,   92,  188,    0,    0
  260,19970916,  156,   87,  220,    0,    0
  260,19970917,  153,  111,  201,    0,    0
  260,19970918,  151,  101,  210,    0,    0
  260,19970919,  135,   73,  180,    0,   -1
  260,19970920,  105,   40,  164,    0,    0
  260,19970921,  107,   42,  171,    0,    0
  260,19970922,  122,   51,  194,    0,    0
  260,19970923,  127,   61,  176,    0,    0
  260,19970924,  136,   89,  171,    0,    0
  260,19970925,  144,   77,  213,    0,    0
  260,19970926,  142,   90,  213,    0,    0
  260,19970927,  117,   74,  154,    0,    0
  260,19970928,  107,   62,  180,    0,    0
  260,19970929,  125,   58,  179,    0,   -1
  260,19970930,  162,  135,  194,   60,   69
  260,19971001,  171,  155,  186,   79,   56
  260,19971002,  133,   79,  161,    0,   -1
  260,19971003,  120,   64,  162,    0,   -1
  260,19971004,  147,  124,  175,    0,   -1
  260,19971005,  141,  124,  168,    0,   -1
  260,19971006,  154,   91,  202,    0,   -1
  260,19971007,  153,  122,  199,   33,  193
  260,19971008,  150,  119,  180,  113,  122
  260,19971009,  173,  153,  187,   49,   79
  260,19971010,  143,  107,  161,   82,  263
  260,19971011,  121,   83,  148,   61,   50
  260,19971012,   93,   58,  136,    9,    3
  260,19971013,   90,   66,  122,   34,   56
  260,19971014,   88,   56,  122,   70,   75
  260,19971015,   74,   42,  102,   49,   30
  260,19971016,   73,   32,  108,   10,    2
  260,19971017,  126,   93,  168,    5,    2
  260,19971018,  126,   86,  197,    0,    0
  260,19971019,  123,   74,  193,    0,    0
  260,19971020,  100,   47,  128,    0,    0
  260,19971021,   50,    5,  100,    0,    0
  260,19971022,   30,  -20,  102,    0,    0
  260,19971023,   69,    3,  118,    0,   -1
  260,19971024,   63,   23,  108,    0,   -1
  260,19971025,   78,   37,  109,   15,    4
  260,19971026,   85,   55,  118,   29,   21
  260,19971027,   38,   -5,   72,    0,    0
  260,19971028,   11,  -33,   66,    0,    0
  260,19971029,    8,  -51,   79,    0,    0
  260,19971030,   38,  -30,  118,    0,    0
  260,19971031,   49,  -12,  116,    0,    0
  260,19971101,   21,  -11,   54,    0,    0
  260,19971102,   25,   -3,   43,    0,    0
  260,19971103,   58,   29,   99,    0,    0
  260,19971104,   48,    2,   83,   27,   21
  260,19971105,  106,   56,  152,    8,    4
  260,19971106,  110,   91,  131,   40,   20
  260,19971107,  104,   78,  128,   56,   47
  260,19971108,  100,   80,  131,    7,    2
  260,19971109,  100,   77,  124,    6,    2
  260,19971110,   90,   67,  122,   11,   13
  260,19971111,   74,   52,   92,   18,    6
  260,19971112,   53,    7,  102,    0,    0
  260,19971113,   56,   33,   71,    0,    0
  260,19971114,   64,   39,   81,    0,    0
  260,19971115,   93,   74,  108,   37,   18
  260,19971116,  105,   83,  115,    0,    0
  260,19971117,   65,   33,   90,    0,    0
  260,19971118,   50,   26,   84,    0,    0
  260,19971119,   38,   23,   55,    0,    0
  260,19971120,   35,    5,   70,   41,   38
  260,19971121,   81,   60,   94,    6,    3
  260,19971122,   70,   49,  103,    0,   -1
  260,19971123,   56,   48,   66,    0,   -1
  260,19971124,   28,   15,   50,    0,   -1
  260,19971125,   34,    6,   69,    0,    0
  260,19971126,   43,    9,   61,    0,   -1
  260,19971127,   46,   41,   57,  143,   68
  260,19971128,   70,   48,   94,   50,   57
  260,19971129,   96,   77,  117,   19,   13
  260,19971130,   77,   39,   90,    2,    1
  260,19971201,   31,   -6,   78,    0,    0
  260,19971202,   21,   10,   33,    6,    2
  260,19971203,   18,  -12,   58,    0,    0
  260,19971204,   11,  -39,   32,    0,    0
  260,19971205,   20,  -32,   49,   10,    8
  260,19971206,   36,   15,   61,   31,    9
  260,19971207,   30,   12,   58,    0,    0
  260,19971208,   60,   12,   90,    0,   -1
  260,19971209,   93,   81,  103,   32,  101
  260,19971210,  111,  101,  127,   96,  184
  260,19971211,  113,   93,  136,   29,   20
  260,19971212,   81,   44,  100,   56,   44
  260,19971213,   66,   21,   89,    0,   -1
  260,19971214,   57,   24,   85,    6,    3
  260,19971215,   17,  -14,   33,    0,    0
  260,19971216,  -33,  -59,  -13,    0,    0
  260,19971217,  -34,  -66,    3,    0,   -1
  260,19971218,   42,    2,   70,    0,   -1
  260,19971219,   68,   41,   97,   22,   11
  260,19971220,   37,    2,   66,    0,    0
  260,19971221,   32,   22,   38,   63,   18
  260,19971222,   29,   22,   34,    0,    0
  260,19971223,   39,   23,   63,   24,    7
  260,19971224,  108,   63,  124,   78,   78
  260,19971225,  102,   88,  128,   22,   49
  260,19971226,   80,   62,  100,   70,   97
  260,19971227,   64,   47,   80,   36,   55
  260,19971228,   53,   30,   71,   50,   61
  260,19971229,   56,   34,   78,   16,   16
  260,19971230,   56,   23,   81,    0,   -1
  260,19971231,   83,   48,  104,   38,   28
  260,19980101,   53,   20,   79,   10,   15
  260,19980102,   77,   58,   97,   72,  113
  260,19980103,   77,   58,  114,   70,  152
  260,19980104,   67,   48,   86,   35,   20
  260,19980105,   62,   38,   79,   72,  120
  260,19980106,   66,   53,   87,   14,   13
  260,19980107,   91,   60,  111,   45,   65
  260,19980108,   95,   69,  116,   29,   37
  260,19980109,  106,   69,  123,    0,    0
  260,19980110,   71,   42,  108,    0,    0
  260,19980111,   59,   14,  100,    0,    0
  260,19980112,   70,   42,  102,    0,    0
  260,19980113,   72,   39,   96,    0,    0
  260,19980114,   81,   48,  105,   48,   66
  260,19980115,   71,   40,   95,   23,   28
  260,19980116,   68,   52,   82,    9,    6
  260,19980117,   59,   33,   81,   16,    8
  260,19980118,   51,   38,   63,   76,   83
  260,19980119,   53,   18,   75,   62,   34
  260,19980120,   35,   -5,   49,   40,   17
  260,19980121,   -3,  -42,   22,    0,    0
  260,19980122,  -21,  -57,   12,    0,    0
  260,19980123,    0,  -31,   13,    0,   -1
  260,19980124,   26,    8,   48,    8,    2
  260,19980125,    9,  -19,   35,    0,    0
  260,19980126,  -12,  -50,   30,    0,    0
  260,19980127,  -12,  -66,   40,    0,    0
  260,19980128,   27,    4,   46,   21,    4
  260,19980129,   32,   16,   62,   19,    7
  260,19980130,   42,   16,   70,   14,    8
  260,19980131,   -3,  -48,   47,   12,    4
  260,19980201,  -53,  -91,  -16,    0,    0
  260,19980202,  -22, -102,   41,   26,   37
  260,19980203,   13,  -18,   58,    0,   -1
  260,19980204,   24,   -7,   53,    0,    0
  260,19980205,   42,   -5,   81,    0,    0
  260,19980206,   54,   42,   72,    0,    0
  260,19980207,   37,   13,   71,   29,   29
  260,19980208,   40,   -7,   70,    0,    0
  260,19980209,   58,   23,  105,    0,    0
  260,19980210,   62,   24,   99,    0,    0
  260,19980211,   84,   59,  106,    0,    0
  260,19980212,   98,   79,  126,    0,    0
  260,19980213,  107,   77,  162,    0,    0
  260,19980214,   96,   35,  152,    0,    0
  260,19980215,  106,   66,  151,    0,    0
  260,19980216,  102,   71,  125,   19,    6
  260,19980217,   64,   36,   86,    9,    2
  260,19980218,   59,    7,  118,    0,    0
  260,19980219,   81,   38,  118,    0,   -1
  260,19980220,  107,   85,  143,    0,    0
  260,19980221,   94,   70,  121,   34,   19
  260,19980222,   68,   38,   92,   10,   46
  260,19980223,   67,   12,  104,   31,   15
  260,19980224,   97,   82,  123,    0,    0
  260,19980225,   81,   35,  109,    0,    0
  260,19980226,   80,   67,   91,    0,   -1
  260,19980227,   84,   70,   98,    0,   -1
  260,19980228,   49,    6,   86,   57,   73
  260,19980301,   33,    5,   71,    7,    6
  260,19980302,   83,   36,  112,   50,   34
  260,19980303,  106,   76,  139,  150,  166
  260,19980304,   99,   53,  148,   45,   66
  260,19980305,   61,   38,   79,   83,  159
  260,19980306,   77,   47,  104,  196,  353
  260,19980307,   99,   75,  120,  102,  176
  260,19980308,   47,  -15,   83,   24,   29
  260,19980309,   25,  -25,   86,    3,    1
  260,19980310,   52,    7,   85,    0,   -1
  260,19980311,   33,    5,   58,  117,   94
  260,19980312,   34,  -16,   72,    4,    2
  260,19980313,   46,  -19,   88,   18,    6
  260,19980314,   78,   66,   99,   16,    6
  260,19980315,   87,   65,  119,    0,   -1
  260,19980316,   92,   79,  113,    0,    0
  260,19980317,   97,   82,  123,    0,   -1
  260,19980318,   86,   32,  119,    0,    0
  260,19980319,   60,   15,  107,    0,   -1
  260,19980320,   72,   36,   98,   33,    8
  260,19980321,   60,   23,  102,    0,    0
  260,19980322,   67,   35,   94,   13,   13
  260,19980323,   45,    5,   67,    5,    2
  260,19980324,   34,  -25,   89,    0,    0
  260,19980325,   65,    7,  121,    0,    0
  260,19980326,   67,   20,   98,   72,   37
  260,19980327,  103,   85,  118,   12,    7
  260,19980328,  118,  104,  144,    0,   -1
  260,19980329,  143,  101,  188,    0,    0
  260,19980330,  153,  126,  193,    0,    0
  260,19980331,  120,   73,  159,    0,    0
  260,19980401,  107,   68,  126,    8,   13
  260,19980402,  115,   91,  148,   55,   57
  260,19980403,  110,   72,  138,   56,  115
  260,19980404,  102,   78,  137,   36,   29
  260,19980405,   98,   74,  133,   12,   15
  260,19980406,   93,   54,  143,    5,    7
  260,19980407,   76,   22,  128,   61,   90
  260,19980408,   79,   40,  118,    8,   19
  260,19980409,   81,   30,  130,   21,   34
  260,19980410,   73,   43,  117,   17,   30
  260,19980411,   70,   27,  111,    5,    5
  260,19980412,   58,   33,   96,    7,    2
  260,19980413,   31,    3,   63,   90,  127
  260,19980414,   45,    5,   84,    7,    2
  260,19980415,   54,   24,   86,  116,  115
  260,19980416,   57,   17,  104,   14,   26
  260,19980417,   85,   37,  135,   33,    6
  260,19980418,   93,   71,  123,    4,    1
  260,19980419,   92,   68,  133,    8,    1
  260,19980420,   96,   73,  137,   31,   52
  260,19980421,  109,   56,  157,    0,   -1
  260,19980422,  146,   85,  205,    0,    0
  260,19980423,  148,   98,  217,   17,    7
  260,19980424,  124,  105,  149,   31,   21
  260,19980425,  123,   94,  147,   81,  128
  260,19980426,  109,   86,  146,    2,    1
  260,19980427,  101,   72,  148,   51,   61
  260,19980428,  112,   74,  158,    2,   11
  260,19980429,  115,   43,  169,    0,    0
  260,19980430,  122,   98,  154,    0,   -1
  260,19980501,  111,   89,  143,    0,   -1
  260,19980502,  104,   74,  123,    0,   -1
  260,19980503,   94,   75,  130,    0,    0
  260,19980504,   92,   63,  130,    0,    0
  260,19980505,  104,   70,  142,   28,    3
  260,19980506,  117,   96,  138,   68,   59
  260,19980507,  130,  100,  156,    0,   -1
  260,19980508,  166,   75,  232,    0,    0
  260,19980509,  184,  116,  265,    0,    0
  260,19980510,  206,  104,  281,    0,    0
  260,19980511,  232,  147,  303,    0,    0
  260,19980512,  241,  150,  320,    0,    0
  260,19980513,  226,  167,  289,    0,    0
  260,19980514,  195,  139,  255,    0,    0
  260,19980515,  187,  117,  252,    0,    0
  260,19980516,  165,  108,  217,    0,    0
  260,19980517,  163,   88,  222,    0,    0
  260,19980518,  171,   89,  240,    0,    0
  260,19980519,  157,   99,  216,    0,    0
  260,19980520,  135,   96,  190,    0,    0
  260,19980521,  120,   86,  160,    0,   -1
  260,19980522,  102,   61,  131,    0,    0
  260,19980523,  102,   29,  159,    5,    1
  260,19980524,  117,   98,  153,   49,   24
  260,19980525,  135,  100,  183,    4,    1
  260,19980526,  125,  101,  152,   73,  146
  260,19980527,  127,   88,  181,   28,   32
  260,19980528,  157,   90,  215,   20,   34
  260,19980529,  161,  127,  200,   50,  147
  260,19980530,  151,  101,  200,    0,   -1
  260,19980531,  154,  104,  201,    0,   -1
  260,19980601,  165,  110,  216,    0,    0
  260,19980602,  169,  133,  221,   15,   24
  260,19980603,  157,  126,  203,   21,   31
  260,19980604,  140,  101,  173,    0,   -1
  260,19980605,  135,   78,  164,   32,   55
  260,19980606,  179,  145,  263,   35,  483
  260,19980607,  162,  131,  196,   59,  107
  260,19980608,  162,  133,  189,    9,    2
  260,19980609,  162,  145,  180,  103,  116
  260,19980610,  148,   95,  191,   24,   83
  260,19980611,  135,   95,  182,   57,  266
  260,19980612,  103,   53,  143,   88,  117
  260,19980613,  127,   37,  174,    0,   -1
  260,19980614,  133,  111,  164,   76,   60
  260,19980615,  140,   97,  194,   22,   75
  260,19980616,  138,   97,  174,    6,    5
  260,19980617,  144,  113,  180,   13,    8
  260,19980618,  140,  121,  158,   92,  112
  260,19980619,  177,  139,  227,    7,    2
  260,19980620,  216,  126,  280,    0,    0
  260,19980621,  226,  168,  297,   10,    2
  260,19980622,  171,  138,  201,    0,    0
  260,19980623,  156,  137,  188,   35,   20
  260,19980624,  190,  159,  228,    0,   -1
  260,19980625,  181,  123,  239,   25,   32
  260,19980626,  160,   89,  224,    0,   -1
  260,19980627,  166,  130,  217,   37,  142
  260,19980628,  158,  124,  199,   21,   36
  260,19980629,  155,  130,  190,    1,    1
  260,19980630,  148,  128,  184,   53,   35
  260,19980701,  154,  114,  191,    0,   -1
  260,19980702,  150,  119,  185,   20,    8
  260,19980703,  146,  126,  170,    0,    0
  260,19980704,  158,  124,  196,    0,   -1
  260,19980705,  165,  145,  188,   13,    9
  260,19980706,  158,   99,  205,   10,    1
  260,19980707,  133,  102,  171,   14,   27
  260,19980708,  145,  109,  180,   15,   12
  260,19980709,  158,  149,  173,   30,   13
  260,19980710,  161,  119,  196,    0,   -1
  260,19980711,  165,  138,  194,   15,    6
  260,19980712,  164,  134,  184,  151,  127
  260,19980713,  157,  104,  187,    4,   11
  260,19980714,  141,  117,  160,   18,   22
  260,19980715,  152,  121,  188,   47,   82
  260,19980716,  148,   91,  191,   14,    6
  260,19980717,  150,   76,  196,   10,   17
  260,19980718,  156,  129,  198,    0,   -1
  260,19980719,  174,  117,  228,    0,    0
  260,19980720,  230,  129,  305,    2,    1
  260,19980721,  198,  136,  234,   14,   27
  260,19980722,  180,  120,  235,    0,    0
  260,19980723,  191,  160,  228,    8,   29
  260,19980724,  165,  105,  210,    0,    0
  260,19980725,  155,   93,  212,    0,    0
  260,19980726,  169,   89,  230,    0,    0
  260,19980727,  184,  118,  251,    0,   -1
  260,19980728,  169,  131,  204,    3,   27
  260,19980729,  160,  139,  191,   34,   81
  260,19980730,  157,  128,  200,   59,  188
  260,19980731,  160,  117,  204,   28,  100
  260,19980801,  154,  106,  204,    0,   -1
  260,19980802,  163,  117,  200,    0,    0
  260,19980803,  177,   93,  230,    1,    1
  260,19980804,  170,  145,  197,   53,   41
  260,19980805,  165,  109,  199,    0,    0
  260,19980806,  180,   98,  244,    0,    0
  260,19980807,  197,  130,  250,    0,    0
  260,19980808,  203,  122,  279,    0,    0
  260,19980809,  189,  141,  242,    0,    0
  260,19980810,  223,  125,  309,    0,    0
  260,19980811,  227,  159,  302,    0,    0
  260,19980812,  201,  141,  278,    0,   -1
  260,19980813,  163,  111,  200,    0,    0
  260,19980814,  185,  136,  237,    0,   -1
  260,19980815,  174,   94,  230,    0,   -1
  260,19980816,  155,   70,  228,    0,    0
  260,19980817,  178,  113,  232,    0,    0
  260,19980818,  178,  104,  231,   12,    8
  260,19980819,  152,   75,  212,    0,    0
  260,19980820,  169,   91,  232,    0,   -1
  260,19980821,  160,  133,  192,   70,  129
  260,19980822,  143,  106,  187,   23,   91
  260,19980823,  144,   98,  177,   65,  150
  260,19980824,  147,  119,  168,   42,  107
  260,19980825,  143,  102,  181,    0,    0
  260,19980826,  124,   91,  141,   79,  145
  260,19980827,  120,   84,  162,   27,   30
  260,19980828,  126,   96,  156,    0,   -1
  260,19980829,  136,   93,  177,    0,   -1
  260,19980830,  137,   88,  189,   48,   14
  260,19980831,  132,   71,  184,    0,    0
  260,19980901,  154,  117,  197,   31,   63
  260,19980902,  170,  138,  199,   35,   63
  260,19980903,  180,  157,  205,   59,  192
  260,19980904,  171,  146,  210,   30,   24
  260,19980905,  168,  138,  209,   45,   48
  260,19980906,  167,  126,  207,    0,   -1
  260,19980907,  175,  145,  221,   34,   25
  260,19980908,  169,  142,  201,   33,   34
  260,19980909,  173,  146,  215,   44,  106
  260,19980910,  174,  138,  218,    1,    1
  260,19980911,  147,  122,  189,   30,   31
  260,19980912,  120,   79,  158,   51,   54
  260,19980913,   83,   48,  109,   73,  118
  260,19980914,  102,   27,  131,  166,  439
  260,19980915,  140,  114,  164,   42,   25
  260,19980916,  133,  110,  159,   52,   95
  260,19980917,  131,  112,  157,   37,   39
  260,19980918,  138,   61,  192,    0,   -1
  260,19980919,  166,  133,  222,   20,   32
  260,19980920,  163,  124,  206,    0,    0
  260,19980921,  146,   98,  202,    0,    0
  260,19980922,  136,  100,  185,    0,    0
  260,19980923,  131,   77,  195,    0,    0
  260,19980924,  146,   95,  202,    0,    0
  260,19980925,  172,  139,  225,    0,   -1
  260,19980926,  173,  126,  222,    4,    3
  260,19980927,  158,  122,  206,    6,    3
  260,19980928,  146,  104,  199,    0,    0
  260,19980929,  143,  102,  183,   11,   57
  260,19980930,  139,  124,  155,   38,   37
  260,19981001,  120,   91,  141,    0,   -1
  260,19981002,   71,   46,   91,    0,   -1
  260,19981003,   55,   37,   61,    3,    1
  260,19981004,   69,   56,   89,   58,   37
  260,19981005,   77,   61,   90,   38,   15
  260,19981006,   82,   70,  111,   12,   19
  260,19981007,   78,   68,   88,   45,   62
  260,19981008,   84,   65,   95,  102,  144
  260,19981009,   81,   26,  114,   22,   23
  260,19981010,  116,   94,  152,   50,   58
  260,19981011,  112,   88,  139,   60,   67
  260,19981012,  108,   89,  132,   24,   45
  260,19981013,  107,   60,  138,   53,   17
  260,19981014,  137,   86,  165,  103,   51
  260,19981015,  110,   77,  151,    0,   -1
  260,19981016,  124,   82,  154,    0,   -1
  260,19981017,  131,   98,  156,   46,   97
  260,19981018,   66,   11,  114,    8,   16
  260,19981019,   57,  -11,  125,    7,   15
  260,19981020,   78,   51,  115,   29,   33
  260,19981021,  118,   89,  150,   43,   30
  260,19981022,  155,  142,  172,    7,    2
  260,19981023,  145,   97,  161,   79,   82
  260,19981024,  109,   87,  130,   69,  226
  260,19981025,  110,   87,  126,   61,   99
  260,19981026,   78,   47,  101,   35,   50
  260,19981027,  113,   43,  149,  139,  158
  260,19981028,  127,  110,  155,   84,  144
  260,19981029,   98,   78,  119,   31,   35
  260,19981030,   69,   38,   93,   75,  133
  260,19981031,   71,   52,   84,  127,  134
  260,19981101,   69,   48,  107,   70,  183
  260,19981102,   68,   41,   88,   62,  100
  260,19981103,   72,   60,   89,  143,  345
  260,19981104,   58,   29,   88,   55,  125
  260,19981105,   69,   31,  104,   91,  105
  260,19981106,   79,   13,  117,    4,    6
  260,19981107,   52,   -1,  104,    0,    0
  260,19981108,   69,   31,  116,   54,   91
  260,19981109,  124,   98,  154,   82,   85
  260,19981110,   90,   42,  113,   29,   28
  260,19981111,   61,   22,  114,   14,   12
  260,19981112,   49,   21,   70,    0,    0
  260,19981113,   69,   56,   85,   96,   67
  260,19981114,   59,   52,   67,  104,   38
  260,19981115,   62,   43,   86,   47,   34
  260,19981116,   33,    4,   71,    0,   -1
  260,19981117,   17,  -18,   72,    0,    0
  260,19981118,   19,  -25,   47,   55,   40
  260,19981119,   -6,  -45,   33,    0,    0
  260,19981120,  -28,  -62,   24,    0,    0
  260,19981121,  -22,  -55,   18,    0,    0
  260,19981122,  -41,  -81,  -12,    0,    0
  260,19981123,  -51,  -85,   -5,    0,    0
  260,19981124,  -34,  -78,   -7,    0,   -1
  260,19981125,    4,   -9,   16,    4,    1
  260,19981126,   33,    0,   71,   45,   68
  260,19981127,   60,   30,   86,    9,    6
  260,19981128,   35,   15,   53,   31,   17
  260,19981129,   26,   11,   33,   63,   49
  260,19981130,    8,   -6,   20,    0,   -1
  260,19981201,   -3,  -22,   13,    0,    0
  260,19981202,  -23,  -35,  -12,    0,    0
  260,19981203,  -15,  -23,   -7,    0,   -1
  260,19981204,    9,  -12,   62,   37,   33
  260,19981205,   13,   -8,   47,   45,   18
  260,19981206,   16,  -17,   55,   11,    8
  260,19981207,   -7,  -54,   41,    6,    7
  260,19981208,  -12,  -56,   12,   20,   12
  260,19981209,   27,   12,   37,   83,   49
  260,19981210,   33,   27,   40,    0,    0
  260,19981211,   45,   20,   78,   28,   10
  260,19981212,   93,   61,  133,   88,  121
  260,19981213,   90,   71,  129,    0,   -1
  260,19981214,  107,   78,  126,   25,   33
  260,19981215,  105,   70,  118,  101,  127
  260,19981216,   69,   53,   97,    0,    0
  260,19981217,   56,   33,   82,    0,    0
  260,19981218,   64,   50,   78,   16,   16
  260,19981219,   64,   43,   83,   68,  101
  260,19981220,   25,  -10,   60,    3,    2
  260,19981221,   22,  -14,   53,    0,   -1
  260,19981222,   43,   13,   68,    9,    3
  260,19981223,   52,   38,   61,    0,   -1
  260,19981224,   36,   10,   69,   34,   30
  260,19981225,   80,   45,  100,  122,   74
  260,19981226,   84,   56,  115,   52,   51
  260,19981227,   93,   59,  117,   52,   43
  260,19981228,   74,   41,  100,   44,   36
  260,19981229,   43,   17,   64,    0,    0
  260,19981230,   65,   45,  103,    0,    0
  260,19981231,   66,   37,  106,    0,   -1
  260,19990101,   58,   34,   88,    0,   -1
  260,19990102,   64,   45,   86,   44,   78
  260,19990103,   56,   35,   82,   47,  113
  260,19990104,  101,   55,  130,   53,   50
  260,19990105,  115,   85,  135,   14,   11
  260,19990106,  101,   78,  131,    0,    0
  260,19990107,   71,   52,  114,   32,   42
  260,19990108,   58,   30,   75,   38,   51
  260,19990109,   25,  -15,   52,    0,   -1
  260,19990110,  -13,  -43,   20,    0,    0
  260,19990111,  -18,  -35,   14,    0,   -1
  260,19990112,    2,  -21,   20,   54,   71
  260,19990113,   36,    1,   55,   68,   76
  260,19990114,   61,   48,   74,   30,   26
  260,19990115,   84,   73,   94,   51,   24
  260,19990116,   77,   50,  111,  113,  113
  260,19990117,   54,   33,   76,    0,    0
  260,19990118,   46,   15,   76,    0,    0
  260,19990119,   80,   55,  100,   19,   14
  260,19990120,  100,   81,  121,   33,   13
  260,19990121,   82,   60,  100,   20,    8
  260,19990122,   22,  -31,   67,    0,    0
  260,19990123,   37,  -29,   61,    0,   -1
  260,19990124,   71,   42,   85,   21,   14
  260,19990125,  103,   69,  122,   46,   41
  260,19990126,   57,   34,   79,   48,  108
  260,19990127,   51,   35,   84,   51,   69
  260,19990128,   51,    8,   69,   53,   38
  260,19990129,   -6,  -55,   16,    0,    0
  260,19990130,  -29,  -71,   36,    0,    0
  260,19990131,   16,  -48,   60,    0,   -1
  260,19990201,   59,   42,   75,    9,    6
  260,19990202,   59,   46,   77,    0,   -1
  260,19990203,   71,   49,   91,    5,    2
  260,19990204,   94,   76,  109,    9,    5
  260,19990205,   59,   20,   82,   36,   34
  260,19990206,   33,   13,   58,   61,   65
  260,19990207,   14,  -13,   48,   52,   61
  260,19990208,   -2,  -41,   34,   67,   66
  260,19990209,  -25,  -42,   -2,   15,   14
  260,19990210,    3,  -29,   46,   34,   26
  260,19990211,  -14,  -65,   27,    0,   -1
  260,19990212,  -40,  -83,   17,    0,    0
  260,19990213,  -40,  -96,   24,    0,    0
  260,19990214,  -48, -103,   -3,   38,   26
  260,19990215,   12,   -3,   26,    7,    2
  260,19990216,   56,   26,   75,   26,   34
  260,19990217,   21,  -11,   58,   44,   37
  260,19990218,   37,    6,   70,   33,    6
  260,19990219,   82,   43,  103,   73,   62
  260,19990220,   58,   35,   85,    0,    0
  260,19990221,   56,   35,   78,   49,   63
  260,19990222,   28,    8,   60,   67,   96
  260,19990223,   38,   13,   77,   40,   55
  260,19990224,   20,  -19,   69,    4,    1
  260,19990225,   29,  -31,   63,    0,   -1
  260,19990226,   67,   50,   79,   23,   16
  260,19990227,   58,   47,   70,   31,   19
  260,19990228,   71,   36,  100,   16,    8
  260,19990301,   85,   47,  121,  131,  299
  260,19990302,   98,   55,  131,  110,  183
  260,19990303,   84,   57,  116,    5,   24
  260,19990304,   68,   54,   95,    5,    2
  260,19990305,   56,   32,   79,   10,    4
  260,19990306,   46,   38,   65,   30,   40
  260,19990307,   38,   28,   48,   33,   15
  260,19990308,   45,   37,   62,   71,   26
  260,19990309,   45,   40,   50,   32,   15
  260,19990310,   38,  -12,   72,    4,    6
  260,19990311,   30,  -34,   78,    0,    0
  260,19990312,   89,   32,  146,    0,    0
  260,19990313,  108,   65,  165,    0,    0
  260,19990314,   75,   16,  132,    0,    0
  260,19990315,   58,   -2,  124,    0,    0
  260,19990316,   66,   -8,  122,    0,   -1
  260,19990317,   72,   46,  109,   30,   13
  260,19990318,   70,   28,  124,   30,   52
  260,19990319,   61,   25,  105,    3,    6
  260,19990320,   64,   26,   89,   13,    2
  260,19990321,   63,   55,   76,   55,   49
  260,19990322,   55,   40,   72,   40,   28
  260,19990323,   80,   44,   91,   50,   36
  260,19990324,   84,   38,  106,    0,    0
  260,19990325,  106,   39,  162,    3,    3
  260,19990326,  102,   71,  137,   45,   40
  260,19990327,   69,   16,  127,    0,    0
  260,19990328,   62,   21,  122,    0,    0
  260,19990329,   99,   21,  154,    0,    0
  260,19990330,  124,   92,  166,   22,   17
  260,19990331,  133,   69,  193,    0,    0
  260,19990401,  135,   70,  192,    0,    0
  260,19990402,  139,   87,  208,    0,    0
  260,19990403,  113,   74,  152,   92,   91
  260,19990404,   93,   66,  119,    0,    0
  260,19990405,  121,   70,  150,   12,   11
  260,19990406,  121,  105,  147,    5,    8
  260,19990407,   96,   72,  122,   14,   35
  260,19990408,   79,   26,  106,    0,    0
  260,19990409,   99,   27,  137,    5,    1
  260,19990410,  106,   90,  126,   15,   12
  260,19990411,   91,   67,  118,    0,   -1
  260,19990412,   83,   63,  123,   89,   96
  260,19990413,   59,    6,  101,   53,  103
  260,19990414,   43,    4,   87,   26,   49
  260,19990415,   35,  -11,   93,   12,    6
  260,19990416,   52,    4,  112,    0,   -1
  260,19990417,   43,  -13,   94,   18,   41
  260,19990418,   55,    5,  108,    3,    4
  260,19990419,   57,   -6,  104,    0,   -1
  260,19990420,   89,   -4,  141,   26,   19
  260,19990421,  125,   93,  179,   50,  105
  260,19990422,  109,   74,  146,   23,   39
  260,19990423,  120,   48,  172,    0,    0
  260,19990424,  119,   92,  147,    0,   -1
  260,19990425,  129,   69,  179,    0,    0
  260,19990426,  155,  108,  208,    0,    0
  260,19990427,  135,   93,  186,    0,    0
  260,19990428,  124,   82,  184,    0,    0
  260,19990429,  112,   60,  164,    0,   -1
  260,19990430,  115,   34,  191,    0,    0
  260,19990501,  113,   71,  173,    0,    0
  260,19990502,  122,   73,  187,    0,    0
  260,19990503,  128,   53,  189,    0,    0
  260,19990504,  131,   63,  191,    0,    0
  260,19990505,  125,   98,  163,   81,   93
  260,19990506,  119,  102,  141,   54,   70
  260,19990507,  153,  104,  206,   19,   46
  260,19990508,  149,  122,  181,    0,   -1
  260,19990509,  156,  106,  213,    0,    0
  260,19990510,  148,  106,  194,   16,   62
  260,19990511,  143,  112,  180,   20,   26
  260,19990512,  134,  108,  173,    6,   13
  260,19990513,  128,   75,  168,   12,   27
  260,19990514,  121,   70,  178,   10,   33
  260,19990515,  107,   75,  140,   12,    8
  260,19990516,  101,   31,  150,    0,    0
  260,19990517,  132,   80,  177,    0,    0
  260,19990518,  166,  105,  223,    0,    0
  260,19990519,  178,  124,  230,    0,   -1
  260,19990520,  154,  105,  201,   34,   31
  260,19990521,  157,  108,  212,    7,   10
  260,19990522,  122,   94,  148,   20,   12
  260,19990523,  140,   97,  182,    0,    0
  260,19990524,  139,  120,  170,    0,   -1
  260,19990525,  133,   61,  177,    0,    0
  260,19990526,  134,   46,  202,    0,    0
  260,19990527,  196,   72,  271,    0,    0
  260,19990528,  185,  116,  223,    0,   -1
  260,19990529,  198,   91,  281,   17,   32
  260,19990530,  153,  111,  197,   26,   37
  260,19990531,  138,  101,  185,   20,   18
  260,19990601,  157,   79,  216,    0,    0
  260,19990602,  180,  114,  253,   17,   71
  260,19990603,  161,  122,  217,   18,   16
  260,19990604,  142,  113,  180,   21,   67
  260,19990605,  125,  102,  159,   87,  161
  260,19990606,  133,   78,  173,   19,   61
  260,19990607,  127,   81,  194,   33,  159
  260,19990608,  129,   98,  169,    4,    5
  260,19990609,  134,   80,  182,    5,    4
  260,19990610,  137,   75,  187,    0,   -1
  260,19990611,  127,   95,  171,   18,    7
  260,19990612,  132,   83,  175,    0,    0
  260,19990613,  162,   86,  217,    0,   -1
  260,19990614,  173,  116,  239,    0,    0
  260,19990615,  175,  104,  229,    0,    0
  260,19990616,  187,  117,  245,    0,    0
  260,19990617,  168,  108,  242,    0,   -1
  260,19990618,  136,   66,  187,    0,    0
  260,19990619,  159,   47,  231,    0,    0
  260,19990620,  144,  103,  165,   33,   40
  260,19990621,  120,   73,  168,   11,    6
  260,19990622,  122,   60,  180,    7,   17
  260,19990623,  135,   51,  188,    3,    1
  260,19990624,  144,   82,  200,   16,    8
  260,19990625,  143,   64,  199,    0,    0
  260,19990626,  173,   78,  237,    0,    0
  260,19990627,  181,  138,  233,   17,  101
  260,19990628,  151,  110,  190,   23,   16
  260,19990629,  168,  148,  211,   41,  150
  260,19990630,  165,  106,  219,    7,    2
  260,19990701,  157,  121,  183,   11,   12
  260,19990702,  182,  142,  232,    0,   -1
  260,19990703,  202,  140,  272,    3,   11
  260,19990704,  192,  129,  241,   26,   97
  260,19990705,  173,  155,  193,   56,  153
  260,19990706,  177,  132,  220,    0,    0
  260,19990707,  178,  114,  234,    2,    5
  260,19990708,  188,  148,  230,    0,    0
  260,19990709,  197,  124,  249,    0,    0
  260,19990710,  215,  140,  271,    0,    0
  260,19990711,  234,  179,  286,    0,    0
  260,19990712,  228,  174,  281,    0,    0
  260,19990713,  198,  160,  244,    0,    0
  260,19990714,  170,  132,  200,   15,   11
  260,19990715,  165,  111,  210,    0,   -1
  260,19990716,  171,   95,  228,    0,    0
  260,19990717,  184,  122,  243,    0,    0
  260,19990718,  218,  121,  292,    0,    0
  260,19990719,  223,  151,  295,    0,   -1
  260,19990720,  208,  165,  255,    5,    5
  260,19990721,  170,  144,  220,   21,   16
  260,19990722,  147,  124,  176,   51,   55
  260,19990723,  154,  128,  193,    0,   -1
  260,19990724,  200,  147,  260,    0,    0
  260,19990725,  202,  131,  280,    0,    0
  260,19990726,  170,  126,  212,    0,    0
  260,19990727,  163,   85,  213,    0,    0
  260,19990728,  190,  113,  258,    0,    0
  260,19990729,  216,  122,  280,    0,    0
  260,19990730,  231,  143,  296,    0,    0
  260,19990731,  228,  146,  306,    0,   -1
  260,19990801,  228,  132,  314,    0,    0
  260,19990802,  238,  142,  314,    0,    0
  260,19990803,  220,  159,  290,    0,    0
  260,19990804,  219,  139,  282,    0,    0
  260,19990805,  206,  142,  247,   14,   37
  260,19990806,  209,  117,  281,    0,    0
  260,19990807,  178,  153,  193,  100,  279
  260,19990808,  177,  151,  214,   17,   19
  260,19990809,  186,  144,  241,    5,    1
  260,19990810,  173,  151,  218,   74,  172
  260,19990811,  155,   95,  194,    0,   -1
  260,19990812,  142,   85,  196,    0,    0
  260,19990813,  166,   93,  221,    0,    0
  260,19990814,  161,  126,  193,   68,  112
  260,19990815,  159,  121,  199,    0,   -1
  260,19990816,  152,  111,  192,   25,   44
  260,19990817,  148,  104,  182,    9,    7
  260,19990818,  160,  138,  222,   29,   32
  260,19990819,  153,  136,  192,   65,  167
  260,19990820,  156,  113,  198,   21,   27
  260,19990821,  135,   76,  189,    5,    3
  260,19990822,  125,   60,  179,    0,    0
  260,19990823,  144,   69,  201,    0,    0
  260,19990824,  171,   98,  220,    0,   -1
  260,19990825,  226,  177,  274,    0,    0
  260,19990826,  202,  163,  254,    8,   39
  260,19990827,  173,  134,  212,    0,    0
  260,19990828,  167,   99,  226,    0,    0
  260,19990829,  165,   91,  241,    0,    0
  260,19990830,  166,  105,  237,    0,    0
  260,19990831,  165,  106,  213,    0,   -1
  260,19990901,  172,  127,  201,    0,   -1
  260,19990902,  178,  112,  240,    0,    0
  260,19990903,  185,  102,  252,    0,    0
  260,19990904,  185,  122,  256,    0,    0
  260,19990905,  193,  118,  270,    0,    0
  260,19990906,  186,  117,  259,    5,    9
  260,19990907,  178,  132,  232,    0,    0
  260,19990908,  185,  121,  249,    0,    0
  260,19990909,  181,  127,  245,    0,    0
  260,19990910,  191,  152,  253,    0,    0
  260,19990911,  218,  161,  293,    0,    0
  260,19990912,  198,  144,  270,    0,    0
  260,19990913,  189,  141,  254,    0,    0
  260,19990914,  184,  170,  204,    0,   -1
  260,19990915,  173,  133,  220,   53,  164
  260,19990916,  161,  114,  211,    0,   -1
  260,19990917,  152,  100,  201,    0,    0
  260,19990918,  147,   87,  206,    0,    0
  260,19990919,  179,  120,  229,    0,   -1
  260,19990920,  176,  147,  209,   15,    4
  260,19990921,  152,  127,  189,    5,    7
  260,19990922,  170,  142,  220,   13,   90
  260,19990923,  184,  156,  227,   16,   47
  260,19990924,  173,  139,  226,   27,   86
  260,19990925,  163,  126,  213,    0,   -1
  260,19990926,  153,  123,  191,   10,   14
  260,19990927,  145,  116,  168,   37,   38
  260,19990928,  148,  131,  177,    5,    4
  260,19990929,  160,  138,  192,   42,   76
  260,19990930,  146,  122,  186,   42,  140
  260,19991001,  140,  114,  161,    8,    5
  260,19991002,  127,   91,  168,   23,   28
  260,19991003,  104,   85,  137,   42,  157
  260,19991004,  101,   72,  144,   64,   82
  260,19991005,   93,   53,  145,    8,   10
  260,19991006,  102,   70,  145,    0,   -1
  260,19991007,  104,   44,  143,   11,    9
  260,19991008,  129,  101,  152,   48,   33
  260,19991009,  149,  135,  162,    6,    5
  260,19991010,  151,  133,  171,   51,   16
  260,19991011,  123,   61,  163,    9,    7
  260,19991012,   96,   45,  159,    0,    0
  260,19991013,   86,   37,  153,    0,    0
  260,19991014,  106,   34,  156,    0,   -1
  260,19991015,  104,   65,  135,    0,    0
  260,19991016,   82,   41,  145,    0,    0
  260,19991017,   65,   22,  119,    0,    0
  260,19991018,   60,   21,  110,    0,    0
  260,19991019,   58,   23,  102,    0,    0
  260,19991020,   58,   21,  105,    0,    0
  260,19991021,   55,   29,   90,   12,    7
  260,19991022,  107,   84,  127,   30,   16
  260,19991023,  135,   89,  178,    7,   17
  260,19991024,  124,   98,  150,    8,    3
  260,19991025,  122,  109,  144,   11,    5
  260,19991026,  128,  106,  154,    3,    1
  260,19991027,  117,   88,  148,    0,    0
  260,19991028,  111,   84,  153,    0,   -1
  260,19991029,   99,   79,  119,    0,    0
  260,19991030,  141,  105,  186,   13,   26
  260,19991031,  117,   95,  150,    0,   -1
  260,19991101,  131,   89,  171,    9,   12
  260,19991102,  110,   28,  148,    3,    1
  260,19991103,   86,   16,  137,    0,    0
  260,19991104,   83,   18,  128,    0,    0
  260,19991105,   82,   28,  113,   19,   15
  260,19991106,   85,   71,  102,  155,  156
  260,19991107,   99,   58,  129,   36,   54
  260,19991108,   93,   60,  113,   33,   22
  260,19991109,   96,   59,  122,   13,    7
  260,19991110,   86,   54,  116,    0,   -1
  260,19991111,   63,   18,   96,    0,    0
  260,19991112,   34,    0,   83,    0,    0
  260,19991113,   37,  -38,   92,    9,    4
  260,19991114,   78,   15,  107,   17,    6
  260,19991115,    2,  -41,   61,    0,    0
  260,19991116,    2,  -38,   38,   32,   12
  260,19991117,   37,   14,   71,   48,   50
  260,19991118,   21,   -2,   60,   67,   98
  260,19991119,   28,    9,   42,   15,   16
  260,19991120,   17,  -12,   40,   21,   16
  260,19991121,   15,  -11,   48,   27,    5
  260,19991122,   57,   20,   83,   48,   31
  260,19991123,   76,   41,  108,    6,    4
  260,19991124,   87,   70,  101,    0,    0
  260,19991125,   89,   77,  101,   36,   43
  260,19991126,   83,   50,  106,    0,   -1
  260,19991127,   72,   50,  104,   30,   44
  260,19991128,   92,   63,  112,    0,    0
  260,19991129,   84,   70,  103,    0,   -1
  260,19991130,   87,   65,  112,    0,   -1
  260,19991201,  100,   75,  117,    8,    8
  260,19991202,   74,   55,   88,    0,   -1
  260,19991203,   79,   55,   99,   26,   57
  260,19991204,   43,    8,   73,   26,   33
  260,19991205,   32,   -9,   79,   11,   11
  260,19991206,   77,   32,  104,   35,   19
  260,19991207,   91,   67,  103,   75,  141
  260,19991208,   76,   46,  106,   20,   26
  260,19991209,   76,   54,   95,   20,   30
  260,19991210,   64,   43,   93,   49,   80
  260,19991211,   82,   44,  116,   78,  146
  260,19991212,   78,   49,  108,   74,   83
  260,19991213,   56,   43,   81,   73,  119
  260,19991214,   24,   10,   44,   39,   45
  260,19991215,    6,  -18,   27,   33,   31
  260,19991216,   14,  -41,   52,    7,    2
  260,19991217,   53,   38,   75,   87,   72
  260,19991218,   26,   -3,   60,    0,    0
  260,19991219,    3,  -30,   39,   22,   15
  260,19991220,   12,  -31,   49,    0,   -1
  260,19991221,    1,  -15,   21,    0,    0
  260,19991222,    1,  -22,   28,   36,   23
  260,19991223,   60,   28,   85,   22,   28
  260,19991224,   76,   45,   99,   87,  156
  260,19991225,   70,   45,  105,   21,   26
  260,19991226,   52,   31,   75,   78,  148
  260,19991227,   38,   -2,   72,   40,  111
  260,19991228,   15,   -9,   59,    5,   10
  260,19991229,   32,    5,   62,   12,   10
  260,19991230,   29,   14,   40,   41,   25
  260,19991231,   39,   32,   47,    0,   -1
  260,20000101,   61,   35,   81,   20,   10
  260,20000102,   73,   54,   87,    0,   -1
  260,20000103,   84,   64,   96,   64,   45
  260,20000104,   64,   43,   94,   82,  109
  260,20000105,   44,   14,   74,    0,    0
  260,20000106,   72,   42,   91,   19,   19
  260,20000107,   61,   43,   74,    0,    0
  260,20000108,   54,    8,   81,   27,   17
  260,20000109,    8,  -26,   70,    0,    0
  260,20000110,   -8,  -40,   43,    0,    0
  260,20000111,   21,  -12,   44,    0,    0
  260,20000112,    7,   -6,   26,    0,    0
  260,20000113,   20,   -9,   36,    0,   -1
  260,20000114,   29,   15,   40,    0,   -1
  260,20000115,   32,   20,   54,    0,   -1
  260,20000116,   54,   27,   69,    9,    3
  260,20000117,   64,   48,   75,    1,    1
  260,20000118,   66,   41,   86,   10,    3
  260,20000119,   39,   13,   56,    3,    1
  260,20000120,   52,   36,   61,   31,   15
  260,20000121,   52,   23,   78,    3,    1
  260,20000122,   47,   30,   61,   52,   53
  260,20000123,   11,  -40,   44,    0,   -1
  260,20000124,  -28,  -77,    9,    0,    0
  260,20000125,    5,  -14,   28,    0,    0
  260,20000126,   24,  -11,   55,    0,   -1
  260,20000127,   24,    5,   38,    0,   -1
  260,20000128,   32,   -4,   59,   18,    3
  260,20000129,   90,   55,  113,   65,   95
  260,20000130,   91,   72,  103,    1,    1
  260,20000131,   97,   87,  108,   30,   36
  260,20000201,   90,   76,  102,   21,   14
  260,20000202,   74,   60,   90,   71,   74
  260,20000203,   64,   34,   91,    0,   -1
  260,20000204,   76,   56,   92,   33,   23
  260,20000205,   84,   61,  118,    0,   -1
  260,20000206,   76,   54,   89,   13,    6
  260,20000207,   79,   63,   94,   68,   69
  260,20000208,   86,   63,  119,   43,   63
  260,20000209,   65,   49,   85,    0,   -1
  260,20000210,   58,   35,   82,   61,   95
  260,20000211,   46,    5,   89,    0,    0
  260,20000212,   45,   21,   69,   34,   41
  260,20000213,   52,   15,   83,    0,   -1
  260,20000214,   45,   -8,   80,   32,   25
  260,20000215,   66,   43,   91,   29,   18
  260,20000216,   37,    3,   63,   66,  145
  260,20000217,   36,    9,   79,   17,   10
  260,20000218,   49,    8,   84,   78,   72
  260,20000219,   48,   13,   68,   13,    9
  260,20000220,   22,  -28,   78,    0,   -1
  260,20000221,   22,  -37,   60,   14,    6
  260,20000222,   28,   -7,   65,    0,    0
  260,20000223,   51,  -15,  100,    0,   -1
  260,20000224,   78,   43,   97,   94,  119
  260,20000225,   54,   29,   92,   51,  112
  260,20000226,   34,   -7,   95,    0,    0
  260,20000227,   76,    6,  123,    0,    0
  260,20000228,   92,   53,  127,   25,   12
  260,20000229,   65,   39,   88,   65,  111
  260,20000301,   53,   26,   82,   23,   32
  260,20000302,   49,   14,   82,  100,  162
  260,20000303,   69,   33,  102,   71,  140
  260,20000304,   19,   -2,   54,   32,   39
  260,20000305,   32,   -4,   75,    5,    7
  260,20000306,   63,   31,   84,    0,   -1
  260,20000307,   96,   75,  129,   37,   31
  260,20000308,  111,   95,  129,   50,  118
  260,20000309,  107,   64,  136,   29,   33
  260,20000310,   65,    7,   99,   26,   10
  260,20000311,   87,   53,  116,   39,   12
  260,20000312,   77,   39,  123,    0,    0
  260,20000313,   77,   39,  103,    0,   -1
  260,20000314,   78,   36,  102,   56,   44
  260,20000315,   60,   20,   87,    9,    2
  260,20000316,   80,   49,  104,    5,    2
  260,20000317,   82,   47,  108,    0,   -1
  260,20000318,   70,   55,   91,   44,   37
  260,20000319,   58,   14,  104,   10,    1
  260,20000320,   51,  -11,  109,    0,    0
  260,20000321,   60,   14,  101,    0,    0
  260,20000322,   72,   -7,  158,    0,    0
  260,20000323,   72,    9,  134,    0,    0
  260,20000324,   88,   49,  123,   38,   44
  260,20000325,   86,   52,  118,   14,   40
  260,20000326,   63,   44,  105,   36,   33
  260,20000327,   56,   32,   91,    8,    6
  260,20000328,   41,   25,   52,    0,   -1
  260,20000329,   59,   42,   78,    0,   -1
  260,20000330,   65,   56,   78,    0,   -1
  260,20000331,   61,   46,   78,    0,   -1
  260,20000401,   62,   30,   89,   23,    6
  260,20000402,  100,   47,  143,   21,   11
  260,20000403,  119,   68,  168,    0,   -1
  260,20000404,  101,   47,  160,    3,    1
  260,20000405,   48,   17,   77,    0,   -1
  260,20000406,   48,  -20,  109,    0,    0
  260,20000407,   55,  -13,  131,    0,    0
  260,20000408,   66,  -22,  128,    0,    0
  260,20000409,   93,   41,  155,    0,    0
  260,20000410,   59,   15,  104,    0,    0
  260,20000411,   61,  -24,  124,    0,   -1
  260,20000412,   62,   39,   85,   54,   67
  260,20000413,   59,   34,   92,   25,   23
  260,20000414,   69,   26,  117,    0,   -1
  260,20000415,   89,   55,  136,   38,   39
  260,20000416,   93,   54,  133,    2,    1
  260,20000417,  107,   67,  150,   31,   42
  260,20000418,  106,   61,  157,    0,    0
  260,20000419,  119,   52,  180,    0,   -1
  260,20000420,  134,   63,  174,    0,   -1
  260,20000421,  137,   99,  182,    7,    5
  260,20000422,  133,   92,  181,   60,   39
  260,20000423,  111,   86,  133,   76,   89
  260,20000424,  113,   65,  170,    0,    0
  260,20000425,  149,   68,  206,    0,    0
  260,20000426,  149,  102,  224,    5,    4
  260,20000427,  152,  108,  195,    8,    4
  260,20000428,  158,   84,  230,    0,    0
  260,20000429,  119,  106,  144,   20,   59
  260,20000430,  125,  109,  149,    7,    2
  260,20000501,  128,   96,  171,    0,   -1
  260,20000502,  104,   91,  120,    0,   -1
  260,20000503,  120,  100,  140,    0,   -1
  260,20000504,  134,  104,  193,    0,    0
  260,20000505,  181,   89,  253,    0,    0
  260,20000506,  201,  123,  265,    0,    0
  260,20000507,  192,  134,  275,    3,    6
  260,20000508,  193,  104,  257,    0,   -1
  260,20000509,  196,  136,  256,    0,   -1
  260,20000510,  198,  132,  270,    0,   -1
  260,20000511,  184,  131,  251,    0,    0
  260,20000512,  189,  113,  260,    0,    0
  260,20000513,  181,  112,  253,    0,    0
  260,20000514,  192,   87,  271,    0,    0
  260,20000515,  208,  107,  289,    0,    0
  260,20000516,  202,  124,  296,   33,  210
  260,20000517,  137,  105,  168,   14,   12
  260,20000518,  114,   82,  152,   23,   35
  260,20000519,  103,   63,  136,   33,   40
  260,20000520,  108,   54,  161,    2,    4
  260,20000521,  100,   56,  123,   70,   58
  260,20000522,  114,   64,  157,    5,    3
  260,20000523,  138,   68,  186,   44,   43
  260,20000524,  140,  115,  188,  106,   70
  260,20000525,  132,  103,  153,   43,   49
  260,20000526,  136,   82,  173,   29,   40
  260,20000527,  124,  102,  170,    6,    6
  260,20000528,   94,   70,  133,  128,  185
  260,20000529,  101,   54,  148,   28,   79
  260,20000530,   98,   36,  150,    7,    8
  260,20000531,  125,   38,  189,    0,    0
  260,20000601,  151,  104,  198,   23,    8
  260,20000602,  164,  111,  215,    0,    0
  260,20000603,  181,   99,  252,   55,  114
  260,20000604,  167,   87,  218,    3,    2
  260,20000605,  123,   71,  160,   69,   57
  260,20000606,  128,  101,  163,   11,  183
  260,20000607,  123,   60,  166,    2,    2
  260,20000608,  155,   55,  222,    0,    0
  260,20000609,  212,  137,  296,    0,    0
  260,20000610,  166,  108,  207,    0,    0
  260,20000611,  148,   82,  195,    0,    0
  260,20000612,  162,  109,  212,    0,    0
  260,20000613,  169,  141,  198,    0,    0
  260,20000614,  172,  151,  205,   41,   41
  260,20000615,  151,   88,  192,    1,    1
  260,20000616,  132,   60,  182,    0,    0
  260,20000617,  149,   60,  212,    0,    0
  260,20000618,  211,   87,  287,    0,    0
  260,20000619,  257,  174,  335,    0,    0
  260,20000620,  259,  178,  336,    0,    0
  260,20000621,  205,  162,  269,   23,   10
  260,20000622,  163,  134,  200,   21,   34
  260,20000623,  151,  121,  198,   53,   59
  260,20000624,  135,  114,  176,   50,   83
  260,20000625,  127,  104,  151,   13,    8
  260,20000626,  124,   71,  161,    0,   -1
  260,20000627,  123,   50,  175,    0,    0
  260,20000628,  124,   61,  172,    0,    0
  260,20000629,  132,   83,  175,    0,   -1
  260,20000630,  137,   55,  194,    0,    0
  260,20000701,  136,   85,  165,   30,   27
  260,20000702,  190,  141,  249,    0,   -1
  260,20000703,  194,  131,  245,   14,   36
  260,20000704,  176,  122,  235,   14,   67
  260,20000705,  158,  143,  191,   76,   75
  260,20000706,  165,  132,  202,    0,    0
  260,20000707,  140,  105,  170,    0,   -1
  260,20000708,  127,   64,  158,   16,   12
  260,20000709,  138,  126,  149,   75,   71
  260,20000710,  152,  120,  198,   39,   76
  260,20000711,  133,  117,  160,   25,   26
  260,20000712,  139,   95,  177,    0,    0
  260,20000713,  145,  114,  176,   81,   91
  260,20000714,  132,  104,  168,   44,   77
  260,20000715,  128,  106,  161,   48,   86
  260,20000716,  142,  125,  182,    0,   -1
  260,20000717,  136,  120,  162,    8,    3
  260,20000718,  140,  125,  172,    0,   -1
  260,20000719,  161,  108,  202,    2,    1
  260,20000720,  163,   91,  222,    0,    0
  260,20000721,  146,  112,  176,    0,   -1
  260,20000722,  151,  105,  198,    0,   -1
  260,20000723,  165,  136,  213,    0,    0
  260,20000724,  184,  146,  238,    0,   -1
  260,20000725,  170,  142,  216,    6,    3
  260,20000726,  155,  136,  178,    0,   -1
  260,20000727,  165,  101,  216,   70,   58
  260,20000728,  170,  115,  221,    0,   -1
  260,20000729,  159,  117,  206,   27,  277
  260,20000730,  168,  109,  222,    0,    0
  260,20000731,  183,  116,  232,    0,    0
  260,20000801,  210,  153,  277,   30,   39
  260,20000802,  182,  134,  229,    0,    0
  260,20000803,  173,  131,  225,   12,   72
  260,20000804,  165,  106,  218,    0,    0
  260,20000805,  166,  117,  217,    0,    0
  260,20000806,  175,  105,  224,    0,   -1
  260,20000807,  186,  153,  224,    0,   -1
  260,20000808,  173,  130,  223,   14,   12
  260,20000809,  184,  107,  238,    0,    0
  260,20000810,  187,  168,  209,   11,    6
  260,20000811,  189,  128,  235,    0,    0
  260,20000812,  176,   97,  239,    0,    0
  260,20000813,  217,  119,  289,    0,   -1
  260,20000814,  217,  178,  271,    8,   23
  260,20000815,  182,  117,  224,    0,   -1
  260,20000816,  183,  125,  234,    0,   -1
  260,20000817,  179,  115,  233,    3,    2
  260,20000818,  176,  109,  230,   15,    4
  260,20000819,  186,  141,  240,   17,   28
  260,20000820,  175,  123,  239,   29,  116
  260,20000821,  156,  107,  203,   19,   22
  260,20000822,  153,   86,  212,    0,    0
  260,20000823,  155,   95,  213,    0,    0
  260,20000824,  156,   74,  229,    0,    0
  260,20000825,  163,   97,  212,    0,    0
  260,20000826,  195,  126,  262,    0,    0
  260,20000827,  167,  128,  205,   54,   65
  260,20000828,  144,   93,  199,    8,   45
  260,20000829,  146,   87,  214,    0,   -1
  260,20000830,  139,   68,  202,    0,    0
  260,20000831,  144,   77,  202,    0,    0
  260,20000901,  157,  113,  211,   25,   44
  260,20000902,  145,  124,  181,   44,   62
  260,20000903,  149,  123,  186,   31,   43
  260,20000904,  138,  106,  166,    6,    3
  260,20000905,  154,   92,  213,    5,    2
  260,20000906,  151,  132,  171,   28,   28
  260,20000907,  159,  148,  186,    0,   -1
  260,20000908,  174,  151,  192,   22,    7
  260,20000909,  173,  137,  201,   24,   78
  260,20000910,  170,  116,  232,    0,    0
  260,20000911,  184,  124,  239,    0,    0
  260,20000912,  176,  142,  211,    0,   -1
  260,20000913,  160,  104,  206,    0,    0
  260,20000914,  152,   94,  210,    0,    0
  260,20000915,  166,  117,  214,   33,  193
  260,20000916,  155,  121,  201,    5,    4
  260,20000917,  130,   88,  162,   34,   43
  260,20000918,  159,  122,  203,    0,    0
  260,20000919,  174,  130,  221,    0,   -1
  260,20000920,  148,  131,  170,   52,   17
  260,20000921,  137,  105,  185,    2,    1
  260,20000922,  154,   90,  211,    0,    0
  260,20000923,  165,  122,  208,    0,    0
  260,20000924,  147,   97,  200,   16,    6
  260,20000925,  152,  114,  205,    5,    3
  260,20000926,  169,  131,  232,   34,   65
  260,20000927,  161,  139,  203,    9,   31
  260,20000928,  158,  146,  172,   74,   33
  260,20000929,  169,  145,  196,    3,    1
  260,20000930,  159,  129,  196,   52,   23
  260,20001001,  138,  103,  163,   56,   61
  260,20001002,  124,   97,  167,    6,    3
  260,20001003,  127,   79,  166,    0,   -1
  260,20001004,  122,   92,  156,   23,   13
  260,20001005,  121,   84,  180,   33,   48
  260,20001006,   92,   49,  140,   66,   81
  260,20001007,   84,   39,  145,    0,    0
  260,20001008,  101,   55,  126,   45,   46
  260,20001009,   96,   30,  146,   22,   10
  260,20001010,   94,   77,  121,   69,   80
  260,20001011,  104,   78,  136,   54,   87
  260,20001012,  117,   88,  152,   11,   17
  260,20001013,  116,   67,  164,    0,    0
  260,20001014,   98,   62,  123,    0,   -1
  260,20001015,  103,   78,  127,   30,    4
  260,20001016,  123,  107,  155,   82,   46
  260,20001017,  102,   41,  156,    6,    3
  260,20001018,   99,   45,  122,   17,   10
  260,20001019,  107,   40,  163,   49,   63
  260,20001020,  113,   36,  162,    0,    0
  260,20001021,  149,  121,  184,    0,   -1
  260,20001022,  149,  104,  192,    0,    0
  260,20001023,  146,  112,  198,   16,  170
  260,20001024,  122,  114,  145,    4,    2
  260,20001025,  122,   87,  152,   23,   15
  260,20001026,  102,   76,  137,   33,   34
  260,20001027,  108,   77,  128,   94,   79
  260,20001028,  132,  116,  144,   75,   29
  260,20001029,  101,   81,  131,   29,   29
  260,20001030,  105,   79,  135,   74,  116
  260,20001031,   92,   73,  120,   15,    9
  260,20001101,   76,   58,  100,   40,   81
  260,20001102,   78,   53,  114,   39,   73
  260,20001103,   77,   52,  114,    0,   -1
  260,20001104,   68,   38,  111,   23,   14
  260,20001105,   71,   39,  105,    0,    0
  260,20001106,   94,   70,  116,   46,   43
  260,20001107,   85,   65,   96,   20,   11
  260,20001108,   82,   69,   94,   37,   36
  260,20001109,   78,   71,   90,  104,  223
  260,20001110,   71,   53,   91,   47,   62
  260,20001111,   86,   58,  105,   14,    8
  260,20001112,   87,   79,   98,  115,   91
  260,20001113,   79,   59,  101,    0,    0
  260,20001114,   56,   16,   94,    0,    0
  260,20001115,   57,   36,   75,   26,   25
  260,20001116,   72,   51,   92,   64,   39
  260,20001117,   50,   21,   82,   30,   44
  260,20001118,   64,   30,   84,   25,   29
  260,20001119,   91,   76,  116,   52,   65
  260,20001120,   63,   39,   79,   43,   61
  260,20001121,   62,   39,   79,   27,   28
  260,20001122,   86,   61,  111,    1,    2
  260,20001123,   84,   42,  113,   58,   44
  260,20001124,   70,   44,   92,    6,    3
  260,20001125,   72,   41,   96,   41,   80
  260,20001126,   76,   62,   94,   23,   25
  260,20001127,   66,   44,   86,    5,   10
  260,20001128,  119,   72,  148,   44,   79
  260,20001129,  111,   94,  136,    0,    0
  260,20001130,  106,   86,  124,    0,    0
  260,20001201,  116,   97,  135,   27,   12
  260,20001202,  105,   81,  125,   11,   15
  260,20001203,   84,   43,  108,   53,   78
  260,20001204,   70,   39,   94,   11,    6
  260,20001205,   96,   64,  122,    5,    2
  260,20001206,  109,   83,  123,   17,   26
  260,20001207,   98,   74,  117,   22,   14
  260,20001208,  122,   99,  149,   16,   12
  260,20001209,   94,   74,  111,    0,   -1
  260,20001210,   96,   71,  117,   49,   70
  260,20001211,  120,   95,  134,   67,  105
  260,20001212,  131,  122,  139,   60,   63
  260,20001213,  108,   92,  129,   27,   27
  260,20001214,   74,   52,  100,   31,   39
  260,20001215,   56,   38,   72,   93,  128
  260,20001216,   41,   31,   51,   65,   86
  260,20001217,   25,   -5,   55,    7,    3
  260,20001218,   32,    6,   42,    0,    0
  260,20001219,   27,    8,   62,    0,    0
  260,20001220,   16,    3,   31,    0,    0
  260,20001221,   -1,  -22,   25,    0,    0
  260,20001222,  -23,  -47,   10,    0,    0
  260,20001223,  -20,  -66,   18,    5,    1
  260,20001224,    6,    0,   11,  109,   48
  260,20001225,   -6,  -38,    9,   10,    2
  260,20001226,  -22,  -46,   -7,    0,    0
  260,20001227,  -10,  -16,   -4,  140,   21
  260,20001228,    5,  -20,   27,   35,   16
  260,20001229,    6,  -13,   33,   40,   47
  260,20001230,   17,   -7,   35,   42,   94
  260,20001231,   -1,  -45,   23,    0,   -1
  260,20010101,   34,   10,   63,   78,   95
  260,20010102,   87,   56,  112,    9,    3
  260,20010103,   67,   45,   99,   39,   40
  260,20010104,   78,   58,   91,   51,   49
  260,20010105,   76,   62,  107,  100,  189
  260,20010106,   59,   41,   76,   29,   21
  260,20010107,   52,   36,   68,    3,    3
  260,20010108,   39,   13,   55,   14,   17
  260,20010109,   40,   11,   55,    0,    0
  260,20010110,   24,    5,   41,    0,    0
  260,20010111,   12,  -18,   40,    0,    0
  260,20010112,    7,  -37,   52,    0,   -1
  260,20010113,  -11,  -32,   31,    0,    0
  260,20010114,  -19,  -53,    7,    0,    0
  260,20010115,  -21,  -48,   15,    0,    0
  260,20010116,  -31,  -64,   19,    0,    0
  260,20010117,  -48,  -90,   10,    0,    0
  260,20010118,  -37,  -88,   -5,   26,    4
  260,20010119,   -5,  -13,    3,    0,   -1
  260,20010120,    1,  -10,   13,   47,   13
  260,20010121,   -1,  -18,    7,   70,   51
  260,20010122,   28,    6,   57,   26,   21
  260,20010123,   70,   48,  107,   44,   37
  260,20010124,   84,   30,  119,   14,   14
  260,20010125,   55,   30,   81,   18,   11
  260,20010126,   45,   26,   61,    9,   11
  260,20010127,   42,   30,   56,   98,  102
  260,20010128,   40,   14,   77,   24,   23
  260,20010129,   23,  -11,   60,    0,   -1
  260,20010130,    7,  -29,   42,    0,    0
  260,20010131,   11,   -2,   34,    0,    0
  260,20010201,    6,  -16,   31,    7,    3
  260,20010202,    5,   -1,   16,  113,   50
  260,20010203,    6,   -5,   40,  155,   85
  260,20010204,   27,   -2,   93,  174,  253
  260,20010205,   88,   79,  102,   62,   48
  260,20010206,  106,   86,  129,   37,   50
  260,20010207,  101,   90,  123,   37,   44
  260,20010208,   86,   27,  117,  106,  162
  260,20010209,   27,  -24,   70,    2,    1
  260,20010210,   25,  -32,   70,    9,    5
  260,20010211,   99,   50,  125,    5,    3
  260,20010212,  100,   58,  129,   40,   38
  260,20010213,   58,   10,   94,    0,    0
  260,20010214,   33,   -3,   73,    0,    0
  260,20010215,   43,  -16,  132,    0,    0
  260,20010216,   24,  -16,   50,   21,   21
  260,20010217,   41,    9,   53,    0,   -1
  260,20010218,   48,   -2,   86,    0,    0
  260,20010219,   51,   28,   67,   15,   10
  260,20010220,   53,   21,   88,    0,    0
  260,20010221,   64,   30,  101,   43,   22
  260,20010222,   55,   19,   89,   16,   26
  260,20010223,   26,   -7,   64,   22,   13
  260,20010224,  -10,  -38,   20,   32,   32
  260,20010225,   10,  -26,   42,   40,   30
  260,20010226,   19,   -4,   56,    4,    2
  260,20010227,   22,   -3,   51,    0,   -1
  260,20010228,   38,   11,   71,   13,    6
  260,20010301,   19,    8,   36,   24,   10
  260,20010302,   13,  -21,   42,    0,   -1
  260,20010303,  -11,  -36,    6,    0,    0
  260,20010304,   13,  -15,   37,    0,    0
  260,20010305,   18,  -16,   46,    0,    0
  260,20010306,   33,  -22,   92,    0,    0
  260,20010307,   75,   37,  137,   29,   39
  260,20010308,   88,   63,  108,   37,   21
  260,20010309,   93,   73,  112,    2,    3
  260,20010310,   99,   87,  117,   60,   57
  260,20010311,  111,   88,  132,   49,   78
  260,20010312,   84,   44,  117,   10,   30
  260,20010313,   59,   37,   84,   14,   12
  260,20010314,   54,    0,  101,    0,    0
  260,20010315,   60,   -6,  118,    0,   -1
  260,20010316,   70,   51,   95,   20,    7
  260,20010317,   34,   22,   51,   34,   59
  260,20010318,   27,   17,   45,  123,   74
  260,20010319,   19,  -28,   56,   32,   28
  260,20010320,   19,  -39,   72,    0,    0
  260,20010321,    9,   -1,   18,   48,   58
  260,20010322,   28,    4,   46,    0,    0
  260,20010323,   67,   44,  101,   82,  160
  260,20010324,   64,   33,  121,    0,   -1
  260,20010325,   29,   19,   38,    0,   -1
  260,20010326,   30,   14,   53,    0,    0
  260,20010327,   35,   12,   55,    0,    0
  260,20010328,   71,   31,  120,   15,   11
  260,20010329,   66,   37,   94,   85,   95
  260,20010330,   65,   11,  106,    0,    0
  260,20010331,   92,   21,  134,    0,   -1
  260,20010401,  113,   57,  151,    0,   -1
  260,20010402,  144,   53,  222,    0,    0
  260,20010403,  120,   92,  161,    0,    0
  260,20010404,   92,   64,  123,   49,   51
  260,20010405,   80,   48,  118,   73,  102
  260,20010406,  113,   91,  145,   56,   71
  260,20010407,   89,   63,  127,   10,   29
  260,20010408,   69,   36,  105,   29,   30
  260,20010409,   78,   47,   98,    0,   -1
  260,20010410,   96,   77,  136,    8,    4
  260,20010411,   84,   42,  120,   12,   25
  260,20010412,   48,    7,  101,    3,    1
  260,20010413,   38,  -15,   80,    0,   -1
  260,20010414,   18,  -43,   81,   88,   92
  260,20010415,   76,   46,  103,   59,   45
  260,20010416,   66,   44,   98,   61,   81
  260,20010417,   61,   27,   92,    4,    2
  260,20010418,   51,   22,   89,   71,   56
  260,20010419,   39,   12,   86,   46,   58
  260,20010420,   37,   -3,   79,   14,    6
  260,20010421,   57,    1,  116,    0,    0
  260,20010422,   59,  -22,  125,    0,    0
  260,20010423,   80,    9,  126,    0,    0
  260,20010424,  104,   23,  152,   10,    5
  260,20010425,  102,   69,  159,   40,   38
  260,20010426,  106,   82,  147,   21,   57
  260,20010427,  106,   80,  139,   21,   11
  260,20010428,  106,   69,  144,   19,   25
  260,20010429,  126,   60,  173,    0,   -1
  260,20010430,  127,   89,  178,   25,   85
  260,20010501,  107,   74,  137,    0,    0
  260,20010502,  140,   61,  212,    0,    0
  260,20010503,  122,   82,  175,   46,   38
  260,20010504,   84,   59,  106,   19,   22
  260,20010505,   81,   50,  118,    0,    0
  260,20010506,  106,   63,  154,    0,    0
  260,20010507,  111,   69,  168,    0,    0
  260,20010508,  107,   53,  153,    0,    0
  260,20010509,  175,  101,  237,    0,    0
  260,20010510,  194,  120,  253,    0,    0
  260,20010511,  187,  101,  255,    0,    0
  260,20010512,  183,   99,  249,    0,    0
  260,20010513,  187,  105,  256,    0,    0
  260,20010514,  147,  109,  202,   35,   59
  260,20010515,  144,   95,  198,   25,   23
  260,20010516,  137,  108,  188,   42,   95
  260,20010517,  121,   92,  168,    8,   16
  260,20010518,  117,  102,  147,   23,   19
  260,20010519,  118,   65,  166,    0,    0
  260,20010520,  116,   37,  182,    0,    0
  260,20010521,  123,   57,  172,    0,    0
  260,20010522,  139,   66,  200,    0,    0
  260,20010523,  168,   79,  235,    0,    0
  260,20010524,  157,   93,  219,    0,    0
  260,20010525,  154,   73,  226,    0,    0
  260,20010526,  165,   76,  235,    0,    0
  260,20010527,  157,  103,  191,    0,   -1
  260,20010528,  175,  155,  217,   17,   11
  260,20010529,  166,  121,  198,    0,    0
  260,20010530,  163,   83,  215,    0,    0
  260,20010531,  133,   91,  169,   11,    8
  260,20010601,  127,   77,  179,   31,   25
  260,20010602,  113,   73,  148,   94,  159
  260,20010603,   97,   68,  130,   21,   15
  260,20010604,  120,   62,  169,    0,   -1
  260,20010605,  157,  109,  210,    0,    0
  260,20010606,  159,  118,  213,   10,   12
  260,20010607,  132,   93,  161,   23,   29
  260,20010608,  116,   55,  164,    0,    0
  260,20010609,  106,   28,  157,    0,    0
  260,20010610,  122,   59,  174,    6,    5
  260,20010611,  127,   63,  163,    2,    1
  260,20010612,  141,   94,  179,    0,   -1
  260,20010613,  143,   67,  204,    0,    0
  260,20010614,  158,   69,  218,    0,    0
  260,20010615,  171,  122,  244,   22,  162
  260,20010616,  155,  102,  204,   30,   33
  260,20010617,  151,  132,  190,   61,   81
  260,20010618,  132,  108,  152,    0,   -1
  260,20010619,  137,   56,  193,    0,    0
  260,20010620,  170,   80,  236,    0,   -1
  260,20010621,  149,  110,  192,    0,    0
  260,20010622,  141,  107,  177,    0,   -1
  260,20010623,  158,  109,  214,    0,    0
  260,20010624,  183,   96,  242,    0,    0
  260,20010625,  188,  117,  248,    0,    0
  260,20010626,  215,  124,  286,    0,    0
  260,20010627,  198,  166,  245,   10,    9
  260,20010628,  188,  145,  235,    0,   -1
  260,20010629,  199,  144,  256,    0,   -1
  260,20010630,  194,  160,  233,    8,    6
  260,20010701,  182,  136,  222,    0,    0
  260,20010702,  184,  113,  231,    0,    0
  260,20010703,  207,  128,  260,    0,    0
  260,20010704,  227,  146,  290,    0,    0
  260,20010705,  252,  163,  316,    0,    0
  260,20010706,  247,  193,  312,    0,   -1
  260,20010707,  207,  177,  270,   21,   82
  260,20010708,  175,  170,  187,   79,   98
  260,20010709,  174,  138,  217,    3,    2
  260,20010710,  183,  143,  247,   12,   35
  260,20010711,  165,  127,  202,   25,   73
  260,20010712,  153,  123,  198,   23,   76
  260,20010713,  152,  115,  204,   25,  104
  260,20010714,  138,  105,  167,   57,   57
  260,20010715,  141,   85,  200,    5,   18
  260,20010716,  146,   73,  198,    0,    0
  260,20010717,  164,   86,  224,    9,    8
  260,20010718,  157,  138,  200,   80,  127
  260,20010719,  157,  132,  200,   24,  102
  260,20010720,  148,   89,  190,    4,    4
  260,20010721,  155,   86,  183,   32,   40
  260,20010722,  193,  144,  245,    5,    2
  260,20010723,  188,  149,  242,   32,   36
  260,20010724,  193,  134,  249,    0,    0
  260,20010725,  197,  132,  255,    0,    0
  260,20010726,  220,  143,  280,    0,    0
  260,20010727,  216,  158,  287,    6,    2
  260,20010728,  205,  142,  257,    0,    0
  260,20010729,  207,  138,  274,    0,    0
  260,20010730,  217,  165,  269,    0,    0
  260,20010731,  195,  146,  244,    0,    0
  260,20010801,  174,  135,  221,    0,   -1
  260,20010802,  201,  118,  277,   15,   15
  260,20010803,  188,  137,  229,    9,    5
  260,20010804,  173,  113,  217,   17,   13
  260,20010805,  158,  105,  201,   32,  124
  260,20010806,  173,  102,  219,   24,  149
  260,20010807,  182,  151,  227,   75,  205
  260,20010808,  161,  137,  195,   48,  134
  260,20010809,  150,  110,  199,   53,   90
  260,20010810,  145,  101,  184,   31,   88
  260,20010811,  163,   88,  213,    0,   -1
  260,20010812,  164,  145,  187,   71,   61
  260,20010813,  187,  169,  208,   11,    2
  260,20010814,  216,  140,  286,    0,    0
  260,20010815,  244,  167,  314,    0,    0
  260,20010816,  195,  119,  226,    9,   14
  260,20010817,  179,  109,  237,    0,    0
  260,20010818,  200,  151,  249,    0,   -1
  260,20010819,  199,  168,  238,    2,    1
  260,20010820,  177,  119,  234,    0,   -1
  260,20010821,  185,   95,  248,    0,    0
  260,20010822,  212,  145,  282,    0,    0
  260,20010823,  226,  177,  295,    0,    0
  260,20010824,  230,  174,  302,    0,    0
  260,20010825,  240,  161,  311,    0,    0
  260,20010826,  225,  183,  300,   33,  162
  260,20010827,  169,  101,  212,   14,   15
  260,20010828,  142,   78,  202,    0,    0
  260,20010829,  150,   78,  212,    0,    0
  260,20010830,  163,  102,  206,    0,   -1
  260,20010831,  159,  136,  196,   20,   84
  260,20010901,  146,   95,  198,    2,    3
  260,20010902,  157,   93,  190,   20,   11
  260,20010903,  158,  128,  182,   64,  208
  260,20010904,  138,  119,  172,  104,  167
  260,20010905,  145,  125,  182,   22,    9
  260,20010906,  151,  128,  198,    6,    4
  260,20010907,  150,  126,  178,   30,   16
  260,20010908,  132,   84,  167,   54,   79
  260,20010909,  118,   91,  165,   73,  129
  260,20010910,  130,  112,  163,   32,   32
  260,20010911,  140,  112,  172,   38,   57
  260,20010912,  151,  131,  174,   42,   78
  260,20010913,  128,   86,  176,   55,  102
  260,20010914,  127,   90,  178,    0,   -1
  260,20010915,  126,   96,  166,   62,  134
  260,20010916,  103,   67,  156,   48,  112
  260,20010917,  110,   59,  162,   69,  235
  260,20010918,  111,   81,  148,    0,   -1
  260,20010919,  112,  101,  120,  142,  296
  260,20010920,  126,  110,  156,    0,   -1
  260,20010921,  126,   73,  173,    9,   37
  260,20010922,  126,   71,  177,   31,   35
  260,20010923,  130,  116,  158,    3,    1
  260,20010924,  128,  111,  158,   56,  233
  260,20010925,  111,   62,  175,    2,    1
  260,20010926,  125,   83,  179,   28,   28
  260,20010927,  154,  126,  186,   38,   48
  260,20010928,  160,  109,  217,    0,    0
  260,20010929,  148,   97,  191,   34,   43
  260,20010930,  163,  144,  192,   19,    9
  260,20011001,  169,  156,  184,   11,   12
  260,20011002,  162,  141,  206,   66,   95
  260,20011003,  151,  125,  191,    5,    2
  260,20011004,  138,  109,  183,    0,   -1
  260,20011005,  138,  103,  187,    0,    0
  260,20011006,  156,  116,  202,   32,   66
  260,20011007,  153,  130,  180,   12,    6
  260,20011008,  145,  124,  179,    2,    1
  260,20011009,  143,  129,  170,    3,    2
  260,20011010,  140,  117,  173,    0,    0
  260,20011011,  147,  100,  166,    0,   -1
  260,20011012,  145,   83,  202,    0,    0
  260,20011013,  166,  115,  225,    0,    0
  260,20011014,  166,  128,  205,    3,    1
  260,20011015,  167,  137,  212,    3,    4
  260,20011016,  130,   75,  175,    0,    0
  260,20011017,  140,   89,  196,    0,    0
  260,20011018,  153,  126,  192,   26,   13
  260,20011019,  157,  141,  182,    0,    0
  260,20011020,  151,  125,  211,    0,   -1
  260,20011021,  139,  122,  155,    3,    1
  260,20011022,  120,   79,  159,    0,   -1
  260,20011023,  126,   81,  136,   94,  136
  260,20011024,  119,   96,  146,    7,    7
  260,20011025,  131,   83,  172,    0,   -1
  260,20011026,  130,  107,  156,    5,    3
  260,20011027,  127,   97,  166,   10,   12
  260,20011028,  112,   61,  165,    0,   -1
  260,20011029,  116,   63,  148,    0,    0
  260,20011030,  153,  126,  190,    0,    0
  260,20011031,  118,   77,  153,   37,   48
  260,20011101,   81,   35,  134,    3,    4
  260,20011102,   92,   30,  148,    0,    0
  260,20011103,  106,   60,  134,    0,    0
  260,20011104,  103,   77,  115,    0,   -1
  260,20011105,   79,   31,  117,    0,   -1
  260,20011106,  101,   83,  128,   29,   27
  260,20011107,   96,   69,  121,   30,   88
  260,20011108,   64,   24,   99,   92,  112
  260,20011109,   23,  -25,   74,   30,   30
  260,20011110,   28,  -24,   70,    0,    0
  260,20011111,   65,   25,   89,    4,    1
  260,20011112,  100,   77,  121,   86,   35
  260,20011113,   55,   19,   86,    3,    3
  260,20011114,   32,  -15,   83,    5,    4
  260,20011115,    2,  -43,   49,    0,    0
  260,20011116,   83,   35,  113,    4,    1
  260,20011117,   78,   51,   97,    6,    2
  260,20011118,   70,   46,   90,    0,   -1
  260,20011119,   59,   25,   86,    3,    1
  260,20011120,   74,   36,   91,    0,   -1
  260,20011121,   90,   74,  105,   21,   26
  260,20011122,   71,   27,  114,   72,   73
  260,20011123,   47,   16,   81,   25,   19
  260,20011124,   76,   45,  106,  131,   35
  260,20011125,  107,   80,  118,   93,   67
  260,20011126,   51,   -7,   89,   27,    8
  260,20011127,   38,  -10,   80,   32,   44
  260,20011128,   63,   38,   94,    5,    3
  260,20011129,   85,   52,  112,  158,  167
  260,20011130,  117,  108,  127,  152,  104
  260,20011201,  117,   62,  135,  113,   41
  260,20011202,   68,   30,   87,   19,   38
  260,20011203,   85,   71,   98,   49,   17
  260,20011204,   95,   82,  110,   34,   47
  260,20011205,   80,   41,  121,   36,   33
  260,20011206,   60,   -8,  108,    7,    2
  260,20011207,    8,  -26,   78,    0,    0
  260,20011208,   10,  -10,   52,    0,    0
  260,20011209,   -5,  -20,   18,    0,    0
  260,20011210,    3,  -31,   56,    0,    0
  260,20011211,   44,   12,   75,    0,   -1
  260,20011212,   40,   27,   50,    0,   -1
  260,20011213,   20,  -31,   47,    0,   -1
  260,20011214,  -40,  -64,  -12,    0,    0
  260,20011215,  -12,  -59,   11,    3,    1
  260,20011216,   -7,  -54,   15,    0,    0
  260,20011217,   -3,  -57,   47,   13,    6
  260,20011218,   20,  -39,   56,    2,    1
  260,20011219,   48,   19,   64,   52,   51
  260,20011220,   14,  -21,   44,   13,   11
  260,20011221,   48,    2,   70,  152,  187
  260,20011222,    6,  -30,   39,   57,   34
  260,20011223,  -26,  -68,   -4,    0,   -1
  260,20011224,   39,   -6,   78,   97,   65
  260,20011225,   54,   21,   79,   79,   71
  260,20011226,   11,    3,   24,   82,   57
  260,20011227,   32,    1,   74,  115,  108
  260,20011228,   64,   27,   81,   68,   72
  260,20011229,   16,  -17,   34,   63,   55
  260,20011230,   -2,  -36,   21,   35,   33
  260,20011231,   -1,  -58,   51,    9,    9
  260,20020101,   -2,  -14,   12,    0,    0
  260,20020102,  -21,  -41,    0,    0,   -1
  260,20020103,  -22,  -53,   -1,    0,    0
  260,20020104,  -34,  -60,   -1,    0,    0
  260,20020105,  -23,  -55,   19,    0,    0
  260,20020106,   15,  -28,   29,    4,    1
  260,20020107,   26,   13,   50,    0,    0
  260,20020108,   13,  -30,   32,    0,   -1
  260,20020109,  -13,  -41,   26,    0,    0
  260,20020110,   -5,  -30,   20,    0,    0
  260,20020111,   24,    3,   42,   25,   15
  260,20020112,   35,   18,   44,   50,   16
  260,20020113,   23,   -4,   67,    0,    0
  260,20020114,   26,   14,   40,    6,    2
  260,20020115,   40,   29,   53,  115,   65
  260,20020116,   43,   18,   73,    0,   -1
  260,20020117,   53,   38,   65,   33,   27
  260,20020118,   48,   17,   77,   19,   16
  260,20020119,   70,   42,   94,   33,   25
  260,20020120,   83,   38,  109,   54,  107
  260,20020121,  102,   69,  119,   22,   12
  260,20020122,   76,   49,   96,   25,   11
  260,20020123,   71,   53,   94,   35,   32
  260,20020124,   84,   44,  110,   61,   54
  260,20020125,   51,   10,   95,   56,   28
  260,20020126,  103,   88,  114,   98,  229
  260,20020127,   99,   84,  116,   79,   72
  260,20020128,  113,   92,  130,   32,   27
  260,20020129,  100,   78,  118,    1,    1
  260,20020130,  105,   75,  119,    2,    1
  260,20020131,   87,   56,  118,   28,   41
  260,20020201,  107,   73,  131,    5,    2
  260,20020202,  118,   87,  155,    0,    0
  260,20020203,  102,   63,  135,    2,    1
  260,20020204,   86,   63,  119,   74,  101
  260,20020205,  108,   80,  128,   67,   74
  260,20020206,   74,   58,   89,   39,   48
  260,20020207,   61,   29,   77,   47,   39
  260,20020208,  101,   67,  117,   40,   20
  260,20020209,  105,   73,  125,   21,   33
  260,20020210,   84,   71,   99,   52,   34
  260,20020211,  110,   94,  123,  145,  233
  260,20020212,  114,   95,  133,    9,    2
  260,20020213,   77,   36,  103,    0,   -1
  260,20020214,   26,   -6,   55,    0,    0
  260,20020215,   11,  -28,   59,    0,    0
  260,20020216,   19,  -24,   82,    0,    0
  260,20020217,    8,  -54,   75,    0,    0
  260,20020218,   54,   28,   93,   16,    8
  260,20020219,   66,   42,   96,   90,  118
  260,20020220,   75,   24,  107,   82,  152
  260,20020221,   39,    9,   69,   23,   19
  260,20020222,   72,   21,  119,   87,  142
  260,20020223,   49,   10,   73,   23,   32
  260,20020224,   37,    8,   72,   57,   33
  260,20020225,   67,   30,  104,  143,  116
  260,20020226,  103,   76,  122,   85,  130
  260,20020227,   65,   45,   97,   10,    4
  260,20020228,   54,   36,   89,   19,   53
  260,20020301,   40,  -25,   87,   28,   27
  260,20020302,   15,  -56,   75,    3,    1
  260,20020303,   45,  -25,   91,    0,   -1
  260,20020304,   84,   64,  104,    0,    0
  260,20020305,   74,   36,  109,    0,    0
  260,20020306,   79,   52,  103,   27,   11
  260,20020307,   97,   57,  124,    8,    8
  260,20020308,   83,   11,  131,    0,    0
  260,20020309,   88,   61,  125,   24,   11
  260,20020310,   77,   26,  120,    0,    0
  260,20020311,   92,   47,  151,    0,    0
  260,20020312,   91,   37,  146,   25,    9
  260,20020313,   50,    8,   89,   90,   28
  260,20020314,   35,  -24,   72,   26,   12
  260,20020315,   49,   19,   76,    0,   -1
  260,20020316,  103,   65,  161,    0,   -1
  260,20020317,  101,   64,  146,   42,   42
  260,20020318,   98,   66,  129,   52,   91
  260,20020319,   93,   75,  135,   21,   10
  260,20020320,  104,   81,  130,   80,   68
  260,20020321,  106,   73,  145,   27,   13
  260,20020322,   72,   16,  105,    8,    2
  260,20020323,   56,   14,  101,    0,   -1
  260,20020324,   31,   -9,   83,    0,    0
  260,20020325,   43,  -10,   94,    0,    0
  260,20020326,   55,    0,  103,    0,    0
  260,20020327,   56,   -5,  107,    0,    0
  260,20020328,   66,  -18,  145,    0,    0
  260,20020329,   69,    1,  146,    0,    0
  260,20020330,   85,   10,  154,    0,    0
  260,20020331,  102,   43,  167,    0,    0
  260,20020401,  110,   43,  172,    0,    0
  260,20020402,  142,   73,  206,    0,    0
  260,20020403,  147,  101,  194,    0,    0
  260,20020404,  121,   74,  183,    0,    0
  260,20020405,   93,   46,  149,    0,    0
  260,20020406,   57,    0,  112,    0,    0
  260,20020407,   69,  -11,  131,    0,    0
  260,20020408,   83,    7,  144,    0,    0
  260,20020409,   58,   -9,  108,    4,    2
  260,20020410,   70,   17,  127,    0,    0
  260,20020411,   77,   19,  128,    0,    0
  260,20020412,   75,   -4,  132,    0,    0
  260,20020413,   73,    9,  108,    0,   -1
  260,20020414,   67,    3,  115,   56,   33
  260,20020415,   70,   62,   77,  175,   83
  260,20020416,   83,   66,  101,  128,   56
  260,20020417,   81,   32,  113,   24,   27
  260,20020418,   76,   23,  136,    0,   -1
  260,20020419,   75,    0,  140,    0,   -1
  260,20020420,   76,    7,  136,    0,    0
  260,20020421,   93,    4,  170,    0,    0
  260,20020422,  140,   42,  204,    0,    0
  260,20020423,  135,   91,  182,    0,    0
  260,20020424,  147,   93,  204,    0,    0
  260,20020425,  103,   52,  172,    0,    0
  260,20020426,   82,   44,  126,   92,  122
  260,20020427,   92,   70,  118,    2,    1
  260,20020428,  102,   69,  140,   88,   81
  260,20020429,   94,   58,  127,   23,   21
  260,20020430,  108,   74,  136,   39,   66
  260,20020501,  104,   55,  146,   28,   18
  260,20020502,   97,   40,  143,   64,   70
  260,20020503,  101,   51,  144,    0,   -1
  260,20020504,   89,   75,  105,    0,   -1
  260,20020505,   88,   62,  102,  129,   64
  260,20020506,  111,   56,  161,   12,    4
  260,20020507,  135,   87,  189,    0,   -1
  260,20020508,  135,   97,  180,    0,    0
  260,20020509,  167,  118,  245,    0,   -1
  260,20020510,  139,  113,  164,    0,   -1
  260,20020511,  126,  104,  149,    0,   -1
  260,20020512,  119,   75,  166,    0,   -1
  260,20020513,  160,   59,  219,    0,   -1
  260,20020514,  132,  106,  174,   54,   58
  260,20020515,  139,   87,  203,    0,    0
  260,20020516,  160,   73,  237,    0,    0
  260,20020517,  163,   75,  229,    0,    0
  260,20020518,  144,  111,  191,    4,    4
  260,20020519,  145,   96,  204,    0,   -1
  260,20020520,  166,   82,  231,    0,    0
  260,20020521,  197,  142,  255,    0,   -1
  260,20020522,  160,  138,  190,   72,   46
  260,20020523,  148,   91,  200,    0,    0
  260,20020524,  121,   67,  164,   42,   17
  260,20020525,  126,   92,  168,    5,    5
  260,20020526,  121,   83,  175,   22,   28
  260,20020527,  126,   72,  190,    0,   -1
  260,20020528,  143,   59,  204,    0,   -1
  260,20020529,  128,   96,  167,   21,   40
  260,20020530,  130,   77,  186,    0,   -1
  260,20020531,  125,   50,  176,    0,    0
  260,20020601,  133,   26,  200,    0,    0
  260,20020602,  173,   81,  245,    0,    0
  260,20020603,  184,  121,  251,   13,   43
  260,20020604,  185,  114,  240,    2,    1
  260,20020605,  192,  158,  237,   38,   31
  260,20020606,  165,  128,  205,    0,   -1
  260,20020607,  156,  107,  207,    0,   -1
  260,20020608,  170,  100,  224,    0,    0
  260,20020609,  169,  111,  229,   11,   21
  260,20020610,  129,  101,  162,   62,  112
  260,20020611,  135,   91,  178,    8,    8
  260,20020612,  144,  106,  190,  102,  208
  260,20020613,  141,  119,  166,   22,   10
  260,20020614,  186,  139,  236,   26,   66
  260,20020615,  178,  132,  208,    0,    0
  260,20020616,  176,  113,  227,   22,   20
  260,20020617,  238,  142,  317,    0,    0
  260,20020618,  220,  124,  311,   11,   16
  260,20020619,  181,  112,  236,    0,   -1
  260,20020620,  153,  102,  180,  109,  264
  260,20020621,  151,   98,  207,    0,    0
  260,20020622,  177,  116,  217,   18,    8
  260,20020623,  161,  123,  199,    0,    0
  260,20020624,  151,   89,  200,    0,    0
  260,20020625,  157,   85,  219,    0,    0
  260,20020626,  162,   75,  227,    0,    0
  260,20020627,  149,  112,  179,    0,   -1
  260,20020628,  131,  105,  161,   36,   41
  260,20020629,  147,   94,  194,    0,    0
  260,20020630,  157,  112,  189,    0,   -1
  260,20020701,  135,  120,  150,   54,   95
  260,20020702,  141,  121,  186,   27,   28
  260,20020703,  141,  121,  172,  166,  144
  260,20020704,  156,  123,  194,   29,   27
  260,20020705,  157,  132,  204,    0,   -1
  260,20020706,  161,  116,  198,    0,   -1
  260,20020707,  157,  116,  193,    6,    4
  260,20020708,  187,  110,  243,    0,    0
  260,20020709,  190,  143,  256,   36,  134
  260,20020710,  146,  109,  172,   81,   35
  260,20020711,  151,  100,  208,    0,   -1
  260,20020712,  166,   85,  215,    0,   -1
  260,20020713,  174,  131,  211,   27,  168
  260,20020714,  188,  157,  230,    0,    0
  260,20020715,  200,  163,  244,    0,    0
  260,20020716,  198,  144,  249,    0,    0
  260,20020717,  184,  141,  230,    0,    0
  260,20020718,  160,   97,  202,    0,    0
  260,20020719,  149,   89,  192,    0,    0
  260,20020720,  157,   69,  226,   18,   64
  260,20020721,  154,  134,  182,   32,   52
  260,20020722,  164,  128,  201,    0,    0
  260,20020723,  172,  154,  207,   43,   42
  260,20020724,  166,  120,  200,    1,    1
  260,20020725,  161,   95,  206,   10,    4
  260,20020726,  191,  140,  243,   28,   11
  260,20020727,  207,  131,  272,    0,    0
  260,20020728,  230,  157,  297,    0,    0
  260,20020729,  246,  161,  310,    0,    0
  260,20020730,  239,  160,  333,   26,  159
  260,20020731,  213,  172,  271,    2,    1
  260,20020801,  163,  113,  189,   51,   72
  260,20020802,  188,  105,  254,    0,    0
  260,20020803,  158,  130,  198,   40,  140
  260,20020804,  171,  133,  228,   16,   48
  260,20020805,  167,  133,  213,   40,  143
  260,20020806,  177,  142,  220,   69,   76
  260,20020807,  181,  140,  225,   10,  249
  260,20020808,  185,  141,  232,    0,    0
  260,20020809,  183,  133,  245,    9,   17
  260,20020810,  182,  143,  217,    0,   -1
  260,20020811,  186,  151,  220,    0,   -1
  260,20020812,  180,  142,  220,    0,   -1
  260,20020813,  182,  123,  236,    0,    0
  260,20020814,  195,  129,  255,    0,    0
  260,20020815,  209,  133,  280,    0,    0
  260,20020816,  218,  133,  291,    0,    0
  260,20020817,  220,  135,  290,    0,    0
  260,20020818,  231,  156,  295,    0,    0
  260,20020819,  222,  177,  278,   28,   16
  260,20020820,  187,  161,  233,   52,  252
  260,20020821,  177,  162,  207,   37,   15
  260,20020822,  165,  124,  197,    2,    1
  260,20020823,  170,  119,  211,    0,    0
  260,20020824,  169,  149,  196,   47,   83
  260,20020825,  176,  130,  223,    4,    1
  260,20020826,  183,  115,  226,    0,    0
  260,20020827,  207,  171,  239,    0,    0
  260,20020828,  205,  165,  242,    0,    0
  260,20020829,  180,  126,  242,    0,    0
  260,20020830,  179,  124,  229,    0,    0
  260,20020831,  169,  119,  202,    6,    8
  260,20020901,  152,   94,  206,    0,   -1
  260,20020902,  163,   91,  223,    0,    0
  260,20020903,  161,   94,  231,    5,   11
  260,20020904,  149,   77,  234,    0,    0
  260,20020905,  155,   66,  236,    0,    0
  260,20020906,  169,  122,  218,    0,    0
  260,20020907,  171,  146,  220,   29,  122
  260,20020908,  174,  122,  242,   21,   66
  260,20020909,  181,  106,  251,    0,    0
  260,20020910,  149,  108,  185,    0,   -1
  260,20020911,  166,  135,  204,   20,   16
  260,20020912,  173,  110,  231,    0,    0
  260,20020913,  165,   95,  227,    0,    0
  260,20020914,  166,  142,  200,    0,   -1
  260,20020915,  152,   88,  206,    0,    0
  260,20020916,  134,   68,  199,    0,   -1
  260,20020917,  142,   89,  179,    0,   -1
  260,20020918,  145,  122,  174,    0,    0
  260,20020919,  147,  128,  177,    0,    0
  260,20020920,  142,   92,  187,    0,    0
  260,20020921,  135,  103,  168,    2,    3
  260,20020922,  133,  106,  175,   10,   38
  260,20020923,  122,   78,  165,    0,    0
  260,20020924,  102,   50,  159,    0,   -1
  260,20020925,  131,   80,  175,   10,   23
  260,20020926,  123,   93,  155,   57,   43
  260,20020927,  121,   60,  180,    0,    0
  260,20020928,  118,   51,  177,    0,    0
  260,20020929,  115,   54,  188,    0,    0
  260,20020930,  110,   53,  192,    0,    0
  260,20021001,  117,   43,  210,    0,    0
  260,20021002,  133,   77,  197,    0,   -1
  260,20021003,  145,   83,  179,   36,   14
  260,20021004,  116,   53,  178,    0,    0
  260,20021005,  130,   68,  156,   71,  126
  260,20021006,  104,   21,  148,   17,   11
  260,20021007,   83,   12,  153,   36,   31
  260,20021008,   61,   19,  112,    0,    0
  260,20021009,   88,   34,  138,    0,    0
  260,20021010,   84,   53,  127,    0,    0
  260,20021011,   65,   28,  112,    0,    0
  260,20021012,   61,   39,   81,    0,   -1
  260,20021013,   77,   58,   97,    0,   -1
  260,20021014,   91,   66,  110,   86,  117
  260,20021015,   81,   44,  123,    0,   -1
  260,20021016,  122,  101,  146,   11,    6
  260,20021017,   93,   61,  132,   19,   19
  260,20021018,   71,   44,  112,   20,   44
  260,20021019,   59,   18,   99,   25,   43
  260,20021020,   75,   32,  113,   36,   21
  260,20021021,  103,   63,  140,   24,   17
  260,20021022,  136,  106,  160,   29,   22
  260,20021023,   98,   46,  139,   13,   37
  260,20021024,   81,   48,  119,    2,    2
  260,20021025,  119,   94,  137,   30,   94
  260,20021026,  106,   66,  128,   32,   24
  260,20021027,  114,   82,  158,  132,  260
  260,20021028,   95,   60,  130,    0,   -1
  260,20021029,   82,   55,  102,   13,    8
  260,20021030,   87,   49,  124,   21,   12
  260,20021031,   56,   11,  126,    0,    0
  260,20021101,   94,   18,  139,   37,   41
  260,20021102,  130,  102,  159,   27,   25
  260,20021103,  117,   86,  149,   79,  119
  260,20021104,   88,   34,  139,   10,   12
  260,20021105,   67,   31,  107,    0,    0
  260,20021106,   85,   45,  128,   70,  136
  260,20021107,   71,   27,  104,   43,   56
  260,20021108,   73,   39,  118,   98,  187
  260,20021109,   65,   -3,  118,    1,    1
  260,20021110,   50,  -11,  100,   71,   34
  260,20021111,   94,   62,  129,    6,    6
  260,20021112,   95,   78,  111,   14,    8
  260,20021113,   94,   65,  119,   59,   50
  260,20021114,  102,   71,  132,    7,    2
  260,20021115,   65,   21,  109,    0,    0
  260,20021116,   67,   39,   85,    0,    0
  260,20021117,   90,   73,  114,    3,    1
  260,20021118,   78,   70,   90,    0,    0
  260,20021119,   72,   53,   88,    0,    0
  260,20021120,   55,   24,   84,    0,    0
  260,20021121,   98,   70,  125,   13,    4
  260,20021122,   75,   46,  106,    0,    0
  260,20021123,   71,   39,  104,   22,   33
  260,20021124,   77,   39,  116,   10,    4
  260,20021125,   54,   36,   60,   69,   59
  260,20021126,   68,   25,  115,    0,    0
  260,20021127,   60,   18,   96,    0,    0
  260,20021128,   70,   56,   81,   47,   46
  260,20021129,   78,   32,   99,   13,    3
  260,20021130,   57,   17,   83,    0,    0
  260,20021201,   73,   62,   87,   59,   77
  260,20021202,   71,   49,   84,    4,    2
  260,20021203,   63,   31,   80,    0,    0
  260,20021204,   45,    3,   60,    0,    0
  260,20021205,   52,   35,   78,    0,    0
  260,20021206,   22,    7,   47,    0,   -1
  260,20021207,    2,  -22,   17,    1,    1
  260,20021208,  -23,  -38,   -4,    0,    0
  260,20021209,  -51,  -79,  -29,    0,    0
  260,20021210,  -65,  -87,  -31,    0,    0
  260,20021211,  -59,  -82,  -25,    0,    0
  260,20021212,  -28,  -71,    0,    0,    0
  260,20021213,  -13,  -44,    6,    3,    2
  260,20021214,    2,  -10,   12,    0,    0
  260,20021215,   28,    0,   47,   68,   47
  260,20021216,   30,    8,   64,   81,   35
  260,20021217,   15,   -9,   21,    0,    0
  260,20021218,  -11,  -58,   39,    0,    0
  260,20021219,    9,  -18,   44,    0,    0
  260,20021220,   -7,  -40,   18,    0,    0
  260,20021221,   22,   15,   32,    0,    0
  260,20021222,   53,   19,  100,  138,  232
  260,20021223,   38,   18,   72,    3,   10
  260,20021224,   94,   65,  109,   53,   33
  260,20021225,   95,   73,  111,   17,    6
  260,20021226,   95,   82,  112,   57,   84
  260,20021227,  109,   82,  120,  115,   92
  260,20021228,   90,   76,  105,   45,   34
  260,20021229,   75,   61,  100,  110,  179
  260,20021230,   68,   18,  120,   62,   55
  260,20021231,    2,  -10,   18,    0,    0
  260,20030101,   47,   -9,  109,  121,  169
  260,20030102,   92,   71,  103,  121,  189
  260,20030103,   42,    9,   84,   31,   28
  260,20030104,  -17,  -57,   10,    0,   -1
  260,20030105,  -26,  -75,    0,   12,    4
  260,20030106,   -8,  -26,    7,   20,    9
  260,20030107,  -54,  -82,  -24,    0,   -1
  260,20030108,  -57,  -88,  -39,    0,   -1
  260,20030109,  -78, -106,  -39,    0,    0
  260,20030110,  -45,  -83,  -13,    0,   -1
  260,20030111,  -42,  -99,   11,    0,    0
  260,20030112,   -4,  -70,   27,    0,   -1
  260,20030113,   65,   26,   86,   33,   24
  260,20030114,   72,   60,   87,   10,    2
  260,20030115,   59,   48,   74,   14,   15
  260,20030116,   51,   33,   77,    0,    0
  260,20030117,   33,   14,   54,    7,    1
  260,20030118,   45,   25,   57,    6,    2
  260,20030119,   45,   14,   72,   44,   24
  260,20030120,   76,   59,   89,   63,   35
  260,20030121,   75,   63,   96,   23,   22
  260,20030122,   72,   65,   86,   43,   34
  260,20030123,   53,   -3,   76,    9,    7
  260,20030124,   23,  -30,   73,    0,    0
  260,20030125,   41,   16,   63,   22,   15
  260,20030126,   54,    7,   96,   90,   23
  260,20030127,   93,   82,  111,   13,   16
  260,20030128,   61,   40,   86,   43,   49
  260,20030129,   39,   10,   64,   68,   64
  260,20030130,    2,  -36,   24,   28,   34
  260,20030131,  -36,  -81,   -7,    0,   -1
  260,20030201,  -28,  -66,    5,   86,   52
  260,20030202,   28,    5,   48,   59,  102
  260,20030203,   34,   12,   59,   26,   35
  260,20030204,   20,   -8,   49,   58,   62
  260,20030205,   29,  -14,   69,    4,    9
  260,20030206,    7,  -44,   37,    0,    0
  260,20030207,   45,   21,   67,    0,   -1
  260,20030208,   69,   58,   79,   11,    3
  260,20030209,   55,   36,   66,    0,   -1
  260,20030210,    9,  -32,   53,    0,    0
  260,20030211,   -8,  -37,    4,    0,   -1
  260,20030212,  -27,  -41,  -16,    0,   -1
  260,20030213,  -26,  -64,   17,    0,    0
  260,20030214,  -16,  -62,   40,    0,    0
  260,20030215,   -7,  -30,    4,    0,    0
  260,20030216,  -15,  -49,   16,    0,    0
  260,20030217,  -24,  -72,   34,    0,    0
  260,20030218,  -21,  -71,   45,    0,    0
  260,20030219,   -5,  -54,   59,    0,    0
  260,20030220,    5,  -45,   71,    0,    0
  260,20030221,   11,  -54,   97,    0,    0
  260,20030222,   20,  -41,   89,    0,    0
  260,20030223,   39,   -7,  108,    0,    0
  260,20030224,   56,    0,  131,    0,    0
  260,20030225,   34,  -27,  111,    0,    0
  260,20030226,   47,  -46,  119,    0,    0
  260,20030227,   83,   22,  163,    0,    0
  260,20030228,   94,   21,  150,   13,   31
  260,20030301,   97,   67,  128,    4,    2
  260,20030302,   82,   57,  116,   22,   31
  260,20030303,   62,   22,  113,    0,    0
  260,20030304,   68,   20,  103,   18,    9
  260,20030305,  107,   84,  130,    5,    3
  260,20030306,   65,    4,  105,   19,   15
  260,20030307,   53,   -3,   97,   14,    9
  260,20030308,   80,   49,  102,   78,   85
  260,20030309,   92,   75,  122,   15,    6
  260,20030310,  102,   78,  127,    0,    0
  260,20030311,   93,   76,  110,  105,   72
  260,20030312,   69,   30,   97,    5,    3
  260,20030313,   46,    4,   94,    0,    0
  260,20030314,   48,  -18,  110,    0,    0
  260,20030315,   54,    1,  114,    0,    0
  260,20030316,   48,  -20,  138,    0,    0
  260,20030317,   32,  -30,   85,    0,    0
  260,20030318,   60,  -11,  134,    0,    0
  260,20030319,   40,  -27,  102,    0,    0
  260,20030320,   39,   -4,   81,    0,    0
  260,20030321,   52,    2,  102,    0,    0
  260,20030322,   58,  -22,  137,    0,    0
  260,20030323,   76,   -2,  161,    0,    0
  260,20030324,  102,    5,  203,    0,    0
  260,20030325,   97,   19,  168,    0,    0
  260,20030326,   97,   22,  176,    0,    0
  260,20030327,   76,   12,  163,    0,    0
  260,20030328,  120,   28,  195,    0,    0
  260,20030329,  112,   52,  176,    0,   -1
  260,20030330,   78,   34,  141,    0,    0
  260,20030331,   63,    0,  126,    0,    0
  260,20030401,   66,   -4,  132,   56,  157
  260,20030402,   59,   35,  100,   29,   36
  260,20030403,   49,   -2,   93,    0,   -1
  260,20030404,   57,  -24,  108,    0,   -1
  260,20030405,   75,   52,  116,    0,   -1
  260,20030406,   50,    2,   93,    0,    0
  260,20030407,   26,  -25,   73,    0,    0
  260,20030408,   26,  -34,   71,    0,    0
  260,20030409,   22,  -44,   72,    8,    4
  260,20030410,   28,   -4,   73,    0,   -1
  260,20030411,   48,  -18,  105,    6,    1
  260,20030412,   62,  -33,  141,    0,    0
  260,20030413,  109,   -8,  182,    0,    0
  260,20030414,  149,   76,  212,    0,    0
  260,20030415,  174,   76,  240,    0,    0
  260,20030416,  175,   84,  247,    0,    0
  260,20030417,  162,  100,  225,    0,    0
  260,20030418,  124,   58,  183,    0,    0
  260,20030419,   80,   39,  120,    0,   -1
  260,20030420,  112,   43,  173,    0,   -1
  260,20030421,  145,   55,  235,   16,   39
  260,20030422,  117,   50,  175,    2,    1
  260,20030423,  103,   19,  168,    0,    0
  260,20030424,  145,   27,  222,    0,   -1
  260,20030425,  163,   78,  226,    9,   14
  260,20030426,  122,   74,  150,   54,  119
  260,20030427,  122,   93,  165,    9,    8
  260,20030428,  156,   95,  226,   35,   11
  260,20030429,  134,   77,  181,   19,   30
  260,20030430,  119,   77,  152,   14,   42
  260,20030501,  118,   58,  158,    6,    6
  260,20030502,  121,   55,  201,   28,   92
  260,20030503,  121,   90,  153,   22,   21
  260,20030504,  158,   67,  236,    0,    0
  260,20030505,  140,  105,  168,   86,   73
  260,20030506,  110,   38,  162,   39,   36
  260,20030507,  112,   23,  188,    0,    0
  260,20030508,  120,   37,  194,   16,    8
  260,20030509,  115,   73,  161,    0,   -1
  260,20030510,  114,   42,  176,    0,    0
  260,20030511,  138,   64,  196,   12,   10
  260,20030512,  112,   85,  159,   65,  115
  260,20030513,   99,   62,  140,   20,   20
  260,20030514,   95,   59,  139,   10,   10
  260,20030515,   97,   41,  150,   10,   20
  260,20030516,  115,   18,  173,    0,   -1
  260,20030517,  138,   97,  192,   23,   24
  260,20030518,  141,  110,  189,   38,   32
  260,20030519,  128,  105,  156,   42,   34
  260,20030520,  107,   86,  147,   86,  224
  260,20030521,  128,   99,  162,   16,   28
  260,20030522,  135,  108,  163,   76,   30
  260,20030523,  129,  113,  153,  159,   94
  260,20030524,  124,   93,  148,   31,   24
  260,20030525,  121,   56,  150,   18,   18
  260,20030526,  133,   47,  202,    0,    0
  260,20030527,  154,   63,  211,    0,    0
  260,20030528,  173,   91,  237,    0,    0
  260,20030529,  191,  102,  259,    0,    0
  260,20030530,  206,  124,  275,    0,    0
  260,20030531,  193,  133,  251,    0,    0
  260,20030601,  214,  116,  281,    0,    0
  260,20030602,  203,  125,  272,    9,  108
  260,20030603,  194,  110,  245,    0,   -1
  260,20030604,  211,  144,  289,    2,   35
  260,20030605,  158,   91,  210,    0,   -1
  260,20030606,  180,   79,  250,    0,    0
  260,20030607,  193,  120,  265,    0,    0
  260,20030608,  174,  126,  254,   36,   75
  260,20030609,  160,  121,  209,    0,    0
  260,20030610,  188,  114,  254,    8,   77
  260,20030611,  174,  103,  223,    0,    0
  260,20030612,  165,   94,  233,    0,   -1
  260,20030613,  175,   84,  236,    0,    0
  260,20030614,  169,  120,  214,    0,    0
  260,20030615,  169,   92,  226,    0,    0
  260,20030616,  177,   87,  250,    0,    0
  260,20030617,  189,  113,  254,    4,   13
  260,20030618,  190,  152,  232,    0,   -1
  260,20030619,  183,  160,  208,    3,    2
  260,20030620,  147,   80,  185,    0,    0
  260,20030621,  144,   70,  197,    0,    0
  260,20030622,  187,   89,  253,    2,    1
  260,20030623,  193,  141,  265,    6,    2
  260,20030624,  161,   91,  202,    0,    0
  260,20030625,  156,   70,  211,    0,    0
  260,20030626,  178,  101,  250,    0,    0
  260,20030627,  208,  127,  275,    0,    0
  260,20030628,  175,   98,  225,    0,   -1
  260,20030629,  172,   87,  236,    0,    0
  260,20030630,  165,  140,  197,   33,   33
  260,20030701,  166,  131,  219,   16,   41
  260,20030702,  153,  125,  181,   38,   57
  260,20030703,  161,  125,  202,   35,   51
  260,20030704,  151,  139,  170,    5,    7
  260,20030705,  154,  135,  187,    0,   -1
  260,20030706,  155,  106,  187,    0,    0
  260,20030707,  167,  100,  231,    0,   -1
  260,20030708,  172,   91,  231,    7,   15
  260,20030709,  181,  103,  231,    0,   -1
  260,20030710,  192,   86,  261,    0,    0
  260,20030711,  190,  103,  259,    0,    0
  260,20030712,  164,   96,  222,    0,    0
  260,20030713,  184,   80,  251,    0,    0
  260,20030714,  216,  136,  278,    0,    0
  260,20030715,  249,  161,  312,    0,    0
  260,20030716,  256,  189,  343,    0,   -1
  260,20030717,  178,  166,  203,   46,   85
  260,20030718,  196,  143,  250,    4,    3
  260,20030719,  236,  128,  311,    0,    0
  260,20030720,  215,  138,  307,    4,    2
  260,20030721,  201,  115,  281,    0,   -1
  260,20030722,  188,  123,  252,    0,    0
  260,20030723,  196,  115,  263,    0,    0
  260,20030724,  181,  124,  237,    3,    1
  260,20030725,  188,  140,  246,   25,   17
  260,20030726,  195,  156,  239,    0,   -1
  260,20030727,  191,  125,  228,   10,    6
  260,20030728,  175,  106,  241,    4,    3
  260,20030729,  203,  108,  271,    0,    0
  260,20030730,  193,  134,  247,   16,   10
  260,20030731,  192,  103,  269,    0,    0
  260,20030801,  207,  127,  283,    0,    0
  260,20030802,  206,  148,  267,    0,   -1
  260,20030803,  206,  123,  269,    0,    0
  260,20030804,  222,  134,  297,    0,    0
  260,20030805,  229,  146,  308,    0,    0
  260,20030806,  255,  158,  339,    0,   -1
  260,20030807,  257,  170,  350,    0,    0
  260,20030808,  225,  178,  309,    0,    0
  260,20030809,  206,  162,  265,    0,    0
  260,20030810,  222,  163,  304,    0,    0
  260,20030811,  235,  151,  315,    0,    0
  260,20030812,  254,  185,  338,    0,    0
  260,20030813,  205,  144,  261,    0,    0
  260,20030814,  181,  127,  227,    0,   -1
  260,20030815,  166,   95,  228,    0,    0
  260,20030816,  168,   76,  233,    0,    0
  260,20030817,  177,  116,  219,    3,    1
  260,20030818,  195,  126,  239,    6,    5
  260,20030819,  179,  100,  233,    0,    0
  260,20030820,  168,   96,  240,    0,   -1
  260,20030821,  168,   80,  247,    0,    0
  260,20030822,  185,  133,  217,    0,   -1
  260,20030823,  190,   89,  248,    0,   -1
  260,20030824,  166,   84,  201,    0,    0
  260,20030825,  187,  141,  239,    0,    0
  260,20030826,  177,  124,  233,    0,   -1
  260,20030827,  163,  128,  209,    0,    0
  260,20030828,  155,  119,  208,   17,   14
  260,20030829,  139,  114,  168,   56,   55
  260,20030830,  145,   87,  201,    0,   -1
  260,20030831,  131,   87,  181,   14,   17
  260,20030901,  130,   78,  188,   16,   11
  260,20030902,  130,   63,  193,    3,    2
  260,20030903,  134,   44,  219,    0,    0
  260,20030904,  144,   59,  225,    0,    0
  260,20030905,  171,   92,  250,    0,    0
  260,20030906,  169,  117,  214,   23,   17
  260,20030907,  145,  100,  196,    0,    0
  260,20030908,  137,   91,  202,    0,   -1
  260,20030909,  133,   81,  201,   13,   30
  260,20030910,  110,   82,  130,   96,  135
  260,20030911,  141,   73,  194,    0,    0
  260,20030912,  129,   77,  178,    3,    1
  260,20030913,  122,   45,  205,    0,    0
  260,20030914,  128,   43,  216,    0,    0
  260,20030915,  146,   50,  237,    0,    0
  260,20030916,  155,   74,  248,    0,    0
  260,20030917,  159,   79,  253,    0,    0
  260,20030918,  183,   91,  286,    0,    0
  260,20030919,  172,  120,  244,    0,    0
  260,20030920,  177,  100,  274,    0,    0
  260,20030921,  190,  139,  249,    0,    0
  260,20030922,  188,  110,  261,   45,  145
  260,20030923,   99,   62,  140,   38,  120
  260,20030924,   87,   36,  158,    0,   -1
  260,20030925,  105,   24,  188,    0,    0
  260,20030926,  126,   40,  185,    9,    4
  260,20030927,  123,   74,  181,    0,   -1
  260,20030928,  116,   83,  137,   41,   46
  260,20030929,  113,   50,  164,   10,    5
  260,20030930,  114,   47,  174,    0,    0
  260,20031001,  123,   75,  173,   50,   38
  260,20031002,  142,  113,  171,    0,    0
  260,20031003,  146,  112,  184,   15,    8
  260,20031004,  101,   72,  147,   35,   36
  260,20031005,   81,   24,  140,   20,   34
  260,20031006,   92,   49,  147,   63,  129
  260,20031007,   88,   61,  109,  126,  228
  260,20031008,  112,   95,  142,   61,  171
  260,20031009,  123,   65,  154,    6,    3
  260,20031010,  131,   76,  168,   20,   10
  260,20031011,  103,   54,  142,    0,    0
  260,20031012,   84,   16,  151,    0,    0
  260,20031013,   91,   48,  134,    0,    0
  260,20031014,   83,   50,  125,    0,    0
  260,20031015,   73,   29,  129,    0,    0
  260,20031016,   72,   30,  126,    0,    0
  260,20031017,   65,   27,  123,    0,    0
  260,20031018,   53,   -5,  121,    0,    0
  260,20031019,   56,    0,  127,    0,    0
  260,20031020,   64,   20,  108,    0,   -1
  260,20031021,   58,   24,   80,    0,   -1
  260,20031022,   54,   23,  104,    2,    5
  260,20031023,   18,  -53,   75,    0,    0
  260,20031024,   -2,  -59,   53,   25,   21
  260,20031025,   49,  -30,  107,   59,   91
  260,20031026,   51,  -16,  118,   15,    6
  260,20031027,    5,  -48,   78,    0,    0
  260,20031028,    1,  -34,   77,    0,    0
  260,20031029,   40,  -30,   92,    0,   -1
  260,20031030,   73,   47,  114,    3,    4
  260,20031031,   84,   47,  116,   47,   59
  260,20031101,   93,   75,  120,   14,    7
  260,20031102,   93,   59,  119,   38,   28
  260,20031103,  112,   90,  133,   20,   18
  260,20031104,   92,   42,  132,    0,    0
  260,20031105,  100,   74,  145,    0,    0
  260,20031106,   73,   29,  140,    0,    0
  260,20031107,   61,   24,  112,    0,    0
  260,20031108,   66,   33,  101,    0,    0
  260,20031109,   73,   14,  112,    0,   -1
  260,20031110,   88,   38,  147,    0,    0
  260,20031111,   34,   10,   53,    0,    0
  260,20031112,   49,    2,   80,   13,    6
  260,20031113,   94,   45,  135,    7,    2
  260,20031114,   73,   55,   87,    0,   -1
  260,20031115,   83,   45,  115,    4,    2
  260,20031116,   59,   35,   72,  111,   50
  260,20031117,   82,   47,   92,   53,   12
  260,20031118,  118,   88,  130,   39,    9
  260,20031119,  123,  117,  134,    0,    0
  260,20031120,  101,   84,  119,   12,    3
  260,20031121,   93,   77,  108,    0,   -1
  260,20031122,  117,   89,  139,   41,   15
  260,20031123,  120,   91,  144,   26,   47
  260,20031124,   78,   57,  100,  117,  151
  260,20031125,   61,   18,   98,    0,    0
  260,20031126,   86,   57,  109,   40,   15
  260,20031127,   47,    5,   66,    0,    0
  260,20031128,   28,  -22,   96,    0,    0
  260,20031129,   38,   18,   59,   13,   14
  260,20031130,   64,   36,   87,   39,   16
  260,20031201,   99,   72,  127,   61,   58
  260,20031202,   64,   29,   90,    0,    0
  260,20031203,   40,   11,   61,    0,    0
  260,20031204,   53,   40,   62,    0,    0
  260,20031205,   44,   34,   57,    0,    0
  260,20031206,   44,  -29,   93,   15,    8
  260,20031207,  -14,  -40,   21,    0,    0
  260,20031208,  -20,  -58,   19,    0,    0
  260,20031209,  -13,  -56,   53,    0,    0
  260,20031210,  -20,  -73,   35,    0,    0
  260,20031211,   29,   -5,   67,   56,   42
  260,20031212,   29,  -20,   94,   27,   14
  260,20031213,  115,   93,  122,  160,  233
  260,20031214,   72,   34,  101,   55,   77
  260,20031215,   32,   11,   61,   20,   19
  260,20031216,   51,   11,   78,    0,   -1
  260,20031217,   33,  -15,   70,    0,    0
  260,20031218,   14,  -26,   58,    0,    0
  260,20031219,   33,   -9,   58,    0,    0
  260,20031220,   75,   45,  106,   66,   81
  260,20031221,   56,    9,   82,   54,   72
  260,20031222,   12,   -6,   41,    6,   15
  260,20031223,   14,  -10,   25,   85,   61
  260,20031224,   41,   21,   61,    0,   -1
  260,20031225,   83,   61,   92,    0,   -1
  260,20031226,   75,   61,   90,    0,   -1
  260,20031227,   69,   52,   91,   14,   11
  260,20031228,   54,   33,   88,  125,  270
  260,20031229,   40,   11,   57,    0,   -1
  260,20031230,   27,    6,   51,    0,   -1
  260,20031231,    9,  -16,   19,    0,    0
  260,20040101,   -1,  -17,    5,   42,    9
  260,20040102,  -19,  -60,    3,    0,    0
  260,20040103,  -38,  -72,   -9,    8,    7
  260,20040104,   27,  -36,   61,   37,   12
  260,20040105,   45,   34,   60,   48,   19
  260,20040106,   66,   35,   92,   62,   30
  260,20040107,   62,   18,   83,    0,    0
  260,20040108,   56,   38,   69,   33,   46
  260,20040109,   61,   44,   72,   17,   13
  260,20040110,   58,   22,   86,    0,    0
  260,20040111,   91,   61,  117,   95,  109
  260,20040112,   54,   46,   65,   44,   27
  260,20040113,   75,   45,   97,   48,   74
  260,20040114,   47,   14,   72,   74,   93
  260,20040115,   51,   23,   64,   32,   23
  260,20040116,   61,   52,   72,  135,  148
  260,20040117,   49,   36,   61,   30,   40
  260,20040118,   21,    3,   42,    0,    0
  260,20040119,   66,   31,   91,  228,  299
  260,20040120,   35,   -7,   90,   10,    6
  260,20040121,   17,    3,   38,    0,    0
  260,20040122,   19,    6,   28,    4,    1
  260,20040123,   19,    3,   45,    0,    0
  260,20040124,   32,   10,   72,   48,   44
  260,20040125,   25,  -24,   74,    0,   -1
  260,20040126,    2,  -27,   23,    0,   -1
  260,20040127,   10,  -13,   41,    0,   -1
  260,20040128,   11,  -12,   54,   59,   57
  260,20040129,   14,  -28,   41,   41,   53
  260,20040130,   25,    8,   46,    0,    0
  260,20040131,   71,   21,  113,  115,  121
  260,20040201,  104,   91,  123,   47,  102
  260,20040202,  107,   96,  120,   66,   97
  260,20040203,  135,  109,  161,    0,   -1
  260,20040204,  144,  113,  166,   17,   13
  260,20040205,  120,  106,  145,   77,   68
  260,20040206,  110,   97,  130,   32,   39
  260,20040207,   73,   49,   98,   51,   80
  260,20040208,   41,   17,   68,   80,   85
  260,20040209,   33,   13,   62,   14,   19
  260,20040210,   40,    3,   79,   80,  102
  260,20040211,   61,   32,   80,   36,   13
  260,20040212,   52,   18,   78,    0,    0
  260,20040213,   79,   65,   99,    0,   -1
  260,20040214,   70,   22,   90,    0,   -1
  260,20040215,   60,   25,   82,    0,    0
  260,20040216,   25,   -8,   54,    0,    0
  260,20040217,   43,   16,   71,    5,    2
  260,20040218,   51,   23,   87,   23,   25
  260,20040219,   15,  -11,   48,    0,    0
  260,20040220,    5,  -26,   47,    0,    0
  260,20040221,    1,  -28,   18,    0,    0
  260,20040222,   23,  -24,   76,    0,   -1
  260,20040223,    8,  -33,   64,    0,   -1
  260,20040224,   22,  -25,   62,   86,   56
  260,20040225,    5,  -22,   40,   42,   24
  260,20040226,    9,  -16,   53,   40,   69
  260,20040227,  -13,  -42,   10,    0,   -1
  260,20040228,  -22,  -78,   42,    0,    0
  260,20040229,   -3,  -58,   45,    0,    0
  260,20040301,   11,  -59,   56,    0,    0
  260,20040302,   34,  -19,   88,    0,    0
  260,20040303,   18,  -30,   87,    0,    0
  260,20040304,   51,    3,   98,    0,    0
  260,20040305,   41,   10,   78,   55,   50
  260,20040306,   21,    2,   52,   40,   11
  260,20040307,   40,  -16,   87,    5,    3
  260,20040308,   27,  -38,   76,    0,   -1
  260,20040309,   21,   -1,   42,    0,   -1
  260,20040310,   13,   -2,   25,    0,   -1
  260,20040311,   21,   -6,   60,    0,   -1
  260,20040312,   35,   -3,   64,    0,   -1
  260,20040313,   77,   49,  101,   31,   13
  260,20040314,   95,   48,  135,    0,   -1
  260,20040315,  120,  103,  136,    0,    0
  260,20040316,  126,   86,  161,    0,    0
  260,20040317,  113,   57,  186,    0,    0
  260,20040318,   96,   34,  146,   25,   29
  260,20040319,   93,   71,  119,   63,  147
  260,20040320,  102,   68,  126,   62,   70
  260,20040321,   85,   52,  114,    9,    6
  260,20040322,   60,    3,   97,   33,   81
  260,20040323,   37,  -16,   97,    0,   -1
  260,20040324,   37,  -12,   88,    3,    2
  260,20040325,   34,  -14,   80,    0,    0
  260,20040326,   27,  -36,   82,   12,    8
  260,20040327,   32,  -35,   92,    0,    0
  260,20040328,   64,    1,  122,    0,    0
  260,20040329,   80,   -3,  140,    0,    0
  260,20040330,  105,   32,  167,    0,    0
  260,20040331,  120,   49,  179,    0,    0
  260,20040401,  140,   69,  200,    0,    0
  260,20040402,  123,   87,  177,    0,   -1
  260,20040403,  117,   88,  146,   15,    6
  260,20040404,  104,   82,  137,   51,   54
  260,20040405,   80,   43,  117,   24,   30
  260,20040406,   64,   44,   89,   36,   56
  260,20040407,   62,   32,  107,   53,   57
  260,20040408,   61,   19,   96,   16,   16
  260,20040409,   49,   -6,   95,    0,    0
  260,20040410,   58,   -8,   88,    8,    4
  260,20040411,   54,   -6,   95,   17,    5
  260,20040412,   76,  -12,  143,    0,    0
  260,20040413,   89,   31,  135,    0,   -1
  260,20040414,   79,   -6,  157,    0,    0
  260,20040415,  106,   25,  185,    0,    0
  260,20040416,  129,   32,  201,    0,    0
  260,20040417,  130,   73,  206,   11,    5
  260,20040418,   97,   66,  127,   23,   12
  260,20040419,   70,   15,  124,    0,   -1
  260,20040420,   80,   -3,  156,    0,    0
  260,20040421,  128,   51,  182,    0,   -1
  260,20040422,  125,   57,  182,   13,   21
  260,20040423,  105,   29,  176,    0,    0
  260,20040424,  104,   45,  164,    0,   -1
  260,20040425,  118,   18,  187,    0,    0
  260,20040426,  133,   52,  203,    0,    0
  260,20040427,  163,   86,  213,    0,    0
  260,20040428,  146,  121,  212,   22,   65
  260,20040429,  143,  119,  177,    0,   -1
  260,20040430,  173,  119,  243,    0,   -1
  260,20040501,  150,  105,  212,    0,   -1
  260,20040502,  126,  102,  146,    0,    0
  260,20040503,  139,   87,  197,    2,    2
  260,20040504,   97,   65,  125,   62,   19
  260,20040505,  102,   33,  147,    0,    0
  260,20040506,  102,   22,  155,    0,    0
  260,20040507,   97,   86,  126,  141,  119
  260,20040508,  109,   68,  133,    0,   -1
  260,20040509,  121,   60,  173,    4,    3
  260,20040510,  134,  100,  187,    0,   -1
  260,20040511,  110,   92,  150,    0,    0
  260,20040512,  106,   89,  143,    0,    0
  260,20040513,  112,   88,  139,    0,    0
  260,20040514,  122,   69,  172,    0,    0
  260,20040515,  153,  104,  204,    0,    0
  260,20040516,  149,   87,  202,    0,    0
  260,20040517,  151,   61,  224,    0,    0
  260,20040518,  145,   65,  209,    0,    0
  260,20040519,  148,   57,  222,    0,    0
  260,20040520,  142,   69,  202,    0,   -1
  260,20040521,  112,   68,  159,    0,   -1
  260,20040522,   93,   41,  148,    5,    5
  260,20040523,  102,   36,  149,    3,    4
  260,20040524,  116,   25,  183,    0,    0
  260,20040525,  113,   51,  164,    2,    1
  260,20040526,   99,   25,  160,    0,    0
  260,20040527,   93,   18,  160,    0,   -1
  260,20040528,  118,    8,  203,    0,    0
  260,20040529,  158,   43,  236,    0,    0
  260,20040530,  152,  100,  228,   75,  138
  260,20040531,  140,   81,  192,   31,   21
  260,20040601,  157,   65,  225,    0,    0
  260,20040602,  134,  117,  157,   88,   74
  260,20040603,  143,  113,  189,   11,    5
  260,20040604,  141,  106,  180,   72,   61
  260,20040605,  132,   84,  164,    0,   -1
  260,20040606,  140,   55,  198,    0,    0
  260,20040607,  189,   91,  266,    0,    0
  260,20040608,  222,  120,  297,    0,    0
  260,20040609,  199,  132,  254,    0,    0
  260,20040610,  181,  130,  239,   29,   12
  260,20040611,  171,  132,  212,    0,    0
  260,20040612,  146,  107,  181,    9,   46
  260,20040613,  136,   72,  181,    0,   -1
  260,20040614,  165,   69,  239,    0,    0
  260,20040615,  167,  103,  231,    0,    0
  260,20040616,  152,   86,  194,    0,    0
  260,20040617,  159,  124,  189,    5,    1
  260,20040618,  150,  111,  192,   14,   44
  260,20040619,  123,   80,  166,    9,    6
  260,20040620,  124,   80,  173,   15,   23
  260,20040621,  129,   91,  176,   28,   36
  260,20040622,  145,   60,  193,    2,    2
  260,20040623,  155,  129,  199,  134,  218
  260,20040624,  138,  119,  168,   80,  136
  260,20040625,  129,   72,  170,   27,    9
  260,20040626,  155,   56,  209,    0,   -1
  260,20040627,  178,  138,  223,   12,   15
  260,20040628,  154,   84,  204,    0,    0
  260,20040629,  160,   85,  199,    0,    0
  260,20040630,  183,  126,  241,    7,    4
  260,20040701,  161,  123,  191,    2,    5
  260,20040702,  146,  108,  191,   37,  139
  260,20040703,  150,  120,  191,   64,  307
  260,20040704,  146,  119,  188,   17,   16
  260,20040705,  153,   99,  205,    5,    2
  260,20040706,  156,   68,  214,    0,    0
  260,20040707,  167,  104,  221,   20,   51
  260,20040708,  168,  130,  214,   45,   77
  260,20040709,  150,  125,  188,   33,   71
  260,20040710,  151,  101,  187,   12,   22
  260,20040711,  141,  105,  179,    4,    6
  260,20040712,  138,  127,  167,   66,  135
  260,20040713,  142,   96,  183,    5,    4
  260,20040714,  159,   95,  205,   58,   43
  260,20040715,  178,  154,  202,    0,   -1
  260,20040716,  181,  131,  216,    4,    2
  260,20040717,  196,  118,  287,   17,  199
  260,20040718,  179,  146,  222,    8,   19
  260,20040719,  170,  128,  222,    0,    0
  260,20040720,  167,  127,  219,   30,   26
  260,20040721,  184,  128,  234,    0,   -1
  260,20040722,  203,  136,  262,    0,    0
  260,20040723,  186,  107,  240,   16,   30
  260,20040724,  169,   91,  240,    0,    0
  260,20040725,  146,  117,  171,   36,   14
  260,20040726,  161,   97,  206,   20,   53
  260,20040727,  158,   81,  226,    0,    0
  260,20040728,  176,   98,  233,    0,    0
  260,20040729,  196,  117,  262,    0,    0
  260,20040730,  205,  118,  278,    0,    0
  260,20040731,  195,  124,  258,    0,    0
  260,20040801,  192,  146,  239,    0,    0
  260,20040802,  201,  118,  262,    0,    0
  260,20040803,  219,  138,  274,    0,    0
  260,20040804,  224,  158,  281,    0,    0
  260,20040805,  236,  182,  296,    0,   -1
  260,20040806,  230,  170,  300,    0,    0
  260,20040807,  215,  175,  256,    0,   -1
  260,20040808,  245,  172,  310,    0,    0
  260,20040809,  265,  208,  325,    0,    0
  260,20040810,  220,  178,  284,   44,  211
  260,20040811,  210,  172,  263,   10,   36
  260,20040812,  193,  164,  245,   25,   31
  260,20040813,  169,  158,  201,  166,  287
  260,20040814,  192,  139,  240,    3,    1
  260,20040815,  194,  131,  253,   11,   26
  260,20040816,  184,  146,  225,   51,  163
  260,20040817,  198,  139,  241,    0,   -1
  260,20040818,  209,  170,  262,    5,    9
  260,20040819,  188,  155,  235,    0,   -1
  260,20040820,  163,  126,  200,   18,   31
  260,20040821,  137,   79,  192,   20,   15
  260,20040822,  151,   96,  211,    0,    0
  260,20040823,  163,  101,  231,   13,    4
  260,20040824,  169,  143,  220,   47,  106
  260,20040825,  164,  143,  206,   44,   71
  260,20040826,  162,  131,  198,   10,    8
  260,20040827,  156,  148,  165,   93,   85
  260,20040828,  151,   86,  203,    0,    0
  260,20040829,  155,   87,  204,    1,    2
  260,20040830,  146,  126,  183,   52,  102
  260,20040831,  140,   96,  181,   52,   84
  260,20040901,  143,   91,  211,    0,    0
  260,20040902,  157,   80,  233,    0,    0
  260,20040903,  177,   92,  260,    0,    0
  260,20040904,  193,  132,  260,    0,    0
  260,20040905,  194,  114,  280,    0,    0
  260,20040906,  197,  128,  263,    0,    0
  260,20040907,  183,  127,  243,    0,    0
  260,20040908,  161,   79,  220,    0,    0
  260,20040909,  167,   98,  233,    0,    0
  260,20040910,  183,  105,  259,    3,    4
  260,20040911,  186,  154,  223,    7,    4
  260,20040912,  161,  136,  196,    2,    2
  260,20040913,  151,  120,  194,   30,   32
  260,20040914,  143,  112,  198,   12,   13
  260,20040915,  121,   64,  161,   33,   40
  260,20040916,  117,   45,  188,    0,    0
  260,20040917,  151,   90,  204,    0,   -1
  260,20040918,  167,  127,  209,    8,    6
  260,20040919,  146,   90,  192,    0,   -1
  260,20040920,  141,  115,  158,   19,   18
  260,20040921,  138,  110,  167,   23,   31
  260,20040922,  120,  105,  144,  157,  226
  260,20040923,  125,  100,  153,   83,   64
  260,20040924,  115,   80,  156,   74,   69
  260,20040925,  120,  103,  151,   55,   32
  260,20040926,  139,   95,  180,    0,    0
  260,20040927,  155,  130,  187,    9,    6
  260,20040928,  155,  136,  178,   30,   68
  260,20040929,  129,   82,  162,    7,    4
  260,20040930,  118,   63,  141,    8,    3
  260,20041001,  145,  111,  175,    5,    4
  260,20041002,  139,  114,  174,    0,   -1
  260,20041003,  141,  109,  165,    1,    1
  260,20041004,  151,  131,  188,   33,   29
  260,20041005,  137,  105,  165,    0,   -1
  260,20041006,  123,   89,  170,   13,   65
  260,20041007,  108,   64,  153,    4,    1
  260,20041008,   94,   39,  155,    9,    5
  260,20041009,   88,   24,  145,    0,    0
  260,20041010,   86,   49,  136,    0,    0
  260,20041011,   82,   44,  126,    0,    0
  260,20041012,   86,   49,  121,    0,    0
  260,20041013,  112,   68,  160,    0,    0
  260,20041014,  123,  107,  144,    0,   -1
  260,20041015,  101,   76,  133,   36,   88
  260,20041016,   79,   66,   93,    9,    2
  260,20041017,   85,   69,  109,    0,   -1
  260,20041018,   91,   49,  134,    7,   27
  260,20041019,   88,   32,  143,    0,    0
  260,20041020,  134,   88,  180,   53,   78
  260,20041021,  128,  103,  162,   17,   48
  260,20041022,  132,  103,  172,    0,    0
  260,20041023,  154,  132,  176,   71,   90
  260,20041024,  160,  149,  171,   21,   12
  260,20041025,  130,   94,  154,    2,    7
  260,20041026,   85,   22,  138,    0,    0
  260,20041027,   85,   25,  123,    0,    0
  260,20041028,  118,   99,  148,   47,   20
  260,20041029,  123,   85,  171,    0,   -1
  260,20041030,   95,   49,  150,    2,    2
  260,20041031,  103,   51,  124,    0,    0
  260,20041101,   80,   40,  101,    0,    0
  260,20041102,   86,   72,   99,   23,   15
  260,20041103,  101,   83,  126,   37,   27
  260,20041104,   98,   63,  128,    6,    8
  260,20041105,   91,   66,  127,    5,    4
  260,20041106,   93,   59,  129,    6,    4
  260,20041107,   76,   54,  118,    0,    0
  260,20041108,   68,   39,   92,    0,   -1
  260,20041109,   27,    1,   63,    0,    0
  260,20041110,   63,   34,   85,   83,   55
  260,20041111,   35,   -8,   58,    0,    0
  260,20041112,   51,    3,  102,   31,   35
  260,20041113,   50,   14,   90,   22,   27
  260,20041114,   45,   -6,  101,    0,    0
  260,20041115,   74,   33,   88,    0,   -1
  260,20041116,  102,   86,  115,   12,    8
  260,20041117,  114,  101,  126,   91,   86
  260,20041118,   75,   26,  119,  165,  265
  260,20041119,   34,   12,   60,   46,   58
  260,20041120,   20,  -15,   57,   29,   45
  260,20041121,   14,  -14,   69,   45,   21
  260,20041122,  111,   69,  128,   22,    8
  260,20041123,   66,  -13,  110,    3,    3
  260,20041124,   13,  -27,   71,    0,    0
  260,20041125,  -19,  -42,   -5,    0,   -1
  260,20041126,   38,  -19,   83,   35,   38
  260,20041127,   80,   63,   97,    0,   -1
  260,20041128,   80,   66,   91,   75,   50
  260,20041129,   72,   50,   82,    0,    0
  260,20041130,   49,   24,   75,    0,    0
  260,20041201,   33,   30,   39,    0,   -1
  260,20041202,   19,  -23,   74,    0,    0
  260,20041203,   17,   -5,   48,    0,   -1
  260,20041204,   33,    0,   56,   18,    4
  260,20041205,   67,   15,   93,    0,   -1
  260,20041206,   67,   20,   89,    0,    0
  260,20041207,   64,   53,   72,    0,    0
  260,20041208,   51,    4,   74,    0,    0
  260,20041209,   -7,  -33,   10,    0,    0
  260,20041210,   -2,  -50,   22,    0,    0
  260,20041211,   36,   22,   52,    0,    0
  260,20041212,   27,   11,   36,    0,    0
  260,20041213,  -12,  -19,   12,    0,    0
  260,20041214,    4,  -20,   38,    0,    0
  260,20041215,   40,    8,   60,    0,   -1
  260,20041216,   55,   24,   73,   44,   41
  260,20041217,   60,   43,   81,   89,   96
  260,20041218,   46,    8,   76,    8,   14
  260,20041219,    5,  -38,   55,    0,    0
  260,20041220,  -17,  -50,   40,    0,    0
  260,20041221,  -27,  -60,   -5,    0,    0
  260,20041222,   36,   -5,   74,   70,   25
  260,20041223,   97,   71,  116,   13,    4
  260,20041224,   88,   69,  103,   54,  103
  260,20041225,   36,   -1,   71,   22,   32
  260,20041226,  -13,  -47,   43,    0,    0
  260,20041227,  -20,  -65,   41,    0,    0
  260,20041228,   25,  -17,   53,   70,   83
  260,20041229,   41,    9,   73,   14,   27
  260,20041230,   68,   48,   86,   20,    5
  260,20041231,   87,   72,   94,   64,   29
  260,20050101,   69,   28,  106,   24,   13
  260,20050102,   64,   56,   86,    0,   -1
  260,20050103,   75,   58,   89,    0,    0
  260,20050104,   76,   66,   93,   39,   16
  260,20050105,   59,   31,   77,   25,   32
  260,20050106,   77,   56,   95,    4,    3
  260,20050107,  112,   93,  125,    0,   -1
  260,20050108,   91,   53,  118,    0,   -1
  260,20050109,   75,   50,  108,   11,    3
  260,20050110,  113,   89,  133,   47,   19
  260,20050111,  101,   86,  117,   20,    7
  260,20050112,   79,   54,  108,   10,    3
  260,20050113,   56,   29,   76,    0,    0
  260,20050114,   29,  -10,   80,    2,    1
  260,20050115,    3,  -25,   39,    0,    0
  260,20050116,   12,  -22,   43,    0,    0
  260,20050117,   63,   34,   77,   74,   78
  260,20050118,   47,   21,   80,   65,  105
  260,20050119,   55,   40,   74,    6,    4
  260,20050120,   96,   66,  109,   53,  116
  260,20050121,   58,   38,   82,   15,    8
  260,20050122,   39,  -10,   82,   11,    9
  260,20050123,   16,  -20,   67,   22,   20
  260,20050124,    6,  -24,   39,   27,   10
  260,20050125,   -3,  -23,   17,   11,    4
  260,20050126,   -8,  -27,   17,    0,    0
  260,20050127,   13,   -7,   30,   24,   14
  260,20050128,   20,    6,   29,    0,   -1
  260,20050129,   12,  -16,   39,    6,    2
  260,20050130,   59,   36,   75,   38,   11
  260,20050131,   65,   42,   80,   80,   56
  260,20050201,   46,   32,   63,   14,    4
  260,20050202,   62,   43,   81,   63,   37
  260,20050203,   65,   50,   82,   10,    4
  260,20050204,   55,   21,   83,    0,    0
  260,20050205,   23,   -6,   46,    0,    0
  260,20050206,   25,  -34,   75,    0,    0
  260,20050207,   -8,  -45,   50,    0,    0
  260,20050208,   -4,  -54,   46,    0,    0
  260,20050209,   52,  -17,   89,    6,    2
  260,20050210,   74,   53,   90,  149,  196
  260,20050211,   66,   52,   92,   40,   23
  260,20050212,   81,   45,  119,  142,  246
  260,20050213,   35,   10,   59,   88,  104
  260,20050214,   36,   10,   65,   20,   22
  260,20050215,   17,    4,   38,    0,   -1
  260,20050216,    0,  -19,   24,    0,    0
  260,20050217,    6,   -9,   21,    0,    0
  260,20050218,   18,    4,   45,   27,   30
  260,20050219,   24,   -1,   63,   41,   43
  260,20050220,   22,    0,   54,    2,    2
  260,20050221,   18,    2,   43,   12,    7
  260,20050222,    2,  -17,   25,    4,    2
  260,20050223,   -3,  -24,   14,   13,    3
  260,20050224,    0,  -23,   24,    8,    4
  260,20050225,    0,  -36,   29,    0,    0
  260,20050226,   12,  -12,   40,    9,    2
  260,20050227,  -24,  -56,    0,    0,   -1
  260,20050228,  -31,  -92,   16,    0,    0
  260,20050301,  -13,  -30,    6,   60,   20
  260,20050302,   -7,  -13,    4,  120,   61
  260,20050303,  -24,  -78,   -5,    0,   -1
  260,20050304,  -55, -144,   -1,   31,    8
  260,20050305,  -16,  -48,   11,   29,   13
  260,20050306,  -11,  -82,   26,   26,   17
  260,20050307,   35,   12,   57,   33,   18
  260,20050308,   49,   33,   69,   26,   11
  260,20050309,   44,   13,   71,    6,    3
  260,20050310,   27,  -17,   58,    0,    0
  260,20050311,   45,   20,   73,   43,   43
  260,20050312,   36,   13,   52,   42,   38
  260,20050313,   45,   23,   78,    0,   -1
  260,20050314,   40,   -9,   75,    5,    1
  260,20050315,   81,   -9,  123,    0,    0
  260,20050316,  139,   97,  193,   18,   10
  260,20050317,  111,   87,  130,    0,   -1
  260,20050318,   94,   71,  115,    0,   -1
  260,20050319,   95,   70,  118,    4,    1
  260,20050320,   78,   39,  122,    0,    0
  260,20050321,   99,   21,  157,    0,    0
  260,20050322,  122,   89,  177,   15,   17
  260,20050323,  121,   84,  170,    0,    0
  260,20050324,  128,   73,  188,   50,  109
  260,20050325,  104,   81,  132,   12,    2
  260,20050326,  108,   73,  158,    3,    5
  260,20050327,  116,   81,  160,   20,  106
  260,20050328,  104,   77,  137,    0,   -1
  260,20050329,  104,   75,  137,    0,    0
  260,20050330,  118,   80,  161,    2,    1
  260,20050331,  111,   72,  161,   22,   14
  260,20050401,  102,   42,  171,    0,    0
  260,20050402,  108,   26,  173,    0,    0
  260,20050403,  138,   79,  212,    0,    0
  260,20050404,  118,   63,  187,   29,   30
  260,20050405,   90,   51,  128,    4,    2
  260,20050406,   88,   47,  126,   44,   15
  260,20050407,   91,   70,  126,    4,    3
  260,20050408,   64,   33,  102,   74,   73
  260,20050409,   48,   14,   69,   61,   49
  260,20050410,   78,   38,  123,   31,   14
  260,20050411,  104,   42,  161,    0,    0
  260,20050412,   99,   23,  158,    0,    0
  260,20050413,  105,   74,  124,  111,   82
  260,20050414,  124,   98,  170,   64,   23
  260,20050415,  107,   70,  178,    0,   -1
  260,20050416,   78,   64,   90,   81,   46
  260,20050417,  116,   75,  176,    0,    0
  260,20050418,  105,   52,  161,    8,   14
  260,20050419,   86,   45,  128,  102,   83
  260,20050420,   88,   51,  136,   69,   26
  260,20050421,   83,   19,  135,    0,    0
  260,20050422,   89,    1,  162,    0,    0
  260,20050423,  112,   28,  186,    0,    0
  260,20050424,  126,   33,  186,    0,    0
  260,20050425,  127,   77,  180,    0,    0
  260,20050426,  106,   47,  162,   23,   53
  260,20050427,  114,   81,  155,   35,   29
  260,20050428,  129,   38,  179,    3,    3
  260,20050429,  142,  102,  181,   54,   84
  260,20050430,  151,  106,  194,    0,    0
  260,20050501,  196,   97,  285,    0,   -1
  260,20050502,  151,  104,  187,   28,   30
  260,20050503,  138,   94,  184,   18,   18
  260,20050504,  118,   90,  139,    2,    2
  260,20050505,   98,   50,  134,   31,   45
  260,20050506,  104,   83,  123,    7,    2
  260,20050507,   85,   52,  111,   57,   70
  260,20050508,   77,   40,  118,   18,   20
  260,20050509,   79,   48,  120,   13,   31
  260,20050510,   80,   42,  131,    5,    3
  260,20050511,   82,   31,  126,    3,    1
  260,20050512,   89,    4,  144,    0,    0
  260,20050513,  118,   52,  180,    0,    0
  260,20050514,  109,   69,  166,    0,    0
  260,20050515,  107,   57,  162,   50,   46
  260,20050516,   91,   23,  153,   28,   10
  260,20050517,   67,   12,  106,   14,   14
  260,20050518,   83,    2,  148,    0,    0
  260,20050519,  133,   50,  190,   33,   36
  260,20050520,  165,  131,  212,   29,   22
  260,20050521,  156,  110,  207,   21,   35
  260,20050522,  146,   98,  201,    5,   19
  260,20050523,  124,   78,  166,    0,    0
  260,20050524,  136,   79,  181,    0,   -1
  260,20050525,  174,  134,  228,    0,    0
  260,20050526,  206,  127,  291,    0,    0
  260,20050527,  226,  108,  307,    0,    0
  260,20050528,  197,  121,  250,    0,    0
  260,20050529,  142,   86,  193,   35,   81
  260,20050530,  103,   69,  129,   60,   55
  260,20050531,  118,   64,  167,    1,    2
  260,20050601,  135,   38,  190,    0,   -1
  260,20050602,  156,  133,  194,   26,   10
  260,20050603,  173,  134,  257,   28,   77
  260,20050604,  143,  118,  185,   30,   56
  260,20050605,  143,  127,  171,   13,   11
  260,20050606,  117,   83,  147,    0,   -1
  260,20050607,  108,   73,  140,    0,   -1
  260,20050608,  117,   49,  166,    0,    0
  260,20050609,  132,   43,  189,    0,    0
  260,20050610,  128,   58,  193,    0,   -1
  260,20050611,  113,   77,  146,    0,   -1
  260,20050612,  118,   67,  165,   44,   52
  260,20050613,  119,   71,  167,    2,    2
  260,20050614,  142,   50,  209,    0,    0
  260,20050615,  163,   69,  243,    0,   -1
  260,20050616,  180,  130,  228,    0,   -1
  260,20050617,  189,  173,  218,    2,    1
  260,20050618,  200,  145,  261,    0,    0
  260,20050619,  225,  127,  298,    0,    0
  260,20050620,  252,  157,  328,    0,    0
  260,20050621,  203,  140,  257,    0,    0
  260,20050622,  196,  118,  258,    0,    0
  260,20050623,  235,  140,  307,    0,    0
  260,20050624,  256,  169,  326,    0,    0
  260,20050625,  186,  126,  221,   20,   28
  260,20050626,  172,  114,  233,    0,    0
  260,20050627,  175,  110,  234,    0,    0
  260,20050628,  187,   94,  256,    0,    0
  260,20050629,  191,  141,  261,   43,  108
  260,20050630,  174,  125,  231,   52,  174
  260,20050701,  166,  123,  210,    5,    2
  260,20050702,  177,  127,  210,    2,    4
  260,20050703,  200,  154,  252,    0,    0
  260,20050704,  172,  127,  233,   41,  335
  260,20050705,  148,  113,  190,    9,    4
  260,20050706,  149,  116,  199,   46,   79
  260,20050707,  152,  101,  200,    0,    0
  260,20050708,  148,   94,  197,   34,   23
  260,20050709,  169,  107,  214,    0,    0
  260,20050710,  218,  157,  274,    0,    0
  260,20050711,  201,  168,  245,    0,    0
  260,20050712,  201,  157,  257,    0,    0
  260,20050713,  196,  148,  251,    0,    0
  260,20050714,  213,  139,  281,    0,    0
  260,20050715,  203,  156,  239,    0,    0
  260,20050716,  168,  107,  223,    0,    0
  260,20050717,  177,   89,  232,    0,    0
  260,20050718,  200,  133,  261,    9,   13
  260,20050719,  179,  161,  200,    7,   23
  260,20050720,  163,  130,  190,   17,   50
  260,20050721,  153,  128,  174,    3,    1
  260,20050722,  147,  134,  172,   27,   55
  260,20050723,  147,  105,  183,    0,   -1
  260,20050724,  169,  108,  225,   42,   34
  260,20050725,  173,  147,  201,   52,  136
  260,20050726,  153,  131,  183,    8,    6
  260,20050727,  179,  134,  227,   60,   41
  260,20050728,  220,  162,  285,    4,    1
  260,20050729,  209,  178,  262,   40,  205
  260,20050730,  175,  146,  215,   52,  378
  260,20050731,  148,  132,  161,   77,  195
  260,20050801,  155,  106,  194,    0,    0
  260,20050802,  149,   84,  206,    0,    0
  260,20050803,  153,   90,  215,   21,   37
  260,20050804,  165,  118,  205,    0,    0
  260,20050805,  147,  111,  178,   50,   53
  260,20050806,  136,   83,  192,   10,   17
  260,20050807,  134,   81,  178,   33,  121
  260,20050808,  155,  115,  190,   16,   35
  260,20050809,  146,  126,  175,    0,    0
  260,20050810,  155,  129,  187,    3,    1
  260,20050811,  161,  115,  196,    4,    1
  260,20050812,  141,  106,  193,   55,  400
  260,20050813,  158,   89,  217,   19,    6
  260,20050814,  159,  135,  192,   52,  126
  260,20050815,  151,  132,  172,    8,    1
  260,20050816,  160,  100,  219,    0,    0
  260,20050817,  173,   93,  237,    0,    0
  260,20050818,  203,  126,  272,    0,    0
  260,20050819,  189,  153,  257,    4,    1
  260,20050820,  176,  142,  214,    9,    9
  260,20050821,  179,  141,  227,    0,    0
  260,20050822,  169,  126,  219,    0,    0
  260,20050823,  151,   88,  194,   24,   10
  260,20050824,  156,   83,  205,    9,    8
  260,20050825,  148,   99,  192,   72,  128
  260,20050826,  142,  104,  182,    2,    2
  260,20050827,  151,  102,  205,    0,   -1
  260,20050828,  163,   98,  230,    0,    0
  260,20050829,  181,  110,  254,    0,    0
  260,20050830,  189,   96,  261,    0,    0
  260,20050831,  225,  137,  289,    0,    0
  260,20050901,  197,  157,  227,    5,    3
  260,20050902,  185,  142,  235,    0,    0
  260,20050903,  180,  149,  235,    0,    0
  260,20050904,  190,  117,  250,    0,    0
  260,20050905,  205,  143,  268,    0,    0
  260,20050906,  193,  123,  258,    0,    0
  260,20050907,  189,  134,  254,    0,    0
  260,20050908,  204,  128,  276,    0,    0
  260,20050909,  208,  163,  266,    8,    4
  260,20050910,  206,  168,  260,   25,  167
  260,20050911,  181,  167,  193,   24,   45
  260,20050912,  169,  117,  208,    0,    0
  260,20050913,  154,  105,  212,    0,    0
  260,20050914,  163,  120,  192,   11,    8
  260,20050915,  147,  104,  182,  111,  171
  260,20050916,  116,   70,  155,   53,   54
  260,20050917,   98,   48,  162,    0,   -1
  260,20050918,  107,   35,  185,    0,    0
  260,20050919,  116,   45,  194,    0,    0
  260,20050920,  123,   50,  199,    0,    0
  260,20050921,  131,   58,  209,    0,    0
  260,20050922,  135,   66,  213,    0,    0
  260,20050923,  148,   66,  221,    0,    0
  260,20050924,  153,  100,  194,    4,    4
  260,20050925,  154,  119,  199,    1,    1
  260,20050926,  148,  121,  191,   33,   58
  260,20050927,  142,  124,  165,   14,    5
  260,20050928,  132,  107,  166,    4,   10
  260,20050929,  117,   87,  152,   40,   51
  260,20050930,  124,   90,  149,   48,   52
  260,20051001,  135,   85,  169,   33,   40
  260,20051002,  111,   67,  163,   38,   99
  260,20051003,  111,   50,  167,    0,    0
  260,20051004,  122,   78,  165,    0,    0
  260,20051005,  136,   99,  192,    0,    0
  260,20051006,  129,   97,  183,    0,    0
  260,20051007,  135,   85,  201,    0,    0
  260,20051008,  139,   83,  177,    0,    0
  260,20051009,  138,  110,  170,    0,   -1
  260,20051010,  158,  110,  212,    0,    0
  260,20051011,  151,  113,  204,    0,    0
  260,20051012,  152,  113,  209,    0,    0
  260,20051013,  147,  110,  209,    0,    0
  260,20051014,  150,  113,  193,    0,    0
  260,20051015,  133,   87,  192,    0,    0
  260,20051016,  113,   69,  173,    0,    0
  260,20051017,   88,   44,  135,    0,    0
  260,20051018,   94,   53,  139,    0,    0
  260,20051019,   98,   77,  126,   14,   19
  260,20051020,  120,   70,  162,   34,   45
  260,20051021,  121,   63,  164,   39,   65
  260,20051022,  124,  107,  148,    0,   -1
  260,20051023,  107,   83,  137,   15,   58
  260,20051024,  128,   93,  155,  122,  190
  260,20051025,  144,  134,  156,   43,   45
  260,20051026,  141,  111,  176,    0,    0
  260,20051027,  161,  127,  208,    0,    0
  260,20051028,  163,  132,  195,    0,    0
  260,20051029,  165,  135,  197,    0,   -1
  260,20051030,  165,  138,  211,    0,   -1
  260,20051031,  157,  124,  193,    0,   -1
  260,20051101,  122,   61,  161,    1,    2
  260,20051102,  124,   69,  155,   91,   62
  260,20051103,  159,  136,  187,    0,   -1
  260,20051104,  124,   85,  155,    2,    1
  260,20051105,   89,   62,  124,    0,   -1
  260,20051106,  113,   83,  148,   13,   10
  260,20051107,  111,   83,  145,   11,    8
  260,20051108,  116,   81,  167,    0,    0
  260,20051109,   85,   29,  115,    0,   -1
  260,20051110,   82,   17,  118,   29,   13
  260,20051111,  121,  107,  143,   31,   11
  260,20051112,   93,   75,  109,   36,   23
  260,20051113,   71,   18,  133,    0,    0
  260,20051114,   52,   -7,  109,    0,    0
  260,20051115,   79,   54,  108,   79,   68
  260,20051116,   55,   35,   77,   54,  110
  260,20051117,   40,   16,   83,   38,   43
  260,20051118,   29,  -16,   95,    2,    3
  260,20051119,   32,  -28,   92,    3,    3
  260,20051120,   54,   31,   79,    7,    3
  260,20051121,   64,   23,  112,    3,    1
  260,20051122,   25,  -10,   46,    0,   -1
  260,20051123,   39,   27,   47,   39,   13
  260,20051124,   43,   22,   58,   85,  127
  260,20051125,   24,    6,   47,  166,  425
  260,20051126,   18,    9,   30,   17,    9
  260,20051127,   11,    0,   22,   38,   37
  260,20051128,   21,  -22,   64,    0,    0
  260,20051129,   30,    5,   67,    4,    4
  260,20051130,   29,    3,   54,    0,   -1
  260,20051201,   17,    4,   30,    0,    0
  260,20051202,   33,    2,   62,    9,    1
  260,20051203,   72,   54,   85,   23,   12
  260,20051204,   77,   64,   99,   51,   47
  260,20051205,   62,   47,   76,   32,   53
  260,20051206,   58,   44,   74,   10,    7
  260,20051207,   62,   33,   92,   25,   39
  260,20051208,   41,    1,   71,    0,    0
  260,20051209,   10,  -11,   41,    0,    0
  260,20051210,  -12,  -29,    1,    0,   -1
  260,20051211,   34,    1,   54,    0,   -1
  260,20051212,   60,   27,   90,    0,   -1
  260,20051213,   66,   52,   83,    0,   -1
  260,20051214,   67,   43,   91,   26,   12
  260,20051215,   81,   62,  101,   13,    6
  260,20051216,   62,   16,   98,   95,  136
  260,20051217,   15,   -9,   41,   20,   21
  260,20051218,   16,  -12,   47,    6,   18
  260,20051219,   43,   10,   87,   46,   21
  260,20051220,   45,   31,   57,    0,   -1
  260,20051221,   53,   37,   64,   41,   15
  260,20051222,   76,   46,   86,   45,   18
  260,20051223,   78,   68,   88,    0,   -1
  260,20051224,   71,   26,   90,    0,    0
  260,20051225,   45,   18,   72,    4,    1
  260,20051226,   17,  -22,   66,   20,   25
  260,20051227,  -12,  -27,   -2,    3,    1
  260,20051228,  -20,  -44,   10,    0,    0
  260,20051229,  -17,  -64,   15,    0,   -1
  260,20051230,  -12,  -31,    4,   78,  111
  260,20051231,   45,    4,   62,   31,   21
  260,20060101,   40,   23,   53,    0,    0
  260,20060102,   15,  -35,   56,    0,   -1
  260,20060103,   -2,  -45,   45,    0,   -1
  260,20060104,   16,   -5,   38,    0,   -1
  260,20060105,    7,  -13,   19,    0,    0
  260,20060106,   19,   14,   26,    0,    0
  260,20060107,   20,   11,   40,    0,    0
  260,20060108,   19,   -4,   39,    0,    0
  260,20060109,   -6,  -27,   28,    0,    0
  260,20060110,   22,  -14,   49,    0,    0
  260,20060111,   36,   13,   53,   72,   47
  260,20060112,   19,   -8,   43,    0,    0
  260,20060113,   12,  -10,   39,    0,    0
  260,20060114,   10,  -14,   46,    0,    0
  260,20060115,  -16,  -34,   12,    0,    0
  260,20060116,    7,  -37,   41,   15,    7
  260,20060117,   53,   41,   68,   47,   49
  260,20060118,   34,  -15,   82,    4,    1
  260,20060119,   46,  -13,   90,   31,   13
  260,20060120,   78,   50,   98,   22,   25
  260,20060121,   58,   30,   82,    4,    4
  260,20060122,    3,  -26,   30,    0,    0
  260,20060123,  -28,  -53,    3,    0,    0
  260,20060124,  -21,  -43,   16,    0,    0
  260,20060125,    7,  -70,   61,   19,    5
  260,20060126,   11,    3,   22,    0,   -1
  260,20060127,  -19,  -60,    7,    0,   -1
  260,20060128,  -28,  -66,   20,    0,    0
  260,20060129,   -1,  -57,   46,    0,    0
  260,20060130,   34,   16,   49,    0,    0
  260,20060131,    9,  -30,   37,    0,    0
  260,20060201,  -33,  -45,  -18,    0,   -1
  260,20060202,  -18,  -35,  -10,    0,   -1
  260,20060203,   15,  -19,   45,    0,    0
  260,20060204,   39,   18,   79,    0,   -1
  260,20060205,   32,   11,   64,   17,   11
  260,20060206,   46,   32,   62,   16,    3
  260,20060207,   71,   53,   86,   16,    3
  260,20060208,   53,   29,   73,   64,  134
  260,20060209,   35,   14,   63,   12,   12
  260,20060210,   28,   14,   44,    8,    4
  260,20060211,   19,  -11,   50,    0,   -1
  260,20060212,    9,   -9,   21,   99,   50
  260,20060213,   28,   11,   39,    0,    0
  260,20060214,   52,   29,   87,   14,    4
  260,20060215,   71,   48,  105,   70,  139
  260,20060216,   70,   46,   98,   41,   46
  260,20060217,   53,   32,   69,   53,   53
  260,20060218,   44,    9,   70,    7,    3
  260,20060219,   45,    8,   88,    0,   -1
  260,20060220,   33,   25,   43,    0,    0
  260,20060221,   29,   19,   36,   58,   14
  260,20060222,   16,    3,   32,    0,    0
  260,20060223,    4,  -18,   34,    0,    0
  260,20060224,    9,  -27,   53,    0,    0
  260,20060225,    3,  -18,   38,    0,    0
  260,20060226,    9,  -22,   51,    0,    0
  260,20060227,   27,  -11,   61,   63,   40
  260,20060228,   20,   -7,   55,   93,   72
  260,20060301,    5,  -13,   37,   58,   53
  260,20060302,    2,  -25,   50,   22,   33
  260,20060303,  -18,  -64,   33,   17,   15
  260,20060304,   -9,  -73,   46,   12,   14
  260,20060305,   13,  -40,   58,   17,   21
  260,20060306,   23,   -4,   63,   34,   55
  260,20060307,   27,  -25,   70,    0,    0
  260,20060308,   43,   17,   73,  137,  190
  260,20060309,   64,   39,   76,   59,   59
  260,20060310,   50,   33,   68,   64,   67
  260,20060311,   -3,  -40,   38,    3,    2
  260,20060312,  -24,  -66,   18,    0,    0
  260,20060313,  -16,  -65,   31,    0,    0
  260,20060314,    4,  -37,   52,    0,    0
  260,20060315,   11,  -18,   62,    0,    0
  260,20060316,   13,  -11,   26,    0,   -1
  260,20060317,    9,   -6,   31,    0,    0
  260,20060318,    7,  -19,   55,    0,    0
  260,20060319,   25,  -24,   61,    0,    0
  260,20060320,   43,    9,   83,    0,    0
  260,20060321,   29,  -19,   70,    0,    0
  260,20060322,   11,  -42,   63,    0,    0
  260,20060323,   34,  -36,   95,    0,    0
  260,20060324,   62,   20,   97,   22,   15
  260,20060325,  113,   79,  143,   43,   86
  260,20060326,  142,  118,  168,  102,  193
  260,20060327,  135,  104,  180,    8,   62
  260,20060328,  104,   79,  138,    3,    1
  260,20060329,   87,   68,  120,   53,   48
  260,20060330,  117,   73,  153,   68,  113
  260,20060331,  116,   99,  147,   25,   16
  260,20060401,  111,   69,  149,    2,    1
  260,20060402,   98,   64,  129,   54,   53
  260,20060403,   75,   48,  106,   30,   22
  260,20060404,   54,   21,   90,   10,   10
  260,20060405,   42,   -8,   86,    0,    0
  260,20060406,   67,    6,  112,    0,   -1
  260,20060407,   81,   41,  116,   11,    7
  260,20060408,   76,   51,  103,   14,   40
  260,20060409,   64,   21,  106,    0,    0
  260,20060410,   57,    7,  104,    0,   -1
  260,20060411,   49,  -18,  101,   56,   24
  260,20060412,   80,   48,  117,   24,   17
  260,20060413,  100,   74,  136,   45,   79
  260,20060414,   87,   23,  126,    0,    0
  260,20060415,   86,   -1,  129,   44,   39
  260,20060416,  112,   91,  149,   50,   49
  260,20060417,  111,   86,  142,   18,   10
  260,20060418,   99,   62,  136,    2,    1
  260,20060419,  104,   64,  149,    0,    0
  260,20060420,  118,   66,  165,    0,    0
  260,20060421,  135,   92,  189,    0,   -1
  260,20060422,   78,   39,   98,    0,   -1
  260,20060423,   88,   25,  142,   28,    7
  260,20060424,  128,   88,  188,    0,   -1
  260,20060425,  142,   79,  218,    0,    0
  260,20060426,  126,   74,  170,   13,   19
  260,20060427,  113,   65,  164,    0,    0
  260,20060428,   77,   41,  124,    0,   -1
  260,20060429,   71,   37,  114,    5,    5
  260,20060430,   66,   29,  115,   11,   15
  260,20060501,   79,   32,  105,   80,   37
  260,20060502,  124,   34,  184,    0,    0
  260,20060503,  176,  118,  246,    0,    0
  260,20060504,  202,  123,  263,    0,    0
  260,20060505,  192,  127,  253,    0,    0
  260,20060506,  183,  112,  241,    0,    0
  260,20060507,  187,  115,  242,    0,    0
  260,20060508,  180,  129,  250,    0,    0
  260,20060509,  190,  125,  250,    0,    0
  260,20060510,  178,   98,  254,    0,    0
  260,20060511,  189,   87,  258,    0,    0
  260,20060512,  173,   83,  244,    0,    0
  260,20060513,  156,   91,  219,    0,    0
  260,20060514,  129,   92,  177,    0,    0
  260,20060515,  152,   80,  215,   11,    4
  260,20060516,  148,  126,  184,    4,    2
  260,20060517,  162,  103,  212,   42,   17
  260,20060518,  157,  120,  188,   34,  102
  260,20060519,  127,  104,  147,   61,   76
  260,20060520,  125,  111,  155,   73,  106
  260,20060521,  138,  106,  176,   64,   58
  260,20060522,  147,  121,  203,   17,   54
  260,20060523,  103,   80,  141,   80,   38
  260,20060524,  104,   75,  144,   37,   89
  260,20060525,  102,   55,  143,   39,   38
  260,20060526,  121,   54,  146,   94,  154
  260,20060527,  141,  129,  154,   62,   45
  260,20060528,  130,  117,  151,    8,   25
  260,20060529,  111,   73,  150,   16,   30
  260,20060530,   87,   52,  131,   12,   24
  260,20060531,  101,   71,  120,    5,    3
  260,20060601,  101,   81,  133,   10,    4
  260,20060602,  123,   58,  180,    0,    0
  260,20060603,  141,   95,  204,    0,    0
  260,20060604,  127,   79,  176,    0,   -1
  260,20060605,  116,   64,  150,    0,   -1
  260,20060606,  124,   69,  179,    0,    0
  260,20060607,  137,   53,  203,    0,    0
  260,20060608,  166,   70,  234,    0,    0
  260,20060609,  191,   94,  256,    0,    0
  260,20060610,  213,  125,  280,    0,    0
  260,20060611,  232,  142,  300,    0,    0
  260,20060612,  227,  154,  298,    0,    0
  260,20060613,  241,  142,  315,    0,    0
  260,20060614,  165,  130,  202,   82,   48
  260,20060615,  132,  108,  149,    9,    2
  260,20060616,  143,  110,  181,    0,   -1
  260,20060617,  174,  108,  236,    0,    0
  260,20060618,  209,  113,  290,    0,    0
  260,20060619,  195,  144,  234,    6,    6
  260,20060620,  188,  141,  222,    0,    0
  260,20060621,  157,  125,  197,   22,   12
  260,20060622,  150,  121,  184,    1,    1
  260,20060623,  158,  108,  197,    0,    0
  260,20060624,  185,  108,  255,    0,   -1
  260,20060625,  179,  127,  222,   29,  105
  260,20060626,  160,  128,  187,    7,    2
  260,20060627,  142,  104,  180,    0,   -1
  260,20060628,  154,   81,  205,    0,    0
  260,20060629,  171,  102,  232,    0,    0
  260,20060630,  202,  116,  269,    0,    0
  260,20060701,  228,  130,  297,    0,    0
  260,20060702,  240,  156,  301,    0,    0
  260,20060703,  237,  157,  301,    0,    0
  260,20060704,  248,  143,  320,    0,    0
  260,20060705,  240,  181,  296,    3,    2
  260,20060706,  224,  187,  283,   19,    5
  260,20060707,  203,  173,  244,    2,    1
  260,20060708,  198,  150,  243,    0,   -1
  260,20060709,  205,  158,  262,    3,    1
  260,20060710,  208,  144,  264,    0,   -1
  260,20060711,  194,  121,  229,   23,   62
  260,20060712,  185,   99,  251,    0,    0
  260,20060713,  197,  109,  269,    0,    0
  260,20060714,  176,  126,  227,    0,    0
  260,20060715,  195,   85,  269,    0,    0
  260,20060716,  231,  153,  302,    0,    0
  260,20060717,  241,  146,  320,    0,    0
  260,20060718,  250,  140,  332,    0,    0
  260,20060719,  269,  174,  357,    0,    0
  260,20060720,  256,  196,  299,    0,    0
  260,20060721,  242,  175,  302,    0,    0
  260,20060722,  230,  175,  312,    6,    4
  260,20060723,  224,  165,  284,    0,    0
  260,20060724,  229,  144,  292,    0,    0
  260,20060725,  252,  172,  316,    0,    0
  260,20060726,  258,  188,  327,    0,    0
  260,20060727,  235,  173,  287,    0,   -1
  260,20060728,  222,  163,  281,   11,   11
  260,20060729,  213,  159,  291,    0,    0
  260,20060730,  200,  135,  287,   23,   64
  260,20060731,  186,  126,  246,    0,   -1
  260,20060801,  179,  141,  209,   12,  148
  260,20060802,  155,  135,  189,   74,  149
  260,20060803,  162,  124,  194,   51,   79
  260,20060804,  188,  168,  225,   28,   84
  260,20060805,  201,  162,  255,    0,   -1
  260,20060806,  200,  149,  254,    0,    0
  260,20060807,  189,  128,  248,   12,    3
  260,20060808,  167,  122,  197,    0,   -1
  260,20060809,  153,   96,  193,   23,   31
  260,20060810,  141,  109,  168,   31,   42
  260,20060811,  129,  103,  158,   83,  252
  260,20060812,  140,  111,  183,   64,   73
  260,20060813,  155,   81,  208,    0,    0
  260,20060814,  161,  126,  205,   59,  147
  260,20060815,  167,  138,  206,    0,   -1
  260,20060816,  174,  126,  238,   10,   40
  260,20060817,  187,  138,  229,    0,    0
  260,20060818,  189,  165,  233,   34,   57
  260,20060819,  187,  149,  251,   24,   32
  260,20060820,  166,  143,  194,   40,  224
  260,20060821,  167,  129,  213,   35,   90
  260,20060822,  157,  106,  198,    0,   -1
  260,20060823,  166,   99,  220,    0,   -1
  260,20060824,  167,  142,  206,   19,    7
  260,20060825,  163,  123,  202,    6,    3
  260,20060826,  149,   97,  193,    0,    0
  260,20060827,  155,  108,  204,   15,   40
  260,20060828,  144,  121,  178,   62,  161
  260,20060829,  130,   82,  177,   25,   70
  260,20060830,  131,   79,  181,   23,   72
  260,20060831,  151,   84,  194,    4,    1
  260,20060901,  176,  138,  218,    0,   -1
  260,20060902,  171,  119,  210,    5,    3
  260,20060903,  191,  167,  218,   68,   48
  260,20060904,  171,  122,  212,    0,    0
  260,20060905,  180,  117,  233,    0,   -1
  260,20060906,  207,  166,  257,    0,    0
  260,20060907,  166,  121,  202,    5,    2
  260,20060908,  144,   98,  194,    0,    0
  260,20060909,  146,   76,  206,    0,    0
  260,20060910,  166,  101,  238,    0,    0
  260,20060911,  180,   98,  265,    0,    0
  260,20060912,  199,  116,  278,    0,    0
  260,20060913,  215,  170,  281,    0,    0
  260,20060914,  219,  183,  277,    0,   -1
  260,20060915,  213,  177,  266,    0,    0
  260,20060916,  202,  156,  270,    0,    0
  260,20060917,  175,  153,  197,    0,    0
  260,20060918,  175,  139,  216,    3,    7
  260,20060919,  142,   89,  191,   25,   26
  260,20060920,  153,   92,  215,    0,    0
  260,20060921,  188,  118,  247,    0,    0
  260,20060922,  207,  165,  263,    0,   -1
  260,20060923,  184,  147,  228,    0,   -1
  260,20060924,  200,  167,  248,    0,   -1
  260,20060925,  181,  158,  225,    0,   -1
  260,20060926,  162,  109,  197,    0,   -1
  260,20060927,  152,   90,  213,    0,    0
  260,20060928,  167,  133,  217,    0,    0
  260,20060929,  179,  135,  224,    0,    0
  260,20060930,  164,  103,  217,    0,   -1
  260,20061001,  158,  110,  201,   14,  100
  260,20061002,  143,  127,  168,   82,  229
  260,20061003,  144,  122,  172,   37,   56
  260,20061004,  129,   89,  169,   55,  115
  260,20061005,  134,  101,  173,   92,   92
  260,20061006,  153,  140,  166,   64,   90
  260,20061007,  135,  106,  163,   21,   18
  260,20061008,  122,   85,  173,    0,    0
  260,20061009,  133,   80,  190,    0,   -1
  260,20061010,  149,  101,  186,    4,    1
  260,20061011,  153,  113,  208,    0,    0
  260,20061012,  144,   75,  197,    0,    0
  260,20061013,  124,   47,  179,    0,   -1
  260,20061014,  134,   96,  169,    0,    0
  260,20061015,  102,   65,  141,    0,    0
  260,20061016,  106,   47,  167,    0,    0
  260,20061017,  116,   77,  165,    0,    0
  260,20061018,  136,  104,  166,   10,   10
  260,20061019,  146,  119,  170,   17,   21
  260,20061020,  149,  131,  171,    4,    1
  260,20061021,  147,  127,  176,    8,   10
  260,20061022,  146,  116,  166,   43,   61
  260,20061023,  157,  111,  189,   47,  141
  260,20061024,  128,   92,  160,   29,   93
  260,20061025,  116,   71,  147,    8,   28
  260,20061026,  176,  134,  221,    0,   -1
  260,20061027,  123,   92,  163,    0,   -1
  260,20061028,  134,   65,  166,   20,    6
  260,20061029,  134,   61,  167,    0,    0
  260,20061030,  115,   58,  165,    0,    0
  260,20061031,  123,   81,  161,   30,   21
  260,20061101,   68,   13,  113,   23,   25
  260,20061102,   50,    4,   91,   24,   25
  260,20061103,   58,    5,  106,    6,    2
  260,20061104,   89,   41,  124,    0,   -1
  260,20061105,  114,  100,  128,    0,    0
  260,20061106,  116,   97,  135,    0,    0
  260,20061107,   68,   14,  101,    0,    0
  260,20061108,   92,   16,  135,   47,   71
  260,20061109,   93,   38,  127,    6,    2
  260,20061110,   63,   12,  111,    0,    0
  260,20061111,   91,   62,  122,  101,  225
  260,20061112,   77,   57,   99,   42,   53
  260,20061113,  114,   73,  149,   57,   46
  260,20061114,  123,  100,  138,   28,   38
  260,20061115,  126,  103,  157,    5,    4
  260,20061116,  140,  110,  166,   90,   47
  260,20061117,  110,   93,  132,    0,    0
  260,20061118,   84,   34,  112,   25,   11
  260,20061119,   52,   26,   74,   39,   22
  260,20061120,   77,   49,   96,  116,   87
  260,20061121,   67,   19,   96,   49,   51
  260,20061122,   69,   34,   92,   60,   82
  260,20061123,  105,   78,  135,   78,   88
  260,20061124,  102,   74,  133,    7,    3
  260,20061125,  138,   99,  172,   51,   43
  260,20061126,  102,   74,  132,    0,    0
  260,20061127,  107,   65,  145,    0,    0
  260,20061128,  114,   87,  148,    0,   -1
  260,20061129,   84,   61,  119,    0,    0
  260,20061130,   54,   45,   69,    0,    0
  260,20061201,   87,   63,  101,    2,    1
  260,20061202,   96,   73,  113,   21,    9
  260,20061203,   86,   69,  112,   52,  132
  260,20061204,   99,   73,  133,   52,   37
  260,20061205,  129,  108,  150,   36,   47
  260,20061206,   96,   67,  113,    2,    2
  260,20061207,   84,   59,  105,   83,  156
  260,20061208,   93,   76,  117,   96,   88
  260,20061209,   57,    6,   99,    5,    2
  260,20061210,   36,   -7,   77,    0,   -1
  260,20061211,   72,   50,   95,  104,   51
  260,20061212,   74,   32,   97,   27,   12
  260,20061213,  107,   85,  118,    4,    5
  260,20061214,  100,   87,  112,    0,    0
  260,20061215,   69,   49,   87,    0,    0
  260,20061216,   56,   30,   74,   67,   47
  260,20061217,   46,   17,   81,    8,    5
  260,20061218,   14,  -17,   76,    0,    0
  260,20061219,   13,  -25,   76,    0,    0
  260,20061220,   21,  -32,   50,    0,    0
  260,20061221,   64,   48,   79,    0,    0
  260,20061222,   63,   50,   83,    0,    0
  260,20061223,   36,   19,   55,    0,    0
  260,20061224,   31,   13,   50,    0,   -1
  260,20061225,   58,   47,   68,    0,   -1
  260,20061226,   28,   12,   59,    0,   -1
  260,20061227,    7,   -1,   12,    0,   -1
  260,20061228,   44,   11,   67,   23,   10
  260,20061229,   56,   41,   78,   12,    2
  260,20061230,   95,   71,  117,   69,   81
  260,20061231,  100,   84,  123,   45,   63
  260,20070101,   82,   55,  116,    9,    5
  260,20070102,   57,   33,   77,   57,   58
  260,20070103,   67,   28,   91,   38,   17
  260,20070104,   95,   78,  102,   36,   23
  260,20070105,   88,   62,  104,   44,   24
  260,20070106,   81,   56,  107,   89,  124
  260,20070107,   79,   60,   89,   26,    7
  260,20070108,   94,   81,  119,   71,   85
  260,20070109,  129,  118,  137,    0,   -1
  260,20070110,  107,   71,  134,   38,   55
  260,20070111,   84,   56,  111,   52,   39
  260,20070112,  101,   77,  121,    0,   -1
  260,20070113,  109,   99,  119,    7,    1
  260,20070114,   72,   33,  112,    7,    8
  260,20070115,   53,   34,   88,    0,    0
  260,20070116,   81,   40,   96,   23,    6
  260,20070117,   95,   78,  119,   48,  139
  260,20070118,  106,   76,  141,  112,  248
  260,20070119,  103,   88,  119,   38,    8
  260,20070120,  104,   66,  131,   33,   38
  260,20070121,   65,   37,   85,   29,   71
  260,20070122,   23,  -40,   55,   21,   24
  260,20070123,  -19,  -53,   32,    0,    0
  260,20070124,  -12,  -41,   39,    0,    0
  260,20070125,  -17,  -44,   14,    0,    0
  260,20070126,   21,  -13,   50,   45,   34
  260,20070127,   41,   10,   78,    6,    9
  260,20070128,   72,   59,   85,   25,   10
  260,20070129,   84,   73,  108,    3,    1
  260,20070130,   81,   70,   98,    0,    0
  260,20070131,   73,   56,   88,   33,    4
  260,20070201,   85,   71,  108,    0,   -1
  260,20070202,   70,   29,  105,    0,    0
  260,20070203,   49,    7,  111,    0,    0
  260,20070204,   39,  -13,   71,    0,    0
  260,20070205,   19,  -19,   54,    8,    2
  260,20070206,    6,  -23,   48,    8,    2
  260,20070207,    2,  -23,   47,    0,   -1
  260,20070208,    2,  -27,   36,   59,   52
  260,20070209,   23,   10,   42,    0,   -1
  260,20070210,   38,   10,   71,   40,   36
  260,20070211,   76,   59,  100,   75,  107
  260,20070212,   83,   65,  112,   74,   79
  260,20070213,   77,   54,   94,   38,   15
  260,20070214,   60,   47,   71,  123,   77
  260,20070215,   70,   23,  113,    0,    0
  260,20070216,   78,   41,  114,    0,    0
  260,20070217,   69,   21,  103,    0,    0
  260,20070218,   50,    9,   68,    0,    0
  260,20070219,   54,   31,   72,    0,   -1
  260,20070220,   84,   48,  115,    0,   -1
  260,20070221,   80,   56,   97,   41,   15
  260,20070222,   78,   40,  116,    8,    3
  260,20070223,   88,   61,  114,   18,    9
  260,20070224,   93,   78,  124,   41,   44
  260,20070225,   77,   66,   91,  100,   98
  260,20070226,   72,   55,   85,   23,    9
  260,20070227,   69,   46,  110,  106,   93
  260,20070228,   99,   83,  117,   29,   38
  260,20070301,   80,   51,  105,   67,  161
  260,20070302,   57,    8,   87,   11,   17
  260,20070303,   59,   28,   93,   95,  111
  260,20070304,   86,   31,  119,    0,   -1
  260,20070305,   92,   71,  110,   37,  113
  260,20070306,   88,   80,   95,  179,  162
  260,20070307,   87,   72,  114,   28,   22
  260,20070308,   76,   27,  131,    0,    0
  260,20070309,   67,   44,   93,   45,   52
  260,20070310,   72,   17,  127,    0,    0
  260,20070311,   81,   42,  138,    0,    0
  260,20070312,   86,   23,  163,    0,    0
  260,20070313,   66,   13,  133,    0,    0
  260,20070314,   60,   -5,  133,    0,    0
  260,20070315,   66,   -9,  133,    0,    0
  260,20070316,   90,   66,  125,    0,   -1
  260,20070317,  108,   91,  134,    9,    2
  260,20070318,   72,   31,  102,   94,  122
  260,20070319,   29,    0,   74,   45,   44
  260,20070320,   38,  -10,   85,   21,   20
  260,20070321,   49,   16,   83,   15,   22
  260,20070322,   64,   42,   91,    0,    0
  260,20070323,   64,   41,   87,    0,   -1
  260,20070324,   89,   49,  124,    0,   -1
  260,20070325,  102,   68,  145,    0,    0
  260,20070326,  119,   68,  174,    0,    0
  260,20070327,  115,   54,  172,    0,    0
  260,20070328,  107,   40,  173,    0,    0
  260,20070329,   87,   23,  143,    0,   -1
  260,20070330,  102,   54,  144,    0,   -1
  260,20070331,  111,   62,  160,    0,    0
  260,20070401,  121,   68,  177,    0,    0
  260,20070402,  120,   58,  191,    0,    0
  260,20070403,   73,   50,  105,    8,    3
  260,20070404,   68,    9,  121,    0,    0
  260,20070405,   83,   -2,  160,    0,    0
  260,20070406,  103,   26,  173,    0,    0
  260,20070407,   87,   43,  140,    0,   -1
  260,20070408,   89,    4,  159,    0,    0
  260,20070409,  111,   70,  164,    0,    0
  260,20070410,  127,   91,  166,    0,    0
  260,20070411,  130,   82,  172,    0,    0
  260,20070412,  139,   70,  209,    0,    0
  260,20070413,  163,   90,  244,    0,    0
  260,20070414,  184,  102,  276,    0,    0
  260,20070415,  186,   86,  289,    0,    0
  260,20070416,  169,   77,  273,    0,    0
  260,20070417,  109,   57,  150,    0,    0
  260,20070418,   96,   45,  147,    0,    0
  260,20070419,  106,   14,  174,    0,    0
  260,20070420,   82,   30,  123,    0,    0
  260,20070421,   84,   12,  158,    0,    0
  260,20070422,  115,    3,  203,    0,    0
  260,20070423,  160,   64,  228,    0,    0
  260,20070424,  168,  105,  230,    0,    0
  260,20070425,  192,  116,  277,    0,    0
  260,20070426,  179,  116,  256,    0,    0
  260,20070427,  191,  112,  273,    0,    0
  260,20070428,  182,  110,  264,    0,    0
  260,20070429,  160,  110,  219,    0,    0
  260,20070430,  140,   69,  202,    0,    0
  260,20070501,  159,   90,  225,    0,    0
  260,20070502,  149,   69,  220,    0,    0
  260,20070503,  141,   77,  210,    0,    0
  260,20070504,  148,   80,  228,    0,    0
  260,20070505,  125,   70,  182,    0,    0
  260,20070506,  130,   63,  175,    0,   -1
  260,20070507,  123,  115,  138,  142,  409
  260,20070508,  124,   87,  163,   37,  156
  260,20070509,  134,  108,  170,   39,   42
  260,20070510,  134,  107,  173,  113,  127
  260,20070511,  123,  103,  155,  113,  137
  260,20070512,  134,  105,  174,   26,   34
  260,20070513,  154,  111,  190,    0,   -1
  260,20070514,  137,   97,  179,   24,   22
  260,20070515,  123,   70,  167,    7,    3
  260,20070516,  121,   87,  164,   71,   88
  260,20070517,  104,   63,  158,   55,   22
  260,20070518,  163,   58,  228,    0,    0
  260,20070519,  143,   71,  188,    0,   -1
  260,20070520,  139,   52,  201,   66,   33
  260,20070521,  166,  138,  194,    0,   -1
  260,20070522,  148,   79,  176,    5,    1
  260,20070523,  153,   62,  211,    0,    0
  260,20070524,  183,   92,  246,    0,    0
  260,20070525,  190,  117,  255,    0,    0
  260,20070526,  149,  119,  172,   16,   14
  260,20070527,  141,  111,  186,   47,  184
  260,20070528,  133,  110,  162,   20,   14
  260,20070529,  110,   79,  129,   23,   27
  260,20070530,  148,   71,  204,    0,   -1
  260,20070531,  149,  113,  187,   45,   66
  260,20070601,  173,  104,  229,    0,    0
  260,20070602,  181,  105,  235,    0,    0
  260,20070603,  175,  135,  220,    0,    0
  260,20070604,  186,  126,  229,    0,    0
  260,20070605,  189,  151,  236,    0,    0
  260,20070606,  177,  145,  224,    0,   -1
  260,20070607,  214,  149,  270,    0,    0
  260,20070608,  231,  171,  315,    5,   13
  260,20070609,  182,  148,  211,   18,   26
  260,20070610,  187,  150,  232,   22,  141
  260,20070611,  200,  150,  255,    0,    0
  260,20070612,  163,  145,  186,    9,    4
  260,20070613,  173,  135,  215,    0,    0
  260,20070614,  192,  127,  247,   31,  125
  260,20070615,  192,  160,  221,    4,    6
  260,20070616,  164,  139,  208,    8,   17
  260,20070617,  168,  138,  198,    8,    3
  260,20070618,  167,  120,  214,   69,   67
  260,20070619,  199,  100,  255,    0,    0
  260,20070620,  189,  126,  232,   22,   12
  260,20070621,  163,  124,  213,   40,   66
  260,20070622,  164,  123,  220,   31,   68
  260,20070623,  164,  135,  202,   39,  141
  260,20070624,  159,  128,  195,   43,   55
  260,20070625,  152,  113,  207,   30,   31
  260,20070626,  127,   98,  153,   29,   24
  260,20070627,  139,   83,  175,   24,   24
  260,20070628,  155,  120,  187,   13,   14
  260,20070629,  150,  126,  174,   41,   40
  260,20070630,  168,  140,  194,    8,   24
  260,20070701,  192,  155,  233,   24,   78
  260,20070702,  171,  142,  216,   33,  103
  260,20070703,  154,  136,  188,   25,    9
  260,20070704,  145,  120,  174,   73,  269
  260,20070705,  158,  125,  196,   69,  274
  260,20070706,  155,  132,  171,   24,   35
  260,20070707,  166,  112,  203,    0,   -1
  260,20070708,  163,   92,  215,    3,    7
  260,20070709,  149,   98,  204,    3,    2
  260,20070710,  140,   83,  186,    0,   -1
  260,20070711,  151,  108,  180,   11,   33
  260,20070712,  162,  120,  195,   32,    6
  260,20070713,  203,  169,  246,    0,    0
  260,20070714,  203,  137,  249,    0,   -1
  260,20070715,  214,  135,  289,    0,   -1
  260,20070716,  215,  166,  275,   20,   39
  260,20070717,  193,  158,  238,    7,    4
  260,20070718,  180,  116,  231,    0,   -1
  260,20070719,  190,  104,  251,    0,    0
  260,20070720,  171,  137,  211,   28,   67
  260,20070721,  182,  120,  236,    0,   -1
  260,20070722,  157,  102,  199,   21,  112
  260,20070723,  155,   91,  202,   66,   96
  260,20070724,  160,  125,  193,   16,   43
  260,20070725,  181,  119,  225,    0,   -1
  260,20070726,  181,  161,  225,   45,  105
  260,20070727,  180,  149,  216,    0,    0
  260,20070728,  170,  145,  204,   61,  129
  260,20070729,  149,  105,  191,   64,  177
  260,20070730,  142,  108,  180,    7,   18
  260,20070731,  141,   86,  198,    0,    0
  260,20070801,  162,   76,  220,    0,    0
  260,20070802,  165,  108,  221,    0,    0
  260,20070803,  170,  111,  230,    0,    0
  260,20070804,  192,  110,  262,    0,    0
  260,20070805,  227,  138,  286,    0,    0
  260,20070806,  213,  175,  280,    6,    3
  260,20070807,  185,  150,  218,    0,   -1
  260,20070808,  164,  129,  196,    3,    3
  260,20070809,  161,  145,  175,   38,   16
  260,20070810,  171,  129,  211,    0,    0
  260,20070811,  159,  101,  215,    0,    0
  260,20070812,  168,   83,  236,    9,   31
  260,20070813,  170,  113,  224,    0,    0
  260,20070814,  187,  109,  246,   22,   76
  260,20070815,  203,  172,  255,   49,   43
  260,20070816,  162,  127,  191,   28,   92
  260,20070817,  145,  111,  194,   31,   45
  260,20070818,  163,  101,  210,    0,   -1
  260,20070819,  180,  142,  231,    0,   -1
  260,20070820,  165,  129,  204,   10,   39
  260,20070821,  171,  119,  215,   37,   40
  260,20070822,  180,  131,  215,    0,   -1
  260,20070823,  172,  127,  222,   10,    9
  260,20070824,  191,  126,  254,    0,    0
  260,20070825,  183,  126,  247,    0,    0
  260,20070826,  170,  101,  218,    0,    0
  260,20070827,  147,   93,  200,    0,    0
  260,20070828,  138,   87,  182,    0,    0
  260,20070829,  127,   65,  192,    0,    0
  260,20070830,  148,   62,  196,    2,    1
  260,20070831,  165,  148,  185,   14,   24
  260,20070901,  163,  123,  204,    0,   -1
  260,20070902,  177,  149,  209,   26,   60
  260,20070903,  139,   83,  184,   42,  141
  260,20070904,  117,   61,  170,    8,   20
  260,20070905,  117,   47,  153,   53,   17
  260,20070906,  167,  127,  207,    0,   -1
  260,20070907,  161,  109,  201,    0,   -1
  260,20070908,  163,  102,  187,    7,   11
  260,20070909,  146,  111,  179,    0,   -1
  260,20070910,  145,  122,  177,   33,  187
  260,20070911,  140,   81,  184,    2,    3
  260,20070912,  134,   74,  190,    0,    0
  260,20070913,  126,   72,  185,    0,    0
  260,20070914,  129,   58,  204,    4,    2
  260,20070915,  123,   59,  192,    0,    0
  260,20070916,  156,   78,  221,    0,    0
  260,20070917,  140,  113,  155,  116,  103
  260,20070918,  108,   57,  153,   29,   36
  260,20070919,  118,   52,  171,    6,    3
  260,20070920,  149,  125,  175,   26,   58
  260,20070921,  156,  111,  207,    0,   -1
  260,20070922,  141,   93,  207,    0,    0
  260,20070923,  157,   79,  232,    0,    0
  260,20070924,  139,  100,  197,   23,   31
  260,20070925,  114,   90,  159,   66,  143
  260,20070926,  100,   72,  125,   44,   21
  260,20070927,  123,   78,  166,    0,   -1
  260,20070928,  140,  122,  169,   60,   82
  260,20070929,  126,  116,  136,   77,   48
  260,20070930,  122,   62,  165,    3,    2
  260,20071001,  108,   61,  134,    0,   -1
  260,20071002,  125,  105,  146,    0,    0
  260,20071003,  136,  118,  156,   45,  112
  260,20071004,  123,   58,  176,    0,   -1
  260,20071005,  114,   41,  178,    0,    0
  260,20071006,  116,   67,  172,    0,    0
  260,20071007,  101,   47,  182,    0,    0
  260,20071008,  103,   37,  157,    0,    0
  260,20071009,  122,  100,  147,   28,    6
  260,20071010,  128,   84,  169,    0,    0
  260,20071011,  105,   46,  158,    0,    0
  260,20071012,  143,  111,  190,    0,    0
  260,20071013,  118,   70,  165,    0,    0
  260,20071014,  107,   48,  170,    0,    0
  260,20071015,  115,   62,  187,    0,    0
  260,20071016,  136,  104,  180,    0,    0
  260,20071017,  118,   71,  146,   39,   75
  260,20071018,   91,   60,  133,    8,    5
  260,20071019,   85,   48,  115,    5,    2
  260,20071020,   52,   -6,  117,    0,    0
  260,20071021,   92,   27,  138,   13,    3
  260,20071022,   48,    8,   94,    0,    0
  260,20071023,   40,  -14,   95,    0,    0
  260,20071024,   80,   19,  115,    0,    0
  260,20071025,   84,   70,   99,    0,    0
  260,20071026,   85,   77,   99,    0,    0
  260,20071027,   91,   77,  103,    0,    0
  260,20071028,  102,   89,  121,   19,   18
  260,20071029,   90,   59,  103,   83,   58
  260,20071030,   69,   27,  125,   17,   40
  260,20071031,   94,   16,  143,    0,    0
  260,20071101,  127,  115,  142,    0,    0
  260,20071102,  136,  123,  149,   16,    2
  260,20071103,  120,   69,  141,   20,    5
  260,20071104,   98,   67,  124,    0,   -1
  260,20071105,   99,   75,  130,   23,   60
  260,20071106,   85,   58,  111,   13,   14
  260,20071107,  106,   85,  127,   14,    8
  260,20071108,   95,   57,  130,   47,   77
  260,20071109,   57,   29,   85,   73,   77
  260,20071110,   91,   55,  114,   90,  115
  260,20071111,   83,   36,  117,   17,   45
  260,20071112,   55,   20,  107,    8,    5
  260,20071113,   47,   24,   61,   20,    8
  260,20071114,   32,    3,   65,    1,    1
  260,20071115,   18,  -29,   60,    0,    0
  260,20071116,   30,  -25,   77,    0,    0
  260,20071117,   28,  -19,   91,    0,    0
  260,20071118,   27,  -26,   67,    0,    0
  260,20071119,   44,   25,   57,   18,   10
  260,20071120,   76,   48,  105,   31,    6
  260,20071121,   87,   60,  112,   17,    7
  260,20071122,   74,   40,  127,    0,    0
  260,20071123,   49,    6,   83,   23,   10
  260,20071124,   46,   -6,   82,   12,   13
  260,20071125,   65,   32,   89,   28,   23
  260,20071126,   50,   22,   83,    2,    2
  260,20071127,   54,   10,   86,    0,    0
  260,20071128,   59,   47,   70,   13,    2
  260,20071129,   63,   50,   80,   31,   26
  260,20071130,   72,   28,   98,   65,   67
  260,20071201,   90,   74,  108,   37,   26
  260,20071202,   90,   68,  114,   56,  130
  260,20071203,   68,   26,   91,   47,   56
  260,20071204,   76,   40,  113,   18,    6
  260,20071205,  115,   98,  128,   22,   24
  260,20071206,  104,   80,  131,  109,  239
  260,20071207,  101,   71,  138,   43,   71
  260,20071208,   65,   42,   87,   88,  108
  260,20071209,   77,   66,   94,   59,   51
  260,20071210,   69,   51,   88,    7,    1
  260,20071211,   47,    1,   80,    0,   -1
  260,20071212,   30,  -10,   53,    0,    0
  260,20071213,   16,  -18,   39,    0,    0
  260,20071214,    5,  -24,   43,    0,    0
  260,20071215,   15,  -17,   41,    0,    0
  260,20071216,  -12,  -36,   23,    0,    0
  260,20071217,   -7,  -25,   11,    0,    0
  260,20071218,  -18,  -34,    5,    0,    0
  260,20071219,  -30,  -44,    1,    0,    0
  260,20071220,  -40,  -47,  -31,    0,   -1
  260,20071221,  -45,  -57,  -37,    0,   -1
  260,20071222,  -33,  -69,    0,    0,   -1
  260,20071223,   15,  -34,   74,    0,   -1
  260,20071224,   19,   -4,   38,    0,    0
  260,20071225,   33,    8,   52,   18,    7
  260,20071226,   39,   29,   59,    0,   -1
  260,20071227,   51,   32,   81,    0,    0
  260,20071228,   69,   54,   83,    0,    0
  260,20071229,   64,   41,   87,   42,   28
  260,20071230,   60,    0,   93,   12,    3
  260,20071231,   38,  -10,   69,   37,   15
  260,20080101,   19,   -6,   45,    0,    0
  260,20080102,   -6,  -24,   18,    0,    0
  260,20080103,    6,  -18,   18,    3,    1
  260,20080104,   33,   15,   59,   10,    4
  260,20080105,   67,   46,   85,   71,   87
  260,20080106,   37,   14,   78,   10,   14
  260,20080107,   71,   36,   90,   45,   54
  260,20080108,   60,   42,   78,    0,    0
  260,20080109,   65,   46,   87,   17,   12
  260,20080110,   76,   46,  104,   40,   28
  260,20080111,   97,   84,  110,  118,  126
  260,20080112,   58,   28,   86,   10,    5
  260,20080113,   56,   25,   92,   11,    3
  260,20080114,   66,   23,   91,    3,    1
  260,20080115,   85,   71,  101,   87,   82
  260,20080116,   72,   16,   99,    0,   -1
  260,20080117,   61,    8,   97,   24,   39
  260,20080118,   97,   74,  123,   81,  100
  260,20080119,  109,   97,  124,  157,  147
  260,20080120,  116,  104,  125,   58,   17
  260,20080121,  101,   87,  110,  116,  113
  260,20080122,   44,    4,   93,   17,    9
  260,20080123,   69,   23,  103,   24,    9
  260,20080124,   85,   32,  103,   35,   20
  260,20080125,   66,   24,   92,    0,    0
  260,20080126,   82,   61,  113,    0,    0
  260,20080127,   86,   76,   97,    2,    1
  260,20080128,   83,   71,   96,    0,    0
  260,20080129,   64,   57,   71,    0,    0
  260,20080130,   46,    6,   73,   60,   36
  260,20080131,   45,   14,   73,   33,   55
  260,20080201,   59,   19,   79,   15,    9
  260,20080202,   31,    4,   62,   37,   78
  260,20080203,   31,    9,   48,    0,   -1
  260,20080204,   59,   33,   83,   10,    2
  260,20080205,   78,   37,  115,   71,   54
  260,20080206,   73,   15,  108,   15,   13
  260,20080207,   49,   -8,   81,    0,   -1
  260,20080208,   68,   27,  117,    0,    0
  260,20080209,   56,    9,  124,    0,    0
  260,20080210,   55,   -3,  134,    0,    0
  260,20080211,   54,  -13,  141,    0,    0
  260,20080212,   50,  -23,  141,    0,    0
  260,20080213,   17,   -8,   34,    0,    0
  260,20080214,   32,    5,   50,    0,    0
  260,20080215,   20,  -17,   52,    0,    0
  260,20080216,   -5,  -37,   42,    0,    0
  260,20080217,   -7,  -69,   84,    0,    0
  260,20080218,    4,  -59,   80,    0,    0
  260,20080219,   17,  -12,   54,    0,    0
  260,20080220,   11,  -15,   48,    0,    0
  260,20080221,   71,   24,   99,    8,    9
  260,20080222,   98,   85,  108,    9,    3
  260,20080223,   84,   44,  109,    0,    0
  260,20080224,   95,   83,  118,   26,   49
  260,20080225,   79,   41,  109,   15,   18
  260,20080226,   99,   72,  121,   59,   61
  260,20080227,   71,   33,  104,    0,    0
  260,20080228,   69,   19,  113,    0,    0
  260,20080229,   72,   19,  101,   76,   96
  260,20080301,   94,   79,  113,   12,   19
  260,20080302,   99,   60,  125,    5,    2
  260,20080303,   61,   14,   86,    0,   -1
  260,20080304,   28,   -9,   81,   18,   35
  260,20080305,   34,  -17,   79,    2,    1
  260,20080306,   74,   45,   88,   33,   10
  260,20080307,   69,   22,  102,   16,    6
  260,20080308,   67,   20,  103,    0,   -1
  260,20080309,   77,   51,   92,  129,   57
  260,20080310,   63,   38,   81,   35,   26
  260,20080311,   83,   49,  120,   78,   68
  260,20080312,   80,   58,   94,   23,   19
  260,20080313,   80,   57,  105,    0,   -1
  260,20080314,   74,   17,  109,    0,   -1
  260,20080315,   80,    4,  135,    0,    0
  260,20080316,   80,   56,  101,  143,  141
  260,20080317,   48,    7,   86,    3,    2
  260,20080318,   39,   -9,   93,    6,    5
  260,20080319,   40,    7,   83,    8,   10
  260,20080320,   53,   21,   88,  111,  214
  260,20080321,   35,    6,   71,   78,   88
  260,20080322,   18,  -10,   64,    9,    2
  260,20080323,    7,  -44,   59,   48,   32
  260,20080324,   14,   -6,   59,   52,   70
  260,20080325,   13,  -24,   54,   46,   39
  260,20080326,   29,   -6,   57,   31,   10
  260,20080327,   45,  -16,   88,    0,   -1
  260,20080328,   67,    3,  106,   52,   36
  260,20080329,   94,   66,  132,    6,    5
  260,20080330,   93,   81,  113,   42,   18
  260,20080331,   91,   47,  141,   12,    4
  260,20080401,   85,   37,  119,   27,   34
  260,20080402,   85,   48,  116,    9,    3
  260,20080403,   78,   60,  102,   13,    2
  260,20080404,   88,   58,  117,    0,   -1
  260,20080405,   70,   22,   95,   71,  140
  260,20080406,   41,  -18,   81,    2,    1
  260,20080407,   31,  -23,   99,    0,   -1
  260,20080408,   37,  -17,  100,    0,   -1
  260,20080409,   58,  -25,  126,    0,    0
  260,20080410,   64,  -15,  126,    0,    0
  260,20080411,   78,   16,  134,    0,    0
  260,20080412,   79,   35,  136,    3,    4
  260,20080413,   78,   35,  134,    0,   -1
  260,20080414,   64,   23,  117,    0,    0
  260,20080415,   56,   -7,  109,   14,    7
  260,20080416,   46,  -27,  100,    0,    0
  260,20080417,   62,  -15,  117,    0,    0
  260,20080418,   81,   42,  123,    0,    0
  260,20080419,   89,   51,  120,    8,    2
  260,20080420,  118,   76,  171,    0,    0
  260,20080421,  128,   66,  185,    0,    0
  260,20080422,  132,   65,  181,    0,    0
  260,20080423,  132,   91,  195,   65,   68
  260,20080424,  116,   71,  178,   19,   14
  260,20080425,  107,   55,  157,    0,    0
  260,20080426,  146,   85,  207,    0,   -1
  260,20080427,  169,  108,  221,    0,    0
  260,20080428,  124,   99,  157,   21,   19
  260,20080429,  111,   86,  149,   51,   45
  260,20080430,  125,   77,  159,    0,   -1
  260,20080501,   99,   59,  149,    2,    2
  260,20080502,  104,   37,  165,    0,   -1
  260,20080503,  131,   31,  198,    0,    0
  260,20080504,  156,   88,  217,    0,    0
  260,20080505,  163,   83,  220,    0,    0
  260,20080506,  175,   97,  238,    0,    0
  260,20080507,  183,  109,  255,    0,    0
  260,20080508,  188,  111,  251,    0,    0
  260,20080509,  196,  102,  263,    0,    0
  260,20080510,  205,  119,  274,    0,    0
  260,20080511,  197,   91,  263,    0,    0
  260,20080512,  198,  108,  269,    0,    0
  260,20080513,  192,  108,  260,    0,    0
  260,20080514,  190,  122,  266,    0,    0
  260,20080515,  168,  128,  234,   12,   28
  260,20080516,  130,  114,  152,   79,   71
  260,20080517,  109,   97,  123,   69,   53
  260,20080518,  104,   42,  155,    0,    0
  260,20080519,   92,   19,  145,   13,    5
  260,20080520,  109,   15,  168,    0,    0
  260,20080521,  132,   54,  195,    0,    0
  260,20080522,  150,   73,  213,    0,    0
  260,20080523,  171,  103,  229,    0,    0
  260,20080524,  184,  121,  233,    0,    0
  260,20080525,  149,  123,  181,   26,   14
  260,20080526,  139,  125,  156,   29,   14
  260,20080527,  173,  120,  220,    5,    1
  260,20080528,  194,  122,  258,    4,    3
  260,20080529,  167,  119,  212,   41,   53
  260,20080530,  161,  121,  203,   15,    6
  260,20080531,  150,  119,  195,   24,   77
  260,20080601,  167,  126,  224,    7,    1
  260,20080602,  220,  145,  288,   25,  196
  260,20080603,  187,  135,  237,   29,   25
  260,20080604,  165,  119,  211,    0,    0
  260,20080605,  157,  135,  178,    0,   -1
  260,20080606,  197,  135,  251,    0,    0
  260,20080607,  174,  126,  230,    0,    0
  260,20080608,  196,  138,  267,    0,    0
  260,20080609,  201,  115,  265,    0,    0
  260,20080610,  169,  106,  233,    0,    0
  260,20080611,  147,   98,  186,    0,    0
  260,20080612,  118,   88,  145,   18,   66
  260,20080613,  127,   79,  160,    0,   -1
  260,20080614,  123,   76,  163,    8,   24
  260,20080615,  120,   54,  177,   12,    7
  260,20080616,  118,   42,  178,    0,    0
  260,20080617,  138,   40,  211,    0,    0
  260,20080618,  160,   81,  203,    0,    0
  260,20080619,  159,  129,  203,   21,   14
  260,20080620,  160,  112,  204,    0,    0
  260,20080621,  186,  128,  226,    0,    0
  260,20080622,  202,  139,  266,    0,    0
  260,20080623,  143,   77,  187,    0,    0
  260,20080624,  161,   57,  225,    0,    0
  260,20080625,  182,  130,  245,    0,    0
  260,20080626,  174,  115,  224,    0,    0
  260,20080627,  170,  124,  209,   32,   32
  260,20080628,  181,  149,  227,   36,   32
  260,20080629,  173,  134,  222,    0,    0
  260,20080630,  171,  105,  228,    0,    0
  260,20080701,  200,   87,  277,    0,    0
  260,20080702,  218,  139,  312,   25,   33
  260,20080703,  181,  156,  200,   30,    8
  260,20080704,  170,   97,  218,    0,    0
  260,20080705,  175,   86,  244,   10,    4
  260,20080706,  179,  141,  233,   11,   32
  260,20080707,  158,  138,  194,   35,   96
  260,20080708,  147,  114,  187,   64,  183
  260,20080709,  156,  106,  192,   89,  117
  260,20080710,  169,  143,  199,   81,   67
  260,20080711,  166,  136,  209,   11,   37
  260,20080712,  150,  116,  190,   24,   42
  260,20080713,  151,  103,  196,    3,    2
  260,20080714,  172,   77,  230,    0,    0
  260,20080715,  177,  143,  205,    5,    1
  260,20080716,  169,  146,  202,    8,    4
  260,20080717,  150,  136,  175,   68,   70
  260,20080718,  163,  138,  206,   26,    8
  260,20080719,  160,  130,  199,   54,  131
  260,20080720,  139,  113,  176,   26,   43
  260,20080721,  135,  116,  159,  100,   89
  260,20080722,  162,  125,  205,    7,    1
  260,20080723,  183,  135,  232,    0,    0
  260,20080724,  205,  134,  260,    0,    0
  260,20080725,  221,  154,  281,    0,    0
  260,20080726,  214,  173,  288,   35,  274
  260,20080727,  227,  170,  282,    0,    0
  260,20080728,  232,  201,  279,   25,    8
  260,20080729,  207,  149,  249,    3,   18
  260,20080730,  219,  145,  272,    0,    0
  260,20080731,  241,  171,  298,    0,    0
  260,20080801,  200,  155,  234,   27,   97
  260,20080802,  191,  131,  244,   20,   11
  260,20080803,  183,  159,  208,   52,   87
  260,20080804,  177,  153,  213,    8,   33
  260,20080805,  190,  149,  236,    7,    2
  260,20080806,  217,  175,  270,   10,    2
  260,20080807,  191,  165,  216,   40,  127
  260,20080808,  167,  121,  206,   12,  104
  260,20080809,  171,  118,  226,   32,   10
  260,20080810,  182,  153,  227,   18,   24
  260,20080811,  171,  134,  216,    0,   -1
  260,20080812,  170,  129,  228,   31,   22
  260,20080813,  167,  134,  212,   22,   35
  260,20080814,  151,   95,  206,    7,    1
  260,20080815,  147,   83,  212,    5,   40
  260,20080816,  159,   68,  228,    0,    0
  260,20080817,  163,  132,  218,   15,   90
  260,20080818,  161,  135,  191,   96,  132
  260,20080819,  175,  148,  220,    7,   45
  260,20080820,  167,  142,  193,   41,   57
  260,20080821,  170,  141,  206,    3,   18
  260,20080822,  145,   90,  199,   56,   64
  260,20080823,  148,  107,  195,   29,  132
  260,20080824,  152,   89,  201,   13,    3
  260,20080825,  180,  144,  220,    0,   -1
  260,20080826,  175,  165,  193,    0,   -1
  260,20080827,  168,  156,  181,   10,    1
  260,20080828,  178,  164,  197,    0,    0
  260,20080829,  182,  118,  232,    0,    0
  260,20080830,  187,  118,  249,    0,    0
  260,20080831,  207,  134,  275,    0,   -1
  260,20080901,  171,  131,  204,    0,   -1
  260,20080902,  151,  114,  186,   66,   75
  260,20080903,  139,  111,  173,    2,    2
  260,20080904,  154,  119,  193,    0,    0
  260,20080905,  161,  127,  193,   42,   42
  260,20080906,  174,  146,  206,    2,    6
  260,20080907,  151,  137,  169,   42,   66
  260,20080908,  148,  110,  182,   37,   67
  260,20080909,  173,  100,  233,   15,   29
  260,20080910,  180,  147,  226,    0,    0
  260,20080911,  201,  147,  264,    2,   51
  260,20080912,  163,  139,  200,   89,  375
  260,20080913,  129,   87,  164,   18,    9
  260,20080914,  119,   64,  174,    0,    0
  260,20080915,  118,   83,  167,    0,    0
  260,20080916,  124,   75,  165,    0,    0
  260,20080917,  112,   68,  160,    0,    0
  260,20080918,   99,   37,  166,    0,    0
  260,20080919,  102,   39,  172,    0,    0
  260,20080920,  106,   32,  181,    0,    0
  260,20080921,  126,   57,  176,    0,    0
  260,20080922,  133,  100,  167,    0,   -1
  260,20080923,  132,  121,  155,   36,   18
  260,20080924,  130,   94,  164,    0,   -1
  260,20080925,  117,   77,  176,    0,    0
  260,20080926,  116,   56,  184,    0,    0
  260,20080927,  104,   32,  196,    0,    0
  260,20080928,  110,   37,  186,    7,    2
  260,20080929,  116,   90,  142,   44,   42
  260,20080930,  124,  107,  137,  176,  216
  260,20081001,  121,   92,  152,   78,  183
  260,20081002,   94,   69,  129,   51,  128
  260,20081003,   84,   40,  123,   20,   29
  260,20081004,   91,   36,  114,   25,    8
  260,20081005,  113,   93,  124,  197,  186
  260,20081006,  110,   90,  150,    0,   -1
  260,20081007,  144,  108,  166,    3,    1
  260,20081008,  125,   53,  160,   33,   11
  260,20081009,   93,   35,  170,    0,    0
  260,20081010,  112,   47,  162,    0,    0
  260,20081011,  136,   97,  184,    0,    0
  260,20081012,  134,  120,  163,    0,    0
  260,20081013,  158,  102,  212,    0,   -1
  260,20081014,  150,  135,  177,    0,   -1
  260,20081015,  138,  116,  157,   39,   54
  260,20081016,  109,   78,  144,   20,   50
  260,20081017,   88,   37,  137,   17,   14
  260,20081018,  102,   42,  143,    0,    0
  260,20081019,  113,   92,  150,    0,    0
  260,20081020,  129,   83,  170,    0,   -1
  260,20081021,  100,   50,  154,   86,   82
  260,20081022,   85,   38,  134,    0,    0
  260,20081023,   94,   43,  140,    0,    0
  260,20081024,   89,   33,  106,   74,   55
  260,20081025,   80,   21,  132,    0,    0
  260,20081026,  119,  104,  130,   94,   99
  260,20081027,   85,   44,  119,    0,   -1
  260,20081028,   42,   -8,   80,   28,   15
  260,20081029,   12,  -19,   75,    0,    0
  260,20081030,   26,  -19,   66,    0,   -1
  260,20081031,   49,   15,   75,    0,    0
  260,20081101,   63,   51,   75,   52,   32
  260,20081102,   84,   34,  113,    0,   -1
  260,20081103,   80,   53,   92,    0,   -1
  260,20081104,   68,   46,   85,    0,    0
  260,20081105,   90,   75,  100,   26,    5
  260,20081106,  100,   82,  122,    3,    1
  260,20081107,   90,   51,  125,   17,    5
  260,20081108,   91,   53,  124,    0,   -1
  260,20081109,  101,   88,  115,   21,   50
  260,20081110,  129,  104,  152,   68,  170
  260,20081111,   94,   71,  111,   73,  184
  260,20081112,   82,   61,  107,    7,    7
  260,20081113,   84,   47,  116,    2,    1
  260,20081114,   98,   83,  110,   65,    8
  260,20081115,  113,  102,  125,   39,   30
  260,20081116,   82,   23,  116,    0,   -1
  260,20081117,   63,   15,  109,    5,    1
  260,20081118,   74,   52,  100,   31,   13
  260,20081119,   92,   72,  108,    0,    0
  260,20081120,   98,   68,  118,   58,   56
  260,20081121,   52,    8,   91,   71,   94
  260,20081122,   18,    4,   50,   42,   79
  260,20081123,    8,   -2,   23,   77,   35
  260,20081124,    8,  -17,   30,   48,   39
  260,20081125,   23,  -19,   73,    2,    2
  260,20081126,   47,  -23,   79,   26,    7
  260,20081127,   63,   50,   68,    0,   -1
  260,20081128,   37,   32,   50,    0,    0
  260,20081129,   19,  -19,   36,    8,    2
  260,20081130,    5,  -22,   26,  101,   84
  260,20081201,   37,   18,   55,    0,   -1
  260,20081202,   36,    9,   62,   40,   51
  260,20081203,   23,   -7,   55,    7,   12
  260,20081204,   26,    4,   54,   44,   38
  260,20081205,   52,   23,   66,    0,   -1
  260,20081206,   56,   28,   90,    8,    4
  260,20081207,   48,    1,   89,    0,   -1
  260,20081208,   20,    0,   42,    0,    0
  260,20081209,   17,   -3,   44,   47,   26
  260,20081210,   20,  -18,   54,   27,   28
  260,20081211,   31,   17,   37,    2,    2
  260,20081212,   16,   -8,   36,    0,    0
  260,20081213,   -5,  -24,    6,    0,    0
  260,20081214,   23,    0,   63,    0,    0
  260,20081215,   22,  -15,   41,    0,    0
  260,20081216,    0,  -15,   16,    0,    0
  260,20081217,   23,   -8,   68,    0,   -1
  260,20081218,   43,  -16,   81,    0,   -1
  260,20081219,   63,   46,   82,   57,   55
  260,20081220,   86,   62,  107,   18,    9
  260,20081221,   89,   65,  100,   22,   11
  260,20081222,   77,   10,  104,   19,    6
  260,20081223,   51,   19,   83,    0,   -1
  260,20081224,   66,   37,   82,   10,    1
  260,20081225,   36,    4,   62,    0,    0
  260,20081226,   -9,  -30,   14,    0,    0
  260,20081227,  -22,  -44,    5,    0,    0
  260,20081228,  -28,  -51,   -1,    0,    0
  260,20081229,  -38,  -58,   -2,    0,    0
  260,20081230,  -44,  -79,    5,    0,    0
  260,20081231,  -56,  -87,  -28,    0,   -1
  260,20090101,   -6,  -28,    5,    0,    0
  260,20090102,   -8,  -72,   19,    6,    5
  260,20090103,  -27,  -89,   16,    0,   -1
  260,20090104,   23,   13,   35,  104,   40
  260,20090105,  -12,  -46,   15,   38,   21
  260,20090106,  -59,  -96,  -13,    0,    0
  260,20090107,   -8,  -67,   35,   11,    2
  260,20090108,  -45,  -73,  -31,    0,   -1
  260,20090109,  -69, -103,  -16,    0,   -1
  260,20090110,  -68, -105,  -36,    0,    0
  260,20090111,  -11,  -60,   24,    0,    0
  260,20090112,   39,   14,   58,   36,   24
  260,20090113,   46,   39,   52,   83,   40
  260,20090114,   41,   25,   63,    0,   -1
  260,20090115,   26,   10,   50,    0,    0
  260,20090116,   17,    1,   37,    0,   -1
  260,20090117,   50,   28,   75,   15,    7
  260,20090118,   55,   21,   77,   30,   54
  260,20090119,   48,   21,   88,   58,   41
  260,20090120,   40,   18,   64,    7,    9
  260,20090121,   34,   12,   56,    0,    0
  260,20090122,   40,   16,   62,  100,   68
  260,20090123,   51,   37,   77,  161,  226
  260,20090124,   40,    9,   61,    0,   -1
  260,20090125,   22,   -2,   50,    0,    0
  260,20090126,   13,  -23,   56,    0,    0
  260,20090127,   -5,  -41,   38,    0,    0
  260,20090128,  -10,  -47,   28,    0,    0
  260,20090129,  -12,  -39,   25,    0,    0
  260,20090130,    1,  -44,   51,    0,    0
  260,20090131,    1,  -26,   32,    0,    0
  260,20090201,  -13,  -25,   11,    0,   -1
  260,20090202,   14,  -19,   35,    0,   -1
  260,20090203,   22,    3,   40,   66,   24
  260,20090204,    4,    0,    8,    0,   -1
  260,20090205,   33,   -5,   66,   28,   30
  260,20090206,   41,   10,   92,    0,   -1
  260,20090207,   29,   11,   52,   42,   30
  260,20090208,   13,   -7,   43,   16,   17
  260,20090209,   26,   -3,   47,   78,   98
  260,20090210,   38,   12,   76,   82,   82
  260,20090211,   24,  -10,   62,   22,   23
  260,20090212,   16,   -9,   51,    6,    5
  260,20090213,   17,    4,   30,   43,   23
  260,20090214,   -6,  -42,   40,    0,    0
  260,20090215,   15,  -45,   48,   72,   33
  260,20090216,   61,   47,   92,   90,   59
  260,20090217,   40,   -9,   65,   77,   38
  260,20090218,   -4,  -33,   31,    0,    0
  260,20090219,   18,  -20,   47,   39,   10
  260,20090220,   52,   40,   65,   20,    6
  260,20090221,   55,   31,   85,    0,    0
  260,20090222,   66,   54,   88,   17,    5
  260,20090223,   61,   39,   77,   22,    7
  260,20090224,   41,   18,   59,    0,    0
  260,20090225,   49,   25,   67,   18,    6
  260,20090226,   68,   55,   83,   38,   16
  260,20090227,   74,   62,   86,  106,   34
  260,20090228,   72,   20,   94,   22,    5
  260,20090301,   65,   -7,  107,   13,    5
  260,20090302,   54,   20,   90,    0,    0
  260,20090303,   58,   18,   88,    0,   -1
  260,20090304,   60,   44,   68,    6,    1
  260,20090305,   45,    3,   74,   27,    3
  260,20090306,   50,   21,   73,   20,    4
  260,20090307,   44,  -32,   89,    6,    2
  260,20090308,   74,   28,  103,   64,   68
  260,20090309,   58,   29,   78,    8,    3
  260,20090310,   56,   45,   77,   61,   49
  260,20090311,   67,   30,  100,    0,   -1
  260,20090312,   80,   63,  100,   60,   29
  260,20090313,   77,   42,  126,    0,    0
  260,20090314,   89,   72,  120,   29,   16
  260,20090315,   82,   61,  113,    0,    0
  260,20090316,   80,   64,  105,    0,    0
  260,20090317,   72,   -1,  119,    0,    0
  260,20090318,   45,  -16,  117,    0,    0
  260,20090319,   70,   33,  116,    0,    0
  260,20090320,   44,  -11,  106,    0,    0
  260,20090321,   49,  -31,  120,    0,    0
  260,20090322,   81,   49,  110,    0,   -1
  260,20090323,   70,   40,   89,   31,   58
  260,20090324,   50,   27,   85,   11,    8
  260,20090325,   59,   37,   91,   81,   87
  260,20090326,   73,   49,   96,   83,   48
  260,20090327,   68,   49,   96,   10,   13
  260,20090328,   61,   45,  105,   88,   88
  260,20090329,   57,   12,   95,    0,   -1
  260,20090330,   50,   -4,  109,    0,    0
  260,20090331,   73,  -17,  148,    0,    0
  260,20090401,   97,   41,  152,    0,    0
  260,20090402,  119,   59,  185,    0,    0
  260,20090403,  133,   42,  223,    0,    0
  260,20090404,   96,   64,  126,    0,    0
  260,20090405,   94,   63,  154,    0,    0
  260,20090406,  124,   40,  193,    0,    0
  260,20090407,  106,   74,  133,    0,   -1
  260,20090408,   89,   33,  124,   38,   22
  260,20090409,  107,   29,  173,    5,    1
  260,20090410,  173,  114,  237,    2,    2
  260,20090411,  167,  116,  214,    5,    2
  260,20090412,  140,   86,  186,   13,   58
  260,20090413,  116,   69,  181,    0,    0
  260,20090414,  130,   65,  193,    0,    0
  260,20090415,  173,   91,  236,    0,   -1
  260,20090416,  145,   98,  190,   10,    3
  260,20090417,  126,   86,  178,   29,   23
  260,20090418,  119,   51,  186,    0,    0
  260,20090419,  117,   59,  179,    0,    0
  260,20090420,  131,   39,  203,    0,    0
  260,20090421,  123,   56,  186,    0,    0
  260,20090422,  101,   53,  150,    0,    0
  260,20090423,   99,   45,  161,    0,    0
  260,20090424,  124,   39,  188,    0,    0
  260,20090425,  139,   77,  202,    0,   -1
  260,20090426,  133,  101,  177,   44,   28
  260,20090427,  117,   83,  164,   44,   44
  260,20090428,   92,   32,  126,   44,   16
  260,20090429,   99,   24,  167,    0,    0
  260,20090430,  124,   28,  194,    0,    0
  260,20090501,  143,   73,  223,    0,    0
  260,20090502,  127,   57,  187,    0,    0
  260,20090503,   93,   46,  144,   16,    4
  260,20090504,  101,   24,  147,   15,    6
  260,20090505,  117,   90,  132,  112,   81
  260,20090506,  131,  106,  161,   56,   37
  260,20090507,  128,   85,  175,    0,    0
  260,20090508,  120,   79,  177,    5,   15
  260,20090509,  115,   53,  168,    0,    0
  260,20090510,  136,   52,  204,    0,    0
  260,20090511,  118,   62,  174,    0,    0
  260,20090512,  131,   50,  178,    0,    0
  260,20090513,  159,  107,  214,    0,   -1
  260,20090514,  164,  128,  212,   17,   23
  260,20090515,  135,   89,  174,   81,   89
  260,20090516,  126,   73,  171,    3,    2
  260,20090517,  130,  100,  163,   92,  128
  260,20090518,  139,   94,  183,    0,   -1
  260,20090519,  140,   73,  201,    0,    0
  260,20090520,  143,   66,  202,    0,    0
  260,20090521,  137,   71,  194,    0,    0
  260,20090522,  133,   60,  177,    3,    6
  260,20090523,  162,  109,  213,    0,   -1
  260,20090524,  162,   92,  224,    0,    0
  260,20090525,  187,   91,  253,    4,    1
  260,20090526,  143,   96,  192,   44,  256
  260,20090527,  122,   80,  152,    9,    2
  260,20090528,  152,  102,  186,    0,    0
  260,20090529,  150,   69,  207,    0,    0
  260,20090530,  165,   83,  221,    0,    0
  260,20090531,  186,  124,  239,    0,    0
  260,20090601,  191,  126,  252,    0,    0
  260,20090602,  161,  117,  213,    0,    0
  260,20090603,  126,  102,  158,    0,    0
  260,20090604,  105,   72,  138,    3,    2
  260,20090605,  101,   50,  132,    3,    1
  260,20090606,  117,   53,  170,    0,    0
  260,20090607,  112,   70,  163,   38,  109
  260,20090608,  141,   80,  189,    9,    1
  260,20090609,  148,  121,  196,   33,   99
  260,20090610,  142,  118,  178,   55,   66
  260,20090611,  131,   97,  164,   84,  103
  260,20090612,  132,   64,  178,    0,    0
  260,20090613,  149,   45,  216,    0,    0
  260,20090614,  166,  133,  207,   50,   41
  260,20090615,  154,  109,  191,    7,   12
  260,20090616,  138,   88,  189,   28,   59
  260,20090617,  173,   73,  226,    6,    3
  260,20090618,  172,  147,  208,    4,    1
  260,20090619,  153,  125,  176,    6,    2
  260,20090620,  144,  109,  181,    2,    2
  260,20090621,  135,   80,  184,    3,    2
  260,20090622,  144,   79,  188,    0,   -1
  260,20090623,  163,   75,  217,    0,    0
  260,20090624,  181,  109,  242,    0,    0
  260,20090625,  204,  133,  265,    0,    0
  260,20090626,  200,  137,  247,    7,   18
  260,20090627,  199,  161,  254,    0,    0
  260,20090628,  198,  170,  238,   14,   12
  260,20090629,  205,  159,  267,    0,    0
  260,20090630,  208,  163,  257,    0,    0
  260,20090701,  211,  158,  264,    0,    0
  260,20090702,  234,  166,  297,    0,    0
  260,20090703,  222,  177,  289,    0,    0
  260,20090704,  202,  138,  249,    0,    0
  260,20090705,  206,  123,  277,    0,   -1
  260,20090706,  185,  149,  231,    4,   17
  260,20090707,  158,  133,  185,   36,  192
  260,20090708,  156,  133,  191,   25,   51
  260,20090709,  151,  126,  181,    0,   -1
  260,20090710,  144,  122,  172,   51,   41
  260,20090711,  166,  111,  202,    0,   -1
  260,20090712,  175,  146,  215,   67,   65
  260,20090713,  182,  130,  231,    0,    0
  260,20090714,  195,  120,  253,    0,   -1
  260,20090715,  197,  146,  239,    1,    3
  260,20090716,  204,  133,  251,    0,    0
  260,20090717,  192,  158,  226,   26,   77
  260,20090718,  160,  143,  196,   24,   41
  260,20090719,  167,  135,  195,   18,   83
  260,20090720,  174,  131,  209,    9,   15
  260,20090721,  191,  112,  266,   15,   95
  260,20090722,  193,  155,  244,   48,  120
  260,20090723,  171,  150,  210,   25,   43
  260,20090724,  163,  139,  204,   18,   57
  260,20090725,  165,  114,  206,    0,   -1
  260,20090726,  181,  103,  234,    0,   -1
  260,20090727,  179,  139,  249,    8,    5
  260,20090728,  172,  138,  217,    5,    2
  260,20090729,  194,  139,  251,    6,  117
  260,20090730,  160,  101,  208,   11,   47
  260,20090731,  155,   91,  214,    0,    0
  260,20090801,  188,  104,  254,    0,   -1
  260,20090802,  165,   96,  192,   59,   99
  260,20090803,  159,   90,  224,    0,    0
  260,20090804,  185,   91,  254,    0,    0
  260,20090805,  208,  121,  271,    0,    0
  260,20090806,  221,  150,  289,    0,    0
  260,20090807,  216,  155,  283,    0,    0
  260,20090808,  186,  138,  228,    0,    0
  260,20090809,  172,  111,  220,    0,    0
  260,20090810,  183,  106,  245,   24,   11
  260,20090811,  188,  151,  224,   34,   51
  260,20090812,  179,  144,  197,   42,   49
  260,20090813,  175,  110,  221,    0,    0
  260,20090814,  168,   88,  223,    0,    0
  260,20090815,  212,  153,  279,    0,    0
  260,20090816,  192,  130,  237,    0,    0
  260,20090817,  178,  130,  229,    0,    0
  260,20090818,  189,  129,  250,    0,    0
  260,20090819,  210,  133,  296,    0,    0
  260,20090820,  235,  163,  338,    9,   14
  260,20090821,  177,  136,  222,    0,    0
  260,20090822,  157,  101,  221,    0,    0
  260,20090823,  183,   87,  255,    0,    0
  260,20090824,  210,  151,  273,    0,   -1
  260,20090825,  168,  107,  211,   32,   20
  260,20090826,  174,  103,  240,    0,    0
  260,20090827,  190,  151,  234,    0,   -1
  260,20090828,  163,  105,  205,   42,  215
  260,20090829,  150,  113,  188,   11,   10
  260,20090830,  152,  126,  187,    0,   -1
  260,20090831,  188,  120,  256,    0,    0
  260,20090901,  175,  149,  211,   30,   13
  260,20090902,  170,  135,  212,   15,    9
  260,20090903,  153,  131,  183,   53,   67
  260,20090904,  142,  121,  181,   73,  175
  260,20090905,  154,  131,  183,    5,   13
  260,20090906,  149,  105,  181,    0,   -1
  260,20090907,  166,  106,  242,    0,   -1
  260,20090908,  185,  111,  276,    0,    0
  260,20090909,  168,  141,  190,    0,   -1
  260,20090910,  159,  102,  200,    0,   -1
  260,20090911,  145,   71,  182,    0,    0
  260,20090912,  146,   84,  196,    0,   -1
  260,20090913,  146,   88,  171,    2,    3
  260,20090914,  152,  121,  191,    0,   -1
  260,20090915,  150,  135,  166,   45,   32
  260,20090916,  158,  120,  201,    0,    0
  260,20090917,  129,   86,  180,    0,    0
  260,20090918,  143,   62,  212,    0,    0
  260,20090919,  171,  102,  249,    0,    0
  260,20090920,  149,   88,  209,    0,    0
  260,20090921,  137,   85,  198,    0,    0
  260,20090922,  153,   90,  208,    0,    0
  260,20090923,  165,  140,  197,    0,   -1
  260,20090924,  135,   66,  195,    0,    0
  260,20090925,  111,   49,  176,    0,    0
  260,20090926,  116,   42,  197,    0,    0
  260,20090927,  120,   56,  196,    0,    0
  260,20090928,  141,   72,  189,    0,   -1
  260,20090929,  153,  141,  172,   12,    8
  260,20090930,  148,  134,  164,   45,   15
  260,20091001,  131,   81,  155,   22,   53
  260,20091002,  115,   92,  142,    0,   -1
  260,20091003,  136,  112,  160,    8,   48
  260,20091004,  114,   51,  153,    0,   -1
  260,20091005,  111,   68,  132,   50,   30
  260,20091006,  150,  120,  187,   24,   54
  260,20091007,  159,  116,  197,   92,  156
  260,20091008,  106,   45,  159,   45,  113
  260,20091009,   94,   25,  144,   24,   99
  260,20091010,  128,  100,  167,   25,   20
  260,20091011,  121,   98,  149,   28,  161
  260,20091012,  110,   60,  145,   10,   10
  260,20091013,   87,   17,  140,    0,    0
  260,20091014,   39,  -10,  101,    0,    0
  260,20091015,   62,  -15,  125,    0,    0
  260,20091016,  105,   82,  134,   51,   31
  260,20091017,   80,   22,  134,    0,   -1
  260,20091018,   75,    5,  132,    0,    0
  260,20091019,   85,   61,  107,    0,    0
  260,20091020,   80,   41,  113,    0,    0
  260,20091021,  108,   71,  147,    0,   -1
  260,20091022,   88,   67,  114,   29,   17
  260,20091023,   92,   49,  150,    0,    0
  260,20091024,  110,   72,  147,   84,   72
  260,20091025,  130,  106,  163,    0,   -1
  260,20091026,  122,  111,  143,   56,   34
  260,20091027,  122,  102,  158,    0,    0
  260,20091028,  116,   86,  158,    0,    0
  260,20091029,  129,  108,  160,    0,    0
  260,20091030,  106,   81,  143,    0,    0
  260,20091031,  104,   81,  129,    0,    0
  260,20091101,  133,  117,  155,   60,  143
  260,20091102,   96,   50,  125,    6,    2
  260,20091103,   75,   32,  109,   52,   60
  260,20091104,   81,   62,  103,   29,   28
  260,20091105,   82,   66,  102,   58,  114
  260,20091106,   87,   67,  101,    6,    7
  260,20091107,   73,   22,  100,   45,   44
  260,20091108,   45,    9,   95,    0,    0
  260,20091109,   68,   43,   86,    0,   -1
  260,20091110,   75,   49,   91,   44,   35
  260,20091111,   77,   50,   87,    0,   -1
  260,20091112,   80,   29,  135,   25,   18
  260,20091113,  137,  101,  164,   26,   18
  260,20091114,  130,  116,  144,   16,   21
  260,20091115,  100,   67,  123,   26,   63
  260,20091116,  105,   58,  150,   10,    7
  260,20091117,  106,   89,  127,    0,    0
  260,20091118,  113,   89,  134,   20,   15
  260,20091119,  106,   87,  128,    0,    0
  260,20091120,  121,   89,  152,   42,   44
  260,20091121,  130,   98,  160,   25,    8
  260,20091122,  115,   82,  138,   39,   59
  260,20091123,  104,   83,  130,   66,  190
  260,20091124,  119,   95,  141,   21,    9
  260,20091125,  111,   91,  132,   22,   31
  260,20091126,   81,   59,   94,   55,  104
  260,20091127,   71,   54,   87,   33,   56
  260,20091128,   76,   61,   90,   60,  112
  260,20091129,   92,   76,  104,   27,   12
  260,20091130,   53,   23,   77,    0,    0
  260,20091201,   38,   -8,   85,    6,    3
  260,20091202,   43,    1,   64,   57,   29
  260,20091203,   81,   55,   97,   55,   61
  260,20091204,   50,   30,   70,   43,   67
  260,20091205,   73,   43,   96,   60,   68
  260,20091206,  102,   76,  121,   50,   64
  260,20091207,   74,   58,   88,    0,   -1
  260,20091208,   64,   23,   93,   63,   24
  260,20091209,   71,   33,   93,   66,   28
  260,20091210,   95,   87,  108,   52,   61
  260,20091211,   70,   29,   92,    0,   -1
  260,20091212,   37,   22,   56,    0,    0
  260,20091213,    6,  -20,   34,    0,    0
  260,20091214,  -29,  -49,  -12,    0,    0
  260,20091215,  -35,  -68,   14,    0,    0
  260,20091216,  -23,  -74,    6,    0,   -1
  260,20091217,  -11,  -25,   -3,   83,   38
  260,20091218,  -31,  -61,   -6,    0,   -1
  260,20091219,  -79, -115,  -47,   15,    5
  260,20091220,  -22,  -62,    3,  134,   84
  260,20091221,  -24,  -53,   -1,   35,   16
  260,20091222,    7,   -6,   26,   36,   17
  260,20091223,   -3,  -23,    9,    0,    0
  260,20091224,   -3,  -27,   20,    8,   18
  260,20091225,   25,    2,   46,  142,  150
  260,20091226,   37,   19,   56,    0,   -1
  260,20091227,   42,   26,   51,   31,   39
  260,20091228,   26,  -25,   73,    0,   -1
  260,20091229,    6,  -14,   17,   56,   55
  260,20091230,    3,   -3,    9,   46,   17
  260,20091231,    0,   -5,    5,    0,   -1
  260,20100101,  -16,  -63,    7,    0,   -1
  260,20100102,  -11,  -64,   12,    8,    1
  260,20100103,  -39,  -65,  -10,    0,    0
  260,20100104,  -29,  -54,   -6,    0,   -1
  260,20100105,   -7,  -30,   19,    8,    9
  260,20100106,  -30,  -52,   -5,    9,    1
  260,20100107,  -49, -100,  -21,    0,   -1
  260,20100108,  -50, -107,  -21,    0,    0
  260,20100109,  -22,  -49,   -5,   58,   10
  260,20100110,   -5,  -10,    2,   49,   11
  260,20100111,   -4,   -9,    0,    0,   -1
  260,20100112,  -17,  -42,   -7,    0,   -1
  260,20100113,  -30,  -50,  -12,    0,   -1
  260,20100114,    6,  -30,   48,    0,    0
  260,20100115,   13,    1,   18,    0,    0
  260,20100116,   10,   -1,   19,   52,   77
  260,20100117,   39,    8,   67,   24,   14
  260,20100118,   40,    2,   53,   23,   12
  260,20100119,   40,   19,   58,    7,    3
  260,20100120,   27,   16,   55,    0,   -1
  260,20100121,   27,   19,   38,    0,   -1
  260,20100122,   22,    2,   49,    0,    0
  260,20100123,   13,   -5,   24,   89,   50
  260,20100124,   -2,   -7,    6,   33,   11
  260,20100125,  -32,  -75,   -6,    0,    0
  260,20100126,  -75, -101,  -37,    0,    0
  260,20100127,  -23, -111,   45,   39,   39
  260,20100128,   32,    9,   52,   10,   13
  260,20100129,   19,   -3,   46,  140,   85
  260,20100130,    0,  -16,   17,   53,   75
  260,20100131,   12,   -5,   37,    1,    1
  260,20100201,    1,  -41,   34,   27,   31
  260,20100202,   23,   -6,   52,  130,  182
  260,20100203,   22,  -11,   62,   13,    3
  260,20100204,   58,   17,   82,   44,   23
  260,20100205,   44,   25,   65,   42,   11
  260,20100206,   28,   11,   57,    0,   -1
  260,20100207,   12,    2,   24,    0,    0
  260,20100208,  -32,  -45,    2,    0,    0
  260,20100209,  -33,  -50,  -15,    0,   -1
  260,20100210,  -31,  -55,  -12,   55,   17
  260,20100211,  -25,  -53,   -8,    0,   -1
  260,20100212,  -28,  -65,    9,    0,    0
  260,20100213,  -17,  -43,    0,    0,   -1
  260,20100214,  -23,  -46,  -13,   31,    5
  260,20100215,  -36,  -53,  -10,   29,    5
  260,20100216,   -9,  -32,   17,    3,    1
  260,20100217,   -2,  -45,   26,    6,    1
  260,20100218,   32,   10,   57,   10,    7
  260,20100219,   33,   10,   53,    5,    2
  260,20100220,   14,  -32,   51,    4,    2
  260,20100221,    6,  -45,   42,   50,   39
  260,20100222,   40,   17,   83,  143,  131
  260,20100223,   21,    8,   44,   27,    5
  260,20100224,   63,   15,  102,   33,   18
  260,20100225,   82,   68,  110,   81,   53
  260,20100226,   73,   57,  103,   16,   11
  260,20100227,   68,   43,   91,   41,   21
  260,20100228,   64,   34,  109,  163,  202
  260,20100301,   42,   11,   70,   45,   27
  260,20100302,   29,  -18,   80,    0,    0
  260,20100303,   20,  -32,   71,    0,    0
  260,20100304,   15,  -13,   58,    0,    0
  260,20100305,   18,  -46,   60,   72,   56
  260,20100306,    8,  -25,   32,    4,    2
  260,20100307,  -10,  -50,   39,    0,    0
  260,20100308,    1,  -51,   52,   45,    9
  260,20100309,    5,  -38,   56,    0,    0
  260,20100310,    7,  -27,   48,    0,    0
  260,20100311,   26,  -12,   58,    0,   -1
  260,20100312,   46,   31,   68,    0,   -1
  260,20100313,   52,   28,   73,    6,    1
  260,20100314,   62,   48,   85,    0,   -1
  260,20100315,   63,   48,   92,   91,  101
  260,20100316,   63,   37,  109,    5,    2
  260,20100317,   84,   27,  136,    0,    0
  260,20100318,  108,   13,  173,    0,    0
  260,20100319,  125,  100,  147,   35,   26
  260,20100320,  136,  117,  167,   83,  205
  260,20100321,   86,   20,  123,    8,    3
  260,20100322,   78,    7,  125,    0,   -1
  260,20100323,   98,   42,  137,    0,   -1
  260,20100324,  124,   82,  179,    0,    0
  260,20100325,  146,  104,  197,   11,    7
  260,20100326,  106,   79,  124,    8,   15
  260,20100327,   98,   78,  127,    4,    6
  260,20100328,   91,   70,  116,    5,    4
  260,20100329,  101,   75,  127,   56,   32
  260,20100330,  102,   56,  138,   32,   29
  260,20100331,   65,   39,  102,   35,   21
  260,20100401,   52,   25,   86,   26,   30
  260,20100402,   78,   21,  136,   10,   15
  260,20100403,   73,   54,  107,   60,   86
  260,20100404,   71,   27,  106,   40,   36
  260,20100405,   78,   28,  109,    0,   -1
  260,20100406,  110,   50,  160,    0,    0
  260,20100407,  136,   80,  195,    8,    2
  260,20100408,   92,   33,  133,   51,   10
  260,20100409,  104,   35,  157,    0,    0
  260,20100410,   78,   41,  121,    0,    0
  260,20100411,   63,   23,  103,    0,    0
  260,20100412,   93,   38,  149,    0,    0
  260,20100413,   90,   28,  152,    0,    0
  260,20100414,   96,   27,  154,    0,    0
  260,20100415,   92,   38,  153,    0,    0
  260,20100416,   77,   15,  120,    0,    0
  260,20100417,   80,   -9,  166,    0,    0
  260,20100418,  102,   -1,  180,    0,    0
  260,20100419,   88,   54,  134,    0,    0
  260,20100420,   86,   53,  125,    0,   -1
  260,20100421,   67,   24,   98,    0,   -1
  260,20100422,   70,    7,  120,    0,   -1
  260,20100423,   80,  -20,  148,    0,    0
  260,20100424,  117,    8,  193,    0,    0
  260,20100425,  143,   43,  235,    6,    1
  260,20100426,  126,   93,  168,    0,    0
  260,20100427,  124,   50,  189,    0,    0
  260,20100428,  157,   57,  230,    0,    0
  260,20100429,  177,   93,  252,   19,   62
  260,20100430,  117,   98,  146,   37,   66
  260,20100501,  100,   63,  149,   29,   61
  260,20100502,   75,   55,   87,  126,  183
  260,20100503,   66,   54,   75,  150,   74
  260,20100504,   77,   40,  112,    0,    0
  260,20100505,   79,   11,  132,    0,    0
  260,20100506,   92,   39,  139,    0,    0
  260,20100507,   77,   58,   94,   17,    4
  260,20100508,   90,   73,  109,    3,    1
  260,20100509,   93,   50,  118,    0,    0
  260,20100510,   72,   20,  110,    0,   -1
  260,20100511,   68,   44,  115,   86,   75
  260,20100512,   65,   45,   77,  101,   87
  260,20100513,   72,   39,   92,   54,   15
  260,20100514,   76,   18,  128,    0,    0
  260,20100515,   91,    5,  146,    0,    0
  260,20100516,  119,   82,  155,    0,   -1
  260,20100517,  116,   58,  159,   14,    7
  260,20100518,  101,   34,  157,    0,    0
  260,20100519,  118,   51,  171,    0,    0
  260,20100520,  138,   34,  207,    0,    0
  260,20100521,  145,   96,  201,    0,    0
  260,20100522,  142,   85,  198,    0,    0
  260,20100523,  169,   82,  237,    0,    0
  260,20100524,  169,  102,  225,    0,    0
  260,20100525,  132,   81,  181,    0,    0
  260,20100526,  102,   66,  130,    0,   -1
  260,20100527,  110,   67,  154,   15,    7
  260,20100528,  108,   40,  172,    0,    0
  260,20100529,  141,   44,  210,   45,   34
  260,20100530,  121,   94,  159,   90,  112
  260,20100531,  129,   98,  172,    0,   -1
  260,20100601,  126,   58,  185,    0,    0
  260,20100602,  155,  104,  214,    0,    0
  260,20100603,  160,   94,  216,    0,    0
  260,20100604,  169,   93,  233,    0,    0
  260,20100605,  191,   93,  265,    0,    0
  260,20100606,  185,  124,  261,   11,   11
  260,20100607,  152,  115,  188,    0,    0
  260,20100608,  163,  115,  230,   31,  129
  260,20100609,  176,  153,  201,   66,   18
  260,20100610,  186,  159,  217,   23,   16
  260,20100611,  162,   97,  201,    0,   -1
  260,20100612,  138,   81,  191,    0,    0
  260,20100613,  133,   90,  166,    0,    0
  260,20100614,  159,   97,  215,    0,    0
  260,20100615,  132,   93,  168,    0,    0
  260,20100616,  154,   83,  220,    0,    0
  260,20100617,  166,  102,  231,    0,    0
  260,20100618,  132,  108,  159,    0,   -1
  260,20100619,  118,   95,  157,   11,    5
  260,20100620,  118,   98,  140,    0,   -1
  260,20100621,  134,   67,  182,    0,    0
  260,20100622,  141,   43,  209,    0,    0
  260,20100623,  181,   75,  259,    0,    0
  260,20100624,  196,  104,  270,    0,    0
  260,20100625,  189,  122,  246,    0,    0
  260,20100626,  192,  106,  255,    0,    0
  260,20100627,  213,  123,  284,    0,    0
  260,20100628,  215,  127,  298,    0,    0
  260,20100629,  194,  111,  266,    7,    3
  260,20100630,  202,  142,  270,    0,    0
  260,20100701,  224,  142,  284,    0,    0
  260,20100702,  271,  205,  336,    0,    0
  260,20100703,  215,  160,  278,   26,   55
  260,20100704,  201,  145,  258,    0,    0
  260,20100705,  188,  137,  236,    0,   -1
  260,20100706,  162,   90,  209,    0,    0
  260,20100707,  187,   80,  257,    0,    0
  260,20100708,  220,  132,  289,    0,    0
  260,20100709,  248,  146,  344,    0,    0
  260,20100710,  248,  165,  327,   24,  296
  260,20100711,  229,  184,  293,    5,   18
  260,20100712,  208,  169,  258,   10,   25
  260,20100713,  207,  144,  265,    0,    0
  260,20100714,  214,  173,  286,   20,  150
  260,20100715,  188,  163,  225,    0,   -1
  260,20100716,  191,  150,  241,   18,   21
  260,20100717,  171,  118,  211,    7,   12
  260,20100718,  176,  102,  233,    0,    0
  260,20100719,  207,  118,  275,    0,    0
  260,20100720,  232,  137,  293,    0,    0
  260,20100721,  221,  187,  259,    0,   -1
  260,20100722,  184,  125,  235,    2,    6
  260,20100723,  174,  105,  226,    0,   -1
  260,20100724,  166,  126,  204,    0,    0
  260,20100725,  168,  121,  198,   17,   12
  260,20100726,  168,  125,  206,   42,   61
  260,20100727,  177,  119,  212,   15,   15
  260,20100728,  187,  144,  223,   30,   81
  260,20100729,  167,  138,  207,   13,   10
  260,20100730,  177,  135,  227,    0,   -1
  260,20100731,  185,  141,  215,   14,   10
  260,20100801,  182,  128,  228,    4,    1
  260,20100802,  161,  106,  201,   14,   26
  260,20100803,  172,  107,  221,    0,    0
  260,20100804,  165,  139,  201,   21,   32
  260,20100805,  153,   91,  202,    1,    1
  260,20100806,  164,   76,  233,    0,    0
  260,20100807,  175,  144,  208,   36,   25
  260,20100808,  171,  123,  209,    7,    6
  260,20100809,  179,  123,  223,    6,   14
  260,20100810,  175,  116,  225,   22,   20
  260,20100811,  169,   96,  213,   10,    6
  260,20100812,  141,   82,  203,    5,    5
  260,20100813,  156,   95,  210,    0,    0
  260,20100814,  182,  101,  242,    0,    0
  260,20100815,  175,  153,  202,   50,  189
  260,20100816,  192,  166,  223,   25,   35
  260,20100817,  164,  151,  180,   19,    7
  260,20100818,  169,  144,  199,   14,   27
  260,20100819,  168,  132,  210,    0,   -1
  260,20100820,  207,  143,  276,    0,    0
  260,20100821,  214,  175,  259,    0,    0
  260,20100822,  198,  174,  225,    0,   -1
  260,20100823,  193,  168,  214,   58,  132
  260,20100824,  168,  135,  199,   14,   20
  260,20100825,  165,  136,  205,   57,   64
  260,20100826,  168,  135,  204,  183,  506
  260,20100827,  148,  101,  172,   55,   30
  260,20100828,  135,   86,  184,   31,   56
  260,20100829,  126,   97,  167,  112,  256
  260,20100830,  141,  101,  179,   59,   95
  260,20100831,  128,   67,  187,    0,    0
  260,20100901,  123,   59,  185,    0,    0
  260,20100902,  129,   62,  177,    0,   -1
  260,20100903,  140,   76,  196,    0,    0
  260,20100904,  138,   70,  195,    0,    0
  260,20100905,  135,   72,  197,    0,    0
  260,20100906,  151,   90,  205,    0,    0
  260,20100907,  125,  108,  150,   63,  121
  260,20100908,  155,  123,  210,   37,   42
  260,20100909,  162,  112,  208,    0,   -1
  260,20100910,  158,  112,  183,   18,   13
  260,20100911,  184,  149,  233,    0,    0
  260,20100912,  153,   95,  191,   27,    8
  260,20100913,  149,   78,  191,    4,    1
  260,20100914,  156,  135,  167,  176,  219
  260,20100915,  139,  104,  171,   41,   66
  260,20100916,  125,   90,  172,   35,   63
  260,20100917,  114,   86,  150,   41,   27
  260,20100918,  117,   74,  167,    0,   -1
  260,20100919,  133,   83,  162,    0,   -1
  260,20100920,  153,  126,  181,    0,   -1
  260,20100921,  144,   97,  186,    0,    0
  260,20100922,  151,   87,  225,    0,    0
  260,20100923,  160,  117,  208,   35,  226
  260,20100924,  149,  122,  178,   10,   11
  260,20100925,  113,   78,  150,    6,    8
  260,20100926,   86,   44,  144,    0,    0
  260,20100927,  100,   43,  127,  122,   55
  260,20100928,  127,   85,  150,    7,    1
  260,20100929,   97,   58,  142,    0,    0
  260,20100930,  100,   65,  149,   65,   42
  260,20101001,  120,   60,  170,   40,   42
  260,20101002,  153,  122,  182,   90,   78
  260,20101003,  182,  147,  223,    0,    0
  260,20101004,  172,  130,  220,    0,    0
  260,20101005,  167,  136,  195,    0,    0
  260,20101006,  160,  123,  192,   46,   17
  260,20101007,  140,   97,  169,    0,    0
  260,20101008,  142,  111,  163,    0,    0
  260,20101009,  136,   95,  194,    0,    0
  260,20101010,  113,   71,  179,    0,    0
  260,20101011,   96,   46,  162,    0,    0
  260,20101012,   85,   51,  134,    0,    0
  260,20101013,   83,   28,  130,    0,    0
  260,20101014,   94,   23,  125,    0,   -1
  260,20101015,  103,   76,  128,   89,   92
  260,20101016,   74,   42,  103,    0,   -1
  260,20101017,   47,  -10,  107,    0,    0
  260,20101018,   68,  -18,  126,    7,   10
  260,20101019,   90,   68,  127,  120,  324
  260,20101020,   62,   35,   93,   74,  122
  260,20101021,   78,   29,  115,    8,    6
  260,20101022,   90,   67,  125,    0,   -1
  260,20101023,   72,   48,   86,   64,   60
  260,20101024,   75,   29,  117,   18,   41
  260,20101025,   53,    0,  113,    0,   -1
  260,20101026,   64,   -1,  101,   24,   12
  260,20101027,   89,   67,  107,   78,   66
  260,20101028,  113,   89,  136,    0,   -1
  260,20101029,  100,   59,  131,    0,    0
  260,20101030,  112,   69,  134,    9,    3
  260,20101031,   92,   54,  133,   34,    9
  260,20101101,   82,   50,   92,    0,    0
  260,20101102,  110,   83,  130,   21,    7
  260,20101103,  128,  107,  147,   80,   58
  260,20101104,  152,  145,  159,    0,   -1
  260,20101105,  137,   94,  150,  125,  205
  260,20101106,   93,   74,  116,   93,  111
  260,20101107,   55,    8,   82,   37,   62
  260,20101108,   49,    3,   80,    9,    3
  260,20101109,   46,   42,   53,   53,   26
  260,20101110,   54,   24,   85,   75,   92
  260,20101111,   68,   34,  107,   67,  129
  260,20101112,  113,   98,  128,   56,   43
  260,20101113,  104,   88,  115,   28,   13
  260,20101114,  112,   84,  132,  104,   58
  260,20101115,   58,    2,  106,    0,   -1
  260,20101116,   20,  -11,   60,    0,    0
  260,20101117,   39,    6,   53,    0,   -1
  260,20101118,   53,   40,   69,    0,   -1
  260,20101119,   71,   42,   87,   12,    9
  260,20101120,   70,   41,   94,    0,    0
  260,20101121,   52,   27,   83,    0,    0
  260,20101122,   45,   18,   63,    0,    0
  260,20101123,   46,   15,   76,    0,   -1
  260,20101124,   35,    4,   63,    0,   -1
  260,20101125,   24,    1,   48,    0,   -1
  260,20101126,   -1,  -28,   38,    0,    0
  260,20101127,   -5,  -44,   16,    6,    1
  260,20101128,  -30,  -52,    5,    0,    0
  260,20101129,  -22,  -45,   -7,   46,   17
  260,20101130,  -16,  -37,   -5,    0,   -1
  260,20101201,  -62,  -78,  -37,    0,   -1
  260,20101202,  -69,  -79,  -61,   68,   14
  260,20101203,  -54,  -97,  -25,   14,    4
  260,20101204,  -21,  -63,    8,   92,   44
  260,20101205,   23,  -11,   47,   59,   28
  260,20101206,   -4,  -33,   23,    0,    0
  260,20101207,  -23,  -38,  -13,    0,    0
  260,20101208,  -21,  -47,   -4,    0,   -1
  260,20101209,   27,  -24,   54,   24,   25
  260,20101210,   38,  -10,   71,    3,    1
  260,20101211,   71,   60,   80,   11,    4
  260,20101212,   31,  -34,   68,    6,    8
  260,20101213,  -17,  -65,   20,    6,    1
  260,20101214,  -25,  -59,    1,    0,    0
  260,20101215,    4,  -57,   36,   22,   21
  260,20101216,   15,  -27,   45,   89,  124
  260,20101217,  -22,  -56,   -6,   41,   24
  260,20101218,  -41,  -60,  -15,   20,   36
  260,20101219,  -49,  -57,  -39,   45,   64
  260,20101220,  -77, -111,  -47,    0,   -1
  260,20101221,  -39,  -85,  -16,    4,    1
  260,20101222,  -21,  -29,  -11,    0,   -1
  260,20101223,   -7,  -22,    0,   28,    5
  260,20101224,  -12,  -24,   -3,    0,    0
  260,20101225,  -16,  -33,    6,    3,    1
  260,20101226,    5,  -59,   48,   17,   18
  260,20101227,   -6,  -16,    9,    0,    0
  260,20101228,    4,   -3,   12,    4,    1
  260,20101229,    4,  -16,   18,    0,   -1
  260,20101230,  -16,  -55,   19,    0,    0
  260,20101231,   25,    6,   37,   33,    7
  260,20110101,   35,   -3,   59,   15,    6
  260,20110102,   23,   -7,   53,    0,   -1
  260,20110103,    7,  -36,   36,    4,    1
  260,20110104,    9,   -1,   24,    0,   -1
  260,20110105,    3,  -15,   35,   14,    5
  260,20110106,   44,   33,   52,  168,  155
  260,20110107,   47,   -5,   92,   16,    5
  260,20110108,   88,   49,  120,   46,   48
  260,20110109,   38,   10,   67,    0,    0
  260,20110110,    9,  -25,   49,    0,    0
  260,20110111,   32,   -3,   62,   43,   21
  260,20110112,   57,   29,   85,  136,  105
  260,20110113,   95,   83,  106,  123,  125
  260,20110114,   99,   75,  116,  174,  193
  260,20110115,   89,   70,  100,    0,   -1
  260,20110116,   97,   80,  125,    0,    0
  260,20110117,   81,   50,   96,   14,    5
  260,20110118,   44,   19,   61,   63,  108
  260,20110119,   36,   14,   66,   13,   16
  260,20110120,   20,  -28,   50,    0,   -1
  260,20110121,    9,  -38,   37,    0,   -1
  260,20110122,   45,   22,   61,    9,    3
  260,20110123,   51,   23,   66,   10,    3
  260,20110124,   55,   45,   68,   33,   14
  260,20110125,   47,    7,   69,   46,   54
  260,20110126,   13,   -4,   40,    0,   -1
  260,20110127,   -1,  -31,   14,    0,    0
  260,20110128,  -24,  -49,   11,    0,    0
  260,20110129,  -30,  -56,    6,    0,    0
  260,20110130,  -14,  -53,   14,    0,    0
  260,20110131,  -13,  -29,   -1,    0,    0
  260,20110201,   -7,  -33,   24,   11,    9
  260,20110202,   35,   22,   45,   10,   12
  260,20110203,   56,   39,   80,   23,   20
  260,20110204,   91,   65,  104,   30,    6
  260,20110205,  108,  103,  116,    0,    0
  260,20110206,  100,   84,  113,    0,    0
  260,20110207,   84,   71,  104,    0,    0
  260,20110208,   43,  -28,   92,    0,    0
  260,20110209,   30,  -37,   94,    0,    0
  260,20110210,   75,   36,  104,   79,   91
  260,20110211,   78,   47,   95,   54,   21
  260,20110212,   55,   31,   85,   97,  124
  260,20110213,   62,   34,   81,    0,    0
  260,20110214,   63,   44,   82,   32,   11
  260,20110215,   59,   35,   79,    5,    6
  260,20110216,   63,   20,  104,    6,    2
  260,20110217,   38,    6,  101,    0,    0
  260,20110218,   10,    4,   15,    0,    0
  260,20110219,   21,    6,   50,    0,    0
  260,20110220,    3,  -24,   27,    0,    0
  260,20110221,  -19,  -46,   21,    0,    0
  260,20110222,  -20,  -64,   25,    0,    0
  260,20110223,    4,  -23,   37,   76,   38
  260,20110224,   42,    9,   68,   39,   13
  260,20110225,   68,   51,   81,    3,    1
  260,20110226,   73,   60,   95,   90,   68
  260,20110227,   43,   13,   62,  186,  196
  260,20110228,   24,   10,   34,   37,   14
  260,20110301,   25,   12,   41,    0,    0
  260,20110302,   19,  -14,   64,    0,    0
  260,20110303,    6,  -25,   60,    0,    0
  260,20110304,   -2,  -37,   47,    0,    0
  260,20110305,   26,   -7,   61,    0,    0
  260,20110306,   19,  -28,   67,    0,    0
  260,20110307,   20,  -29,   79,    0,    0
  260,20110308,   46,  -13,  110,    0,    0
  260,20110309,   67,   43,  101,   13,   12
  260,20110310,   77,   43,  103,    1,    1
  260,20110311,   67,   10,  106,    0,   -1
  260,20110312,   85,    7,  127,    0,   -1
  260,20110313,  106,   91,  131,   30,   13
  260,20110314,  107,   83,  138,   30,   29
  260,20110315,  113,   79,  164,    0,    0
  260,20110316,   72,   47,  119,    0,    0
  260,20110317,   57,   45,   84,    0,   -1
  260,20110318,   64,   45,   95,   78,  113
  260,20110319,   41,  -17,  102,    0,    0
  260,20110320,   38,  -28,  118,    0,    0
  260,20110321,   59,  -29,  143,    0,    0
  260,20110322,   78,  -12,  162,    0,    0
  260,20110323,   83,   25,  150,    0,    0
  260,20110324,   90,    0,  166,    0,    0
  260,20110325,   92,   36,  148,    0,    0
  260,20110326,   48,    7,   80,    0,   -1
  260,20110327,   62,   -6,  129,    0,    0
  260,20110328,   47,  -19,  102,    0,    0
  260,20110329,   60,  -25,  146,    0,    0
  260,20110330,   90,    3,  154,   11,   18
  260,20110331,  113,   92,  140,   50,   55
  260,20110401,  126,   99,  161,    0,    0
  260,20110402,  153,   90,  232,    1,    1
  260,20110403,  118,   92,  153,    7,   15
  260,20110404,  103,   82,  141,    0,    0
  260,20110405,   99,   70,  119,    0,   -1
  260,20110406,  144,  103,  208,    0,    0
  260,20110407,  122,   60,  164,    0,    0
  260,20110408,  100,   35,  163,    0,    0
  260,20110409,  104,   56,  162,    0,    0
  260,20110410,  112,   44,  187,    0,    0
  260,20110411,  128,   45,  220,   22,   49
  260,20110412,   84,   56,  112,    7,    7
  260,20110413,   82,   12,  132,    0,    0
  260,20110414,   85,   14,  126,    0,    0
  260,20110415,  103,   22,  163,    0,    0
  260,20110416,  104,   24,  169,    0,   -1
  260,20110417,  125,   76,  179,    0,    0
  260,20110418,  126,   30,  188,    0,    0
  260,20110419,  152,   75,  238,    0,    0
  260,20110420,  155,   56,  246,    0,    0
  260,20110421,  164,   63,  250,    0,    0
  260,20110422,  182,   92,  263,    0,    0
  260,20110423,  189,   99,  263,    0,    0
  260,20110424,  178,   89,  260,    0,    0
  260,20110425,  167,   78,  239,    0,    0
  260,20110426,  142,   71,  212,    0,    0
  260,20110427,  124,   94,  157,    0,   -1
  260,20110428,  141,  109,  190,   10,   10
  260,20110429,  168,  101,  229,    0,   -1
  260,20110430,  155,   98,  214,    0,    0
  260,20110501,  129,   69,  185,    0,    0
  260,20110502,   98,   53,  148,    0,    0
  260,20110503,   82,   22,  141,    0,    0
  260,20110504,   80,    3,  141,    0,    0
  260,20110505,  106,    0,  184,    0,    0
  260,20110506,  150,   51,  223,    0,    0
  260,20110507,  203,  109,  278,    0,    0
  260,20110508,  213,  158,  269,    0,   -1
  260,20110509,  163,  110,  204,    6,    4
  260,20110510,  165,  101,  232,   25,   49
  260,20110511,  150,   90,  209,    0,    0
  260,20110512,  131,   83,  174,    0,    0
  260,20110513,  136,   80,  187,    0,    0
  260,20110514,  120,   74,  155,    0,   -1
  260,20110515,  117,   84,  154,    4,   22
  260,20110516,  131,  110,  150,   67,   50
  260,20110517,  140,  107,  168,   12,    5
  260,20110518,  140,  115,  169,    0,    0
  260,20110519,  122,   60,  160,   50,   13
  260,20110520,  132,   40,  212,    0,    0
  260,20110521,  145,   48,  221,    0,    0
  260,20110522,  148,  107,  186,   26,   73
  260,20110523,  160,  103,  214,    0,    0
  260,20110524,  136,   99,  162,    0,    0
  260,20110525,  150,   59,  215,    0,    0
  260,20110526,  147,  116,  179,   17,   28
  260,20110527,  124,   95,  152,   10,   18
  260,20110528,  129,   95,  165,   17,    8
  260,20110529,  159,  125,  217,    0,   -1
  260,20110530,  191,   91,  281,    3,    1
  260,20110531,  135,   95,  167,   33,   34
  260,20110601,  135,   49,  200,    0,    0
  260,20110602,  160,   52,  222,    0,    0
  260,20110603,  188,  122,  251,    0,    0
  260,20110604,  210,  138,  277,    0,    0
  260,20110605,  166,  132,  215,   22,   20
  260,20110606,  160,  116,  213,   49,   74
  260,20110607,  153,  114,  195,   20,   33
  260,20110608,  145,  111,  184,   43,   21
  260,20110609,  139,   72,  186,    4,    1
  260,20110610,  130,   57,  198,   34,   45
  260,20110611,  115,   59,  163,   17,   53
  260,20110612,  138,   47,  183,    0,   -1
  260,20110613,  163,  137,  196,   13,   17
  260,20110614,  165,  103,  208,    0,    0
  260,20110615,  174,   98,  233,    2,    1
  260,20110616,  150,  126,  177,   89,  249
  260,20110617,  143,  112,  175,   25,   33
  260,20110618,  141,  107,  172,   79,  130
  260,20110619,  136,  118,  166,   64,   64
  260,20110620,  154,  111,  191,    0,   -1
  260,20110621,  173,  144,  211,   14,   10
  260,20110622,  158,  146,  176,    3,    2
  260,20110623,  154,  123,  190,   12,   25
  260,20110624,  141,  105,  182,    4,    4
  260,20110625,  142,  117,  167,  114,   51
  260,20110626,  194,  162,  237,    4,    1
  260,20110627,  238,  158,  302,    0,    0
  260,20110628,  249,  192,  322,   38,  288
  260,20110629,  169,  114,  196,   10,   22
  260,20110630,  152,   88,  197,    0,    0
  260,20110701,  144,   95,  184,   12,   15
  260,20110702,  138,   86,  176,    0,    0
  260,20110703,  146,   90,  190,    0,    0
  260,20110704,  155,   98,  205,    0,    0
  260,20110705,  182,   92,  243,    0,    0
  260,20110706,  175,  111,  212,    7,    9
  260,20110707,  176,  118,  221,    0,    0
  260,20110708,  178,  133,  215,    0,   -1
  260,20110709,  168,  122,  208,   34,   49
  260,20110710,  165,   97,  225,    0,    0
  260,20110711,  179,   93,  237,    0,    0
  260,20110712,  180,  135,  238,   65,  589
  260,20110713,  134,  127,  141,  139,   43
  260,20110714,  137,  125,  163,  205,  475
  260,20110715,  171,  128,  222,   22,   22
  260,20110716,  163,  129,  211,  105,  150
  260,20110717,  159,  134,  192,   24,   30
  260,20110718,  152,  139,  173,   61,   29
  260,20110719,  166,  116,  208,    0,   -1
  260,20110720,  171,  145,  226,   10,   32
  260,20110721,  167,  125,  202,    0,    0
  260,20110722,  152,  126,  186,    0,   -1
  260,20110723,  135,  113,  170,   60,   88
  260,20110724,  124,  110,  133,  177,  250
  260,20110725,  150,   71,  197,    0,   -1
  260,20110726,  155,  133,  186,   34,   12
  260,20110727,  170,  125,  217,    0,    0
  260,20110728,  188,  150,  243,    0,    0
  260,20110729,  157,  127,  189,    0,   -1
  260,20110730,  147,  131,  168,    0,   -1
  260,20110731,  142,   80,  181,    0,    0
  260,20110801,  153,   61,  217,    0,    0
  260,20110802,  208,  115,  267,    0,    0
  260,20110803,  197,  141,  234,    5,    1
  260,20110804,  195,  127,  253,   52,   29
  260,20110805,  189,  154,  229,    0,    0
  260,20110806,  185,  143,  246,   45,   85
  260,20110807,  165,  137,  205,    2,    1
  260,20110808,  158,  130,  191,   63,   84
  260,20110809,  147,  118,  173,    2,    6
  260,20110810,  159,   93,  201,    7,    4
  260,20110811,  172,  154,  211,   16,   30
  260,20110812,  176,  134,  211,    8,    3
  260,20110813,  173,  134,  200,   30,   34
  260,20110814,  172,  138,  212,   75,  149
  260,20110815,  160,  116,  211,    0,    0
  260,20110816,  177,  124,  218,    0,   -1
  260,20110817,  176,  134,  222,    0,   -1
  260,20110818,  164,  136,  194,   33,   79
  260,20110819,  155,   93,  197,   14,    4
  260,20110820,  168,   93,  231,    0,    0
  260,20110821,  197,  121,  274,    0,   -1
  260,20110822,  178,  122,  234,   22,   22
  260,20110823,  191,  151,  242,   70,   76
  260,20110824,  183,  147,  209,    8,    4
  260,20110825,  172,  103,  242,    6,   45
  260,20110826,  178,  147,  212,   31,   24
  260,20110827,  145,  116,  183,   45,   82
  260,20110828,  137,  114,  166,   80,  173
  260,20110829,  136,   92,  165,    5,    3
  260,20110830,  128,   82,  181,    5,   17
  260,20110831,  141,   86,  179,    1,    1
  260,20110901,  127,   61,  191,    0,    0
  260,20110902,  169,   74,  251,    0,    0
  260,20110903,  208,  119,  279,    1,    1
  260,20110904,  185,  147,  221,   37,  136
  260,20110905,  153,  122,  190,   10,   37
  260,20110906,  152,  137,  166,  130,  270
  260,20110907,  149,  128,  177,   46,   79
  260,20110908,  145,  125,  166,   75,   99
  260,20110909,  175,  156,  200,    0,   -1
  260,20110910,  207,  151,  254,   20,  118
  260,20110911,  172,  148,  201,   14,   52
  260,20110912,  168,  143,  210,    9,    7
  260,20110913,  155,  116,  187,   20,   53
  260,20110914,  143,  113,  179,    0,    0
  260,20110915,  140,   90,  187,    0,    0
  260,20110916,  141,   73,  192,    2,    2
  260,20110917,  151,  120,  173,   13,    9
  260,20110918,  122,   76,  166,   10,   11
  260,20110919,  126,   67,  179,    0,   -1
  260,20110920,  158,  114,  187,    0,    0
  260,20110921,  160,  141,  186,    0,   -1
  260,20110922,  145,   92,  178,    1,    1
  260,20110923,  133,   78,  185,    0,   -1
  260,20110924,  127,   63,  209,    0,    0
  260,20110925,  154,   71,  227,    0,    0
  260,20110926,  166,  115,  231,   18,   16
  260,20110927,  157,  103,  206,    0,    0
  260,20110928,  161,   89,  238,    0,    0
  260,20110929,  178,  123,  252,    0,    0
  260,20110930,  165,  105,  241,    0,    0
  260,20111001,  161,   88,  260,    0,    0
  260,20111002,  156,   77,  256,    0,    0
  260,20111003,  181,   99,  243,    0,    0
  260,20111004,  171,  154,  200,    0,   -1
  260,20111005,  172,  157,  183,    0,   -1
  260,20111006,  134,   83,  176,   46,   87
  260,20111007,  107,   82,  142,   96,  131
  260,20111008,  100,   72,  135,   20,   45
  260,20111009,  116,   60,  170,   77,   49
  260,20111010,  169,  163,  179,   10,    3
  260,20111011,  156,  133,  173,   48,   25
  260,20111012,  111,   98,  136,  165,  155
  260,20111013,   90,   33,  146,    0,    0
  260,20111014,   76,   19,  146,    0,    0
  260,20111015,   68,    4,  139,    0,    0
  260,20111016,   75,   29,  144,    0,    0
  260,20111017,  112,   46,  161,    0,    0
  260,20111018,  105,   80,  138,   45,   83
  260,20111019,   83,   45,  137,   41,   39
  260,20111020,   70,   25,  108,   25,   25
  260,20111021,   64,   16,  120,    0,    0
  260,20111022,   58,   21,  101,    0,    0
  260,20111023,   82,   34,  137,    0,    0
  260,20111024,   97,   51,  131,    0,    0
  260,20111025,  103,   85,  127,   51,   33
  260,20111026,  104,   76,  137,    6,    2
  260,20111027,  109,   71,  152,    0,    0
  260,20111028,  119,   87,  171,    0,   -1
  260,20111029,  123,   73,  170,    4,    4
  260,20111030,  133,  119,  143,    0,    0
  260,20111031,  135,  108,  166,    0,    0
  260,20111101,  127,   91,  170,   48,   58
  260,20111102,  119,   97,  142,    5,    2
  260,20111103,  144,  114,  167,    0,   -1
  260,20111104,  147,  124,  183,    0,   -1
  260,20111105,  124,   72,  170,    0,   -1
  260,20111106,  111,   77,  124,    0,    0
  260,20111107,  100,   90,  106,    0,    0
  260,20111108,   85,   48,  116,    0,    0
  260,20111109,   83,   52,  131,    0,    0
  260,20111110,   55,   27,   74,    0,    0
  260,20111111,   74,   48,  101,    0,    0
  260,20111112,   61,   33,  108,    0,    0
  260,20111113,   36,    6,   78,    0,    0
  260,20111114,   29,  -11,   88,    0,    0
  260,20111115,   10,  -12,   51,    0,    0
  260,20111116,   18,  -15,   77,    0,    0
  260,20111117,   34,   -9,   80,    0,    0
  260,20111118,   68,   24,  100,    0,    0
  260,20111119,   39,   -4,  104,    0,    0
  260,20111120,   19,   -5,   46,    0,    0
  260,20111121,   13,   -2,   32,    0,    0
  260,20111122,   34,   -9,   91,    0,   -1
  260,20111123,   79,   48,  116,    1,    1
  260,20111124,   81,   67,  106,    0,    0
  260,20111125,   87,   75,  101,   17,   10
  260,20111126,   87,   47,  111,    0,   -1
  260,20111127,   96,   66,  137,    9,   18
  260,20111128,   49,    7,   91,    0,    0
  260,20111129,   75,   49,  100,   35,   19
  260,20111130,   73,   50,  109,    0,    0
  260,20111201,   96,   49,  123,   90,  235
  260,20111202,   65,   47,   98,   43,  118
  260,20111203,   81,   53,  106,   74,   84
  260,20111204,   79,   51,   90,    8,    9
  260,20111205,   54,   35,   76,   23,   30
  260,20111206,   49,   34,   77,    9,    9
  260,20111207,   70,   39,   85,   34,   82
  260,20111208,   76,   41,  107,   42,   70
  260,20111209,   63,   25,   86,   25,   34
  260,20111210,   40,   10,   68,    3,    2
  260,20111211,   39,   15,   62,    0,    0
  260,20111212,   68,   49,   90,   36,   24
  260,20111213,   78,   52,  108,   69,  105
  260,20111214,   51,   35,   66,   36,   62
  260,20111215,   53,   35,   66,   74,   68
  260,20111216,   39,   16,   51,  110,  102
  260,20111217,   44,   11,   77,   44,   50
  260,20111218,   23,    5,   56,   24,   37
  260,20111219,   23,   -1,   51,   62,   38
  260,20111220,   58,    8,   83,   39,   25
  260,20111221,   59,   47,   64,   23,    5
  260,20111222,   92,   62,  102,   67,   35
  260,20111223,   91,   61,  104,   45,   33
  260,20111224,   64,   53,   82,   38,   27
  260,20111225,   92,   69,  106,    7,    1
  260,20111226,  109,  102,  120,    4,    1
  260,20111227,   87,   77,  102,    0,    0
  260,20111228,   68,   57,   78,    0,   -1
  260,20111229,   68,   47,   78,   49,   45
  260,20111230,   53,   38,   80,   22,   14
  260,20111231,   77,   37,  107,  112,   45
  260,20120101,  116,  102,  129,  113,  142
  260,20120102,   75,   46,  103,    0,   -1
  260,20120103,   74,   48,  107,   56,  106
  260,20120104,   71,   54,   86,   75,   80
  260,20120105,   74,   49,  102,   55,  119
  260,20120106,   67,   42,   88,   11,   12
  260,20120107,   78,   51,   94,   49,   49
  260,20120108,   74,   55,   84,    0,   -1
  260,20120109,   83,   65,   95,    9,    1
  260,20120110,   75,   22,   93,    0,    0
  260,20120111,   84,   75,   90,   31,   10
  260,20120112,   79,   52,  105,    2,    1
  260,20120113,   55,   37,   75,    8,    6
  260,20120114,   40,   -1,   73,    0,    0
  260,20120115,   18,  -21,   66,    0,    0
  260,20120116,  -10,  -44,   48,    0,    0
  260,20120117,   -3,  -53,   61,    0,    0
  260,20120118,   26,  -18,   62,   62,   34
  260,20120119,   67,   50,   81,  104,  102
  260,20120120,   46,   24,   68,   12,   13
  260,20120121,   78,   34,  109,   77,   43
  260,20120122,   68,   50,   99,   33,   40
  260,20120123,   54,   29,   80,   27,   33
  260,20120124,   33,    0,   59,    0,   -1
  260,20120125,   41,   29,   52,    0,   -1
  260,20120126,   45,   36,   62,   99,   54
  260,20120127,   43,   14,   80,    0,    0
  260,20120128,   28,  -11,   68,    0,    0
  260,20120129,   -7,  -17,    8,    0,    0
  260,20120130,  -20,  -27,  -12,    5,    1
  260,20120131,  -39,  -66,  -11,    0,    0
  260,20120201,  -49,  -79,  -13,    0,    0
  260,20120202,  -65,  -88,  -35,    0,    0
  260,20120203,  -82, -159,  -51,   53,   29
  260,20120204, -121, -189,  -45,    0,    0
  260,20120205,  -71, -102,  -51,    0,    0
  260,20120206,  -84, -146,  -33,    0,    0
  260,20120207,  -85, -153,  -37,    0,   -1
  260,20120208,  -33,  -89,   -9,    0,    0
  260,20120209,  -44,  -97,    5,    0,    0
  260,20120210,  -61, -108,  -21,    0,    0
  260,20120211,  -73, -119,  -30,    0,    0
  260,20120212,  -37,  -98,   -5,   14,    4
  260,20120213,   27,   -5,   50,   36,   13
  260,20120214,   46,   31,   59,   78,   30
  260,20120215,   56,   40,   68,    7,    2
  260,20120216,   55,   40,   75,    0,   -1
  260,20120217,   68,   45,   95,   10,    3
  260,20120218,   70,   35,   91,   46,   70
  260,20120219,   29,  -12,   60,    9,    6
  260,20120220,   22,  -34,   64,    0,    0
  260,20120221,   57,   28,   93,    0,    0
  260,20120222,   67,   52,   90,   40,   22
  260,20120223,  101,   60,  129,   34,   13
  260,20120224,   81,   20,   99,    8,    2
  260,20120225,   53,    1,  103,    0,    0
  260,20120226,   68,   54,   96,    0,   -1
  260,20120227,   62,   33,   82,    0,    0
  260,20120228,   87,   76,   98,   27,    4
  260,20120229,   88,   82,   95,    7,    1
  260,20120301,   90,   83,  101,    0,    0
  260,20120302,   88,   60,  131,    0,    0
  260,20120303,   93,   63,  125,    0,   -1
  260,20120304,   79,   29,  113,   68,   33
  260,20120305,   56,   42,   84,   58,   45
  260,20120306,   57,    1,   97,    0,    0
  260,20120307,   43,   -5,   62,   68,  110
  260,20120308,   58,   25,   92,    0,    0
  260,20120309,   78,   41,  106,    0,    0
  260,20120310,   91,   76,  115,   14,    7
  260,20120311,   89,   46,  138,    0,    0
  260,20120312,   79,   11,  135,    0,    0
  260,20120313,   80,   70,   95,    0,    0
  260,20120314,   63,    5,   86,    0,    0
  260,20120315,   67,  -16,  151,    0,    0
  260,20120316,   75,   27,  118,    0,    0
  260,20120317,   93,   57,  125,    0,   -1
  260,20120318,   72,   24,   99,    8,    6
  260,20120319,   48,  -19,  116,    0,    0
  260,20120320,   85,   34,  136,    0,    0
  260,20120321,   93,   12,  160,    0,    0
  260,20120322,  123,   51,  192,    0,    0
  260,20120323,  121,   56,  197,    0,    0
  260,20120324,  111,   46,  179,    0,    0
  260,20120325,   95,   39,  169,    0,    0
  260,20120326,   98,   20,  166,    0,    0
  260,20120327,  100,   16,  182,    0,    0
  260,20120328,  104,   29,  184,    0,    0
  260,20120329,   88,   42,  117,    0,    0
  260,20120330,   86,   71,  101,    0,   -1
  260,20120331,   68,   10,   93,    0,   -1
  260,20120401,   49,  -23,   97,    0,    0
  260,20120402,   81,   22,  135,    0,    0
  260,20120403,   90,   17,  141,    7,    7
  260,20120404,   75,   54,   90,    0,   -1
  260,20120405,   59,   17,  102,    0,    0
  260,20120406,   60,  -11,  112,   15,    4
  260,20120407,   53,   20,   79,    9,    3
  260,20120408,   62,   -4,   97,   22,    6
  260,20120409,   90,   68,  101,  140,   92
  260,20120410,   95,   75,  112,   87,   41
  260,20120411,   79,   41,  127,    6,    2
  260,20120412,   71,   21,  125,    9,   17
  260,20120413,   73,   23,  117,   14,   35
  260,20120414,   76,   18,  126,    0,    0
  260,20120415,   66,   36,   96,    6,    2
  260,20120416,   50,  -14,  101,    0,    0
  260,20120417,   49,  -24,  100,   26,   23
  260,20120418,   84,   38,  132,   18,   24
  260,20120419,   89,   41,  134,   10,    4
  260,20120420,   82,   46,  133,    5,   14
  260,20120421,   78,   51,  119,   33,   31
  260,20120422,   88,   60,  133,    8,    8
  260,20120423,   94,   64,  144,   53,   22
  260,20120424,   97,   69,  135,   13,    4
  260,20120425,  100,   63,  134,   19,   12
  260,20120426,  114,   92,  146,   27,   71
  260,20120427,  123,   98,  160,    0,   -1
  260,20120428,  105,   89,  124,   27,   53
  260,20120429,  125,   75,  184,    0,   -1
  260,20120430,  158,   50,  224,    0,    0
  260,20120501,  149,  104,  192,   25,   35
  260,20120502,  143,   93,  198,   18,   16
  260,20120503,  125,  110,  143,    0,    0
  260,20120504,   99,   70,  120,    2,    1
  260,20120505,   86,   68,  101,    8,    2
  260,20120506,   81,   49,  118,    0,    0
  260,20120507,   99,   20,  151,    0,    0
  260,20120508,  136,   97,  176,   72,   97
  260,20120509,  157,  136,  189,   34,  123
  260,20120510,  183,  152,  218,   74,  101
  260,20120511,  138,   73,  174,    0,   -1
  260,20120512,   87,   27,  131,    1,    2
  260,20120513,   88,    9,  143,    0,    0
  260,20120514,  111,   36,  166,    0,   -1
  260,20120515,   89,   76,  124,   36,   49
  260,20120516,   82,   23,  120,    9,    9
  260,20120517,  104,   16,  150,    0,    0
  260,20120518,  134,   94,  191,   10,   15
  260,20120519,  154,  114,  206,    0,   -1
  260,20120520,  164,  125,  227,   52,   50
  260,20120521,  190,  133,  247,    0,    0
  260,20120522,  214,  147,  284,    0,    0
  260,20120523,  203,  135,  288,    6,  225
  260,20120524,  224,  169,  283,   15,   10
  260,20120525,  208,  148,  257,    0,    0
  260,20120526,  202,  142,  256,    0,    0
  260,20120527,  205,  122,  266,    0,    0
  260,20120528,  183,  112,  243,    0,    0
  260,20120529,  136,   88,  185,    0,   -1
  260,20120530,  162,   84,  223,    0,    0
  260,20120531,  144,  121,  184,   58,  109
  260,20120601,  127,   69,  161,    4,    1
  260,20120602,  118,   46,  164,    0,    0
  260,20120603,   91,   82,  110,   90,   86
  260,20120604,   91,   64,  114,   87,   90
  260,20120605,  110,   33,  157,    0,    0
  260,20120606,  139,   98,  187,   90,   81
  260,20120607,  162,  118,  209,   28,   17
  260,20120608,  152,  110,  192,    6,    5
  260,20120609,  133,  113,  159,    0,   -1
  260,20120610,  149,   97,  201,    0,   -1
  260,20120611,  148,  129,  200,   31,   46
  260,20120612,  136,  106,  165,    0,    0
  260,20120613,  117,   54,  153,    0,    0
  260,20120614,  125,   37,  180,    0,    0
  260,20120615,  149,  111,  193,   74,   87
  260,20120616,  167,  133,  199,    0,   -1
  260,20120617,  156,  101,  195,    0,   -1
  260,20120618,  144,   86,  187,   22,  102
  260,20120619,  153,   72,  209,    0,    0
  260,20120620,  177,  125,  218,    0,    0
  260,20120621,  178,  140,  219,   31,  169
  260,20120622,  154,  127,  184,   12,   54
  260,20120623,  157,  122,  193,    0,    0
  260,20120624,  137,  119,  167,   98,  114
  260,20120625,  143,  105,  173,    0,    0
  260,20120626,  162,   77,  225,    0,    0
  260,20120627,  180,  156,  209,   11,    7
  260,20120628,  223,  139,  279,    0,   -1
  260,20120629,  191,  162,  223,    3,    3
  260,20120630,  191,  151,  242,   22,   49
  260,20120701,  154,  122,  191,    5,    2
  260,20120702,  165,  118,  213,    0,    0
  260,20120703,  190,  139,  235,    0,    0
  260,20120704,  212,  158,  265,    0,    0
  260,20120705,  219,  155,  274,   10,    4
  260,20120706,  190,  135,  229,    0,   -1
  260,20120707,  184,  123,  240,   12,   26
  260,20120708,  168,  151,  197,   66,  199
  260,20120709,  166,  138,  194,    4,    7
  260,20120710,  164,  138,  196,   11,    4
  260,20120711,  156,  129,  192,    8,   27
  260,20120712,  145,  114,  186,   59,   78
  260,20120713,  155,  129,  205,  106,   50
  260,20120714,  149,  131,  178,    8,   37
  260,20120715,  153,  118,  185,    4,    2
  260,20120716,  149,  136,  177,  133,  207
  260,20120717,  175,  155,  195,    2,    4
  260,20120718,  171,  151,  192,   18,   15
  260,20120719,  153,  114,  181,   42,   90
  260,20120720,  146,   91,  191,    0,   -1
  260,20120721,  133,   75,  184,    0,    0
  260,20120722,  150,   62,  209,    0,    0
  260,20120723,  188,  104,  256,    0,    0
  260,20120724,  209,  107,  289,    0,    0
  260,20120725,  223,  133,  287,    0,    0
  260,20120726,  212,  157,  270,    0,    0
  260,20120727,  214,  159,  287,   25,   83
  260,20120728,  185,  155,  221,    4,    8
  260,20120729,  164,  114,  207,   11,   49
  260,20120730,  154,  113,  195,    8,   12
  260,20120731,  153,  123,  179,   17,    9
  260,20120801,  202,  118,  269,   35,  218
  260,20120802,  176,  126,  214,   11,   10
  260,20120803,  179,  122,  230,   10,   60
  260,20120804,  185,  140,  237,    0,    0
  260,20120805,  179,  131,  238,   28,   37
  260,20120806,  172,  152,  204,    7,   12
  260,20120807,  156,  143,  192,   48,   88
  260,20120808,  169,  124,  207,    0,   -1
  260,20120809,  168,  100,  219,    0,    0
  260,20120810,  157,   76,  219,    0,    0
  260,20120811,  159,   93,  213,    0,    0
  260,20120812,  186,  126,  241,    0,    0
  260,20120813,  186,  140,  245,    0,   -1
  260,20120814,  199,  152,  262,    6,    7
  260,20120815,  219,  144,  288,    2,    9
  260,20120816,  190,  135,  241,    0,    0
  260,20120817,  216,  151,  270,    0,    0
  260,20120818,  241,  159,  320,    0,    0
  260,20120819,  255,  176,  330,    0,   -1
  260,20120820,  219,  162,  270,    0,    0
  260,20120821,  205,  149,  267,    0,   -1
  260,20120822,  184,  157,  221,    0,    0
  260,20120823,  181,  135,  231,    0,   -1
  260,20120824,  184,  130,  239,   25,   58
  260,20120825,  177,  153,  218,   16,   20
  260,20120826,  160,  105,  196,   76,  219
  260,20120827,  169,   97,  218,    0,   -1
  260,20120828,  177,  116,  228,   10,   17
  260,20120829,  179,  102,  241,    9,   21
  260,20120830,  158,  134,  210,   30,   44
  260,20120831,  135,   91,  171,   57,  102
  260,20120901,  139,   66,  193,    0,    0
  260,20120902,  158,  102,  196,    0,    0
  260,20120903,  171,  117,  230,    0,    0
  260,20120904,  176,   97,  247,    0,    0
  260,20120905,  159,  125,  201,    0,    0
  260,20120906,  151,  112,  196,    0,    0
  260,20120907,  172,  123,  232,    0,    0
  260,20120908,  177,  118,  254,    0,    0
  260,20120909,  185,   91,  281,    0,    0
  260,20120910,  186,  130,  233,    0,    0
  260,20120911,  156,   93,  182,   20,   29
  260,20120912,  133,   90,  169,   23,   33
  260,20120913,  132,   83,  171,   12,    4
  260,20120914,  140,  112,  175,   29,   20
  260,20120915,  135,   82,  191,    0,    0
  260,20120916,  143,   71,  193,    0,    0
  260,20120917,  167,  143,  199,    0,   -1
  260,20120918,  128,   83,  174,   36,   72
  260,20120919,   93,   48,  150,   57,  106
  260,20120920,  110,   46,  157,    9,    6
  260,20120921,  125,   97,  162,    0,   -1
  260,20120922,  105,   37,  161,   14,   11
  260,20120923,   88,   22,  136,   37,  109
  260,20120924,  142,   97,  216,   45,   96
  260,20120925,  135,  112,  168,   17,   25
  260,20120926,  132,  108,  161,    0,   -1
  260,20120927,  125,   97,  166,   24,   45
  260,20120928,  132,   98,  171,   12,    4
  260,20120929,  128,  101,  158,   15,    9
  260,20120930,  123,   79,  165,    0,    0
  260,20121001,  142,  100,  187,   11,    3
  260,20121002,  145,  128,  178,    0,   -1
  260,20121003,  128,  104,  150,   81,   55
  260,20121004,  116,  100,  151,   52,   90
  260,20121005,  128,   98,  164,  111,  129
  260,20121006,   96,   33,  153,   96,  183
  260,20121007,   78,   26,  153,    0,    0
  260,20121008,   78,   15,  138,    0,   -1
  260,20121009,   75,   20,  142,    0,    0
  260,20121010,   81,   20,  145,    0,    0
  260,20121011,   89,   17,  143,    9,   23
  260,20121012,  112,   82,  144,   66,  164
  260,20121013,   89,   75,  113,   57,   44
  260,20121014,   86,   63,  118,   11,   15
  260,20121015,  104,   74,  135,    5,    3
  260,20121016,  110,   88,  150,   23,   14
  260,20121017,  117,   70,  157,   33,   19
  260,20121018,  152,  130,  186,   31,   80
  260,20121019,  168,  131,  212,   16,    6
  260,20121020,  149,  134,  164,   10,    3
  260,20121021,  135,  115,  148,    0,   -1
  260,20121022,  162,  123,  220,    0,    0
  260,20121023,  143,  117,  182,    0,    0
  260,20121024,  119,  107,  137,    2,    1
  260,20121025,  107,   86,  133,    0,   -1
  260,20121026,   50,    1,   86,    3,    1
  260,20121027,   29,  -16,   82,    0,   -1
  260,20121028,   47,  -28,  102,    0,   -1
  260,20121029,   75,   54,   95,   95,  145
  260,20121030,   69,   32,   96,   26,   49
  260,20121031,   77,   35,  125,    0,    0
  260,20121101,   78,   62,  106,   18,   35
  260,20121102,   67,   48,  100,   17,   14
  260,20121103,   62,   33,   89,   29,   30
  260,20121104,   61,   12,   93,   22,   37
  260,20121105,   68,   34,  104,   16,   21
  260,20121106,   67,   -3,  113,   80,   61
  260,20121107,  103,   94,  108,   44,    9
  260,20121108,   99,   90,  117,   13,    8
  260,20121109,   92,   79,  107,    0,   -1
  260,20121110,  100,   80,  113,   45,   32
  260,20121111,   83,   67,  115,    6,    3
  260,20121112,   66,   46,   77,    0,    0
  260,20121113,   87,   71,  104,    8,    2
  260,20121114,   74,   10,  126,    0,    0
  260,20121115,   39,    0,   55,    0,    0
  260,20121116,   38,   18,   51,    0,    0
  260,20121117,   52,   19,   84,   22,   13
  260,20121118,   55,  -12,  103,   68,   26
  260,20121119,   46,  -15,  102,    0,    0
  260,20121120,   90,   60,  123,    0,    0
  260,20121121,   65,   33,  106,   24,    6
  260,20121122,   79,   58,  113,    0,    0
  260,20121123,   62,   29,   82,   40,   43
  260,20121124,   52,    6,   93,   56,   46
  260,20121125,  105,   75,  131,   12,    7
  260,20121126,   77,   52,   99,    3,    1
  260,20121127,   67,   20,   87,    5,    1
  260,20121128,   53,   -3,   93,    5,    5
  260,20121129,   42,   10,   70,    0,   -1
  260,20121130,   23,  -28,   70,   17,    8
  260,20121201,   36,   26,   52,   65,   68
  260,20121202,   23,  -15,   58,   39,   74
  260,20121203,   27,  -11,   72,   54,   49
  260,20121204,   43,   -1,   67,   21,   46
  260,20121205,   12,  -12,   37,   29,   38
  260,20121206,    6,  -31,   36,    5,    8
  260,20121207,    3,  -12,   16,   80,   44
  260,20121208,  -18,  -83,   20,    8,    1
  260,20121209,   53,   18,   84,  125,  115
  260,20121210,   32,   -3,   62,    6,    9
  260,20121211,    6,  -19,   33,    0,    0
  260,20121212,   15,   -5,   42,   55,   61
  260,20121213,  -10,  -26,    5,    0,    0
  260,20121214,   50,    3,   96,   47,   87
  260,20121215,   84,   69,   97,   27,   21
  260,20121216,   72,   45,   80,   33,   25
  260,20121217,   62,   42,   78,   27,   26
  260,20121218,   57,   41,   71,   38,   46
  260,20121219,   54,   41,   61,    0,    0
  260,20121220,   32,   26,   42,  100,   58
  260,20121221,   49,   26,   79,   65,   36
  260,20121222,   72,   67,  104,  130,  151
  260,20121223,  114,   99,  130,   92,  149
  260,20121224,  100,   74,  127,   60,   23
  260,20121225,   86,   74,  105,  122,  152
  260,20121226,   80,   63,   94,   39,   47
  260,20121227,   75,   45,   98,   37,   26
  260,20121228,   65,   20,  105,   51,   30
  260,20121229,  108,   92,  120,   14,    5
  260,20121230,   79,   57,   94,    6,   18
  260,20121231,   95,   87,  104,   69,   55
  260,20130101,   71,   49,   88,   88,  145
  260,20130102,   67,   41,   86,   14,    2
  260,20130103,  103,   76,  116,   16,    7
  260,20130104,   93,   83,  103,   30,    8
  260,20130105,   81,   74,   88,    7,    2
  260,20130106,   84,   69,  101,    0,    0
  260,20130107,   73,   61,   84,    0,   -1
  260,20130108,   73,   60,   84,    0,   -1
  260,20130109,   65,   40,   79,  125,   71
  260,20130110,   55,   -5,   77,   29,   25
  260,20130111,    7,  -24,   38,    0,   -1
  260,20130112,    0,  -25,   32,    0,    0
  260,20130113,  -21,  -51,    6,    0,    0
  260,20130114,  -35,  -74,  -19,    0,   -1
  260,20130115,  -30,  -58,  -16,  105,   44
  260,20130116,  -72, -129,  -17,    0,    0
  260,20130117,  -53,  -74,  -28,    0,   -1
  260,20130118,  -17,  -34,   -1,    0,   -1
  260,20130119,  -39,  -52,  -24,    0,    0
  260,20130120,  -46,  -59,  -27,   43,   16
  260,20130121,  -20,  -28,  -11,   12,    4
  260,20130122,  -40,  -84,  -13,    0,    0
  260,20130123,  -52,  -93,  -28,    0,    0
  260,20130124,  -35,  -69,   -4,    0,    0
  260,20130125,  -53, -114,  -19,    0,    0
  260,20130126,  -14,  -44,   15,   24,   11
  260,20130127,   40,   13,   61,   76,   82
  260,20130128,   52,   27,   83,   51,   46
  260,20130129,  107,   83,  130,   63,   42
  260,20130130,  103,   77,  130,   47,   73
  260,20130131,   78,   64,  101,   10,   16
  260,20130201,   49,   18,   74,   81,   52
  260,20130202,   39,   12,   62,   30,   39
  260,20130203,   48,   22,   74,   54,   24
  260,20130204,   82,   66,  102,   41,   27
  260,20130205,   34,    9,   67,   29,   65
  260,20130206,   24,    2,   57,   49,   72
  260,20130207,   22,    4,   55,   41,   75
  260,20130208,    9,  -16,   42,    1,    1
  260,20130209,   -5,  -30,   11,   63,   42
  260,20130210,   -3,  -18,   11,   16,    5
  260,20130211,  -15,  -36,    8,    0,    0
  260,20130212,   -8,  -37,    7,    0,   -1
  260,20130213,  -13,  -52,   22,    0,   -1
  260,20130214,   -7,  -22,   13,   71,   37
  260,20130215,   42,   11,   80,    2,    1
  260,20130216,   52,   24,   78,    6,    7
  260,20130217,   29,  -19,   73,    0,    0
  260,20130218,   22,  -14,   71,    0,    0
  260,20130219,   30,  -17,   60,    5,    1
  260,20130220,   -3,  -24,   30,    0,    0
  260,20130221,  -12,  -29,   11,    0,    0
  260,20130222,  -20,  -40,   13,    0,    0
  260,20130223,  -15,  -46,    7,   10,    1
  260,20130224,    2,  -11,    9,  107,   24
  260,20130225,   17,    8,   27,   13,    4
  260,20130226,   32,    8,   60,    0,    0
  260,20130227,   10,   -2,   25,    0,    0
  260,20130228,   23,    6,   52,    0,    0
  260,20130301,   35,   25,   50,    3,    1
  260,20130302,   31,   19,   45,    0,    0
  260,20130303,   38,  -10,   62,    8,    2
  260,20130304,   45,  -24,  109,    0,    0
  260,20130305,   86,   24,  159,    0,    0
  260,20130306,  112,   48,  168,    0,    0
  260,20130307,   89,   73,  112,   14,    4
  260,20130308,   91,   60,  131,   53,   20
  260,20130309,   47,   10,   62,  240,  240
  260,20130310,   -1,  -15,   10,   50,   28
  260,20130311,  -21,  -30,  -12,    0,   -1
  260,20130312,  -25,  -69,    5,    0,    0
  260,20130313,   -9,  -74,   57,    0,   -1
  260,20130314,   -7,  -52,   36,    4,    1
  260,20130315,    4,  -54,   33,   78,   23
  260,20130316,   53,   27,   77,    0,   -1
  260,20130317,   56,   29,   91,   33,   20
  260,20130318,   57,   13,  103,   40,   24
  260,20130319,   33,    0,   66,    9,    3
  260,20130320,   14,    6,   27,    0,    0
  260,20130321,   12,  -26,   59,    0,    0
  260,20130322,    5,  -29,   41,    0,    0
  260,20130323,   -3,  -26,   23,    0,    0
  260,20130324,   -6,  -36,   30,    0,    0
  260,20130325,    3,  -24,   41,    0,    0
  260,20130326,    7,  -29,   55,    0,    0
  260,20130327,   10,  -35,   63,    0,    0
  260,20130328,    1,  -31,   42,    0,   -1
  260,20130329,   -4,  -34,   27,    6,    1
  260,20130330,    3,  -39,   48,    0,   -1
  260,20130331,    5,  -53,   43,    0,   -1
  260,20130401,   23,  -30,   75,    0,    0
  260,20130402,   33,  -27,   84,    0,    0
  260,20130403,   30,   -5,   86,    0,    0
  260,20130404,   28,    4,   47,    0,   -1
  260,20130405,   40,   12,   74,    0,    0
  260,20130406,   42,  -30,   91,    0,    0
  260,20130407,   41,  -24,   94,    0,    0
  260,20130408,   59,   -3,  111,    0,    0
  260,20130409,   65,   22,  106,   16,    3
  260,20130410,   61,    9,  110,    0,   -1
  260,20130411,   71,   39,  104,   69,   41
  260,20130412,   86,   45,  141,   32,   49
  260,20130413,  100,   53,  149,   36,   10
  260,20130414,  158,  110,  210,    5,    1
  260,20130415,  123,   58,  168,   12,   20
  260,20130416,  121,   50,  172,    0,   -1
  260,20130417,  152,   81,  207,    0,   -1
  260,20130418,  124,   84,  171,    0,    0
  260,20130419,   80,   39,  121,    0,   -1
  260,20130420,   63,  -18,  122,    0,    0
  260,20130421,   73,   -3,  144,    0,    0
  260,20130422,   88,  -18,  152,    0,    0
  260,20130423,  105,   65,  147,   38,   12
  260,20130424,  135,   59,  200,    0,    0
  260,20130425,  155,   98,  228,    0,   -1
  260,20130426,   79,   43,  124,   65,   70
  260,20130427,   66,   11,  110,    0,    0
  260,20130428,   72,    7,  128,    0,    0
  260,20130429,   80,   27,  128,   18,   24
  260,20130430,   85,   24,  132,    0,    0
  260,20130501,  105,   24,  174,    0,    0
  260,20130502,  113,   59,  170,    0,    0
  260,20130503,  123,   52,  190,    0,    0
  260,20130504,  118,   36,  174,    0,    0
  260,20130505,  132,   72,  188,    0,    0
  260,20130506,  155,   46,  231,    0,    0
  260,20130507,  164,   98,  232,    4,    1
  260,20130508,  163,  126,  219,    5,   43
  260,20130509,  131,   78,  170,    0,   -1
  260,20130510,  124,   94,  158,    3,    1
  260,20130511,  102,   80,  137,   69,  174
  260,20130512,   95,   67,  131,   55,   63
  260,20130513,  111,   77,  137,   59,   43
  260,20130514,   94,   61,  120,   36,   29
  260,20130515,  117,   49,  172,    4,    1
  260,20130516,   92,   40,  112,  113,  145
  260,20130517,   92,   81,  104,   33,   89
  260,20130518,   98,   51,  128,    0,    0
  260,20130519,  108,   35,  151,    0,    0
  260,20130520,  114,  101,  126,   82,   45
  260,20130521,  103,   86,  115,  131,   95
  260,20130522,   90,   40,  123,    0,   -1
  260,20130523,   66,   40,  104,   58,   68
  260,20130524,   79,   31,  125,   10,   15
  260,20130525,   89,   28,  139,   44,   49
  260,20130526,   97,   80,  124,    8,    5
  260,20130527,  135,   70,  195,    0,    0
  260,20130528,  160,   90,  216,    0,    0
  260,20130529,  111,  101,  124,   13,    5
  260,20130530,  131,  106,  168,    0,    0
  260,20130531,  151,  107,  206,    0,    0
  260,20130601,  110,   84,  154,    0,    0
  260,20130602,  121,   67,  177,    0,    0
  260,20130603,  108,   57,  148,    0,    0
  260,20130604,  145,   79,  210,    0,    0
  260,20130605,  162,   88,  219,    0,    0
  260,20130606,  176,  104,  252,    0,    0
  260,20130607,  172,  109,  247,    0,    0
  260,20130608,  141,   99,  198,    0,    0
  260,20130609,  123,   88,  169,    0,    0
  260,20130610,  121,   67,  172,    0,    0
  260,20130611,  154,   56,  216,    0,    0
  260,20130612,  186,  160,  218,   19,   13
  260,20130613,  160,  133,  187,   56,   38
  260,20130614,  150,   91,  191,    0,    0
  260,20130615,  148,   87,  189,    6,   23
  260,20130616,  144,   87,  189,    0,   -1
  260,20130617,  179,   77,  240,    0,   -1
  260,20130618,  227,  140,  304,    0,   -1
  260,20130619,  216,  176,  264,    7,    2
  260,20130620,  195,  168,  228,   17,   35
  260,20130621,  165,  152,  195,   60,   69
  260,20130622,  161,  136,  192,   16,   18
  260,20130623,  146,  124,  184,   49,   80
  260,20130624,  134,  115,  161,   14,   30
  260,20130625,  131,   64,  174,    0,    0
  260,20130626,  130,   54,  176,   18,   25
  260,20130627,  127,  106,  153,   19,   12
  260,20130628,  137,  111,  171,  107,  130
  260,20130629,  141,   78,  175,   13,   24
  260,20130630,  166,   74,  222,    0,    0
  260,20130701,  157,  104,  193,    0,    0
  260,20130702,  166,   96,  208,   10,   15
  260,20130703,  166,  148,  191,   30,   66
  260,20130704,  180,  153,  225,    4,    1
  260,20130705,  183,  136,  235,    0,    0
  260,20130706,  191,  114,  252,    0,    0
  260,20130707,  196,  119,  251,    0,    0
  260,20130708,  194,  137,  251,    0,    0
  260,20130709,  183,  127,  234,    0,    0
  260,20130710,  162,  131,  195,    8,    1
  260,20130711,  148,  108,  182,    0,    0
  260,20130712,  143,   73,  194,    0,   -1
  260,20130713,  165,   94,  218,    0,    0
  260,20130714,  165,  102,  225,    0,    0
  260,20130715,  193,  114,  260,    0,    0
  260,20130716,  198,  110,  260,    0,    0
  260,20130717,  211,  151,  263,    0,    0
  260,20130718,  214,  153,  271,    0,    0
  260,20130719,  205,  131,  257,    0,    0
  260,20130720,  184,  139,  226,    0,   -1
  260,20130721,  228,  152,  304,    0,    0
  260,20130722,  249,  152,  326,    0,    0
  260,20130723,  243,  158,  316,    0,    0
  260,20130724,  209,  140,  269,    0,   -1
  260,20130725,  209,  125,  290,    0,   -1
  260,20130726,  217,  152,  269,   11,   33
  260,20130727,  211,  170,  254,   36,  227
  260,20130728,  196,  146,  234,    6,   10
  260,20130729,  204,  148,  243,    0,    0
  260,20130730,  181,  159,  205,   39,   48
  260,20130731,  198,  175,  225,    3,    1
  260,20130801,  246,  194,  307,    0,    0
  260,20130802,  264,  196,  340,    0,    0
  260,20130803,  199,  127,  234,    0,   -1
  260,20130804,  198,  121,  262,    0,    0
  260,20130805,  218,  123,  292,    0,   -1
  260,20130806,  187,  139,  222,    0,   -1
  260,20130807,  150,  129,  171,   77,  112
  260,20130808,  169,  111,  219,    0,    0
  260,20130809,  177,   97,  232,    3,    3
  260,20130810,  162,  100,  199,    0,    0
  260,20130811,  176,  116,  219,    0,   -1
  260,20130812,  166,  113,  211,    6,   26
  260,20130813,  150,   93,  197,    0,   -1
  260,20130814,  155,   91,  218,    0,    0
  260,20130815,  154,   80,  207,   23,   21
  260,20130816,  187,  125,  269,   44,   48
  260,20130817,  195,  166,  229,   11,    6
  260,20130818,  184,  138,  226,   41,   49
  260,20130819,  162,  103,  211,    5,    3
  260,20130820,  153,   84,  212,    0,    0
  260,20130821,  172,  104,  240,    0,    0
  260,20130822,  172,  105,  216,    0,   -1
  260,20130823,  202,  136,  262,    0,    0
  260,20130824,  188,  152,  235,   14,    4
  260,20130825,  177,  137,  224,    0,   -1
  260,20130826,  182,  128,  240,    0,    0
  260,20130827,  178,  102,  242,    0,    0
  260,20130828,  172,  100,  241,    0,    0
  260,20130829,  166,   92,  242,    0,    0
  260,20130830,  174,  100,  233,    0,   -1
  260,20130831,  167,   87,  211,    0,   -1
  260,20130901,  143,   72,  179,    0,    0
  260,20130902,  168,  136,  196,    0,    0
  260,20130903,  189,  136,  236,    0,    0
  260,20130904,  197,  122,  260,    0,    0
  260,20130905,  224,  143,  303,    0,    0
  260,20130906,  197,  134,  279,    9,    8
  260,20130907,  166,  130,  198,    0,   -1
  260,20130908,  145,  119,  186,   64,  158
  260,20130909,  127,  107,  178,  100,  133
  260,20130910,  130,  107,  159,   99,  441
  260,20130911,  150,  103,  194,    3,   16
  260,20130912,  151,  115,  196,    0,   -1
  260,20130913,  145,   90,  178,   37,   15
  260,20130914,  146,   98,  179,  102,   83
  260,20130915,  128,   73,  172,   47,   69
  260,20130916,  112,   80,  157,   48,   75
  260,20130917,  103,   86,  143,   89,   89
  260,20130918,  114,   89,  157,   13,   14
  260,20130919,  126,   93,  153,   29,   23
  260,20130920,  132,   76,  168,   12,   13
  260,20130921,  136,   69,  177,    0,    0
  260,20130922,  167,  140,  211,    0,   -1
  260,20130923,  155,  102,  200,    0,    0
  260,20130924,  152,  124,  182,    0,    0
  260,20130925,  145,  101,  186,    0,   -1
  260,20130926,  130,   73,  164,    0,    0
  260,20130927,  103,   56,  167,    0,    0
  260,20130928,  117,   63,  174,    0,    0
  260,20130929,  125,   85,  179,    0,    0
  260,20130930,  111,   68,  165,    0,    0
  260,20131001,  104,   52,  165,    0,    0
  260,20131002,  103,   51,  152,    0,    0
  260,20131003,  126,   74,  175,    7,   14
  260,20131004,  160,  109,  219,   21,   82
  260,20131005,  149,   91,  194,    0,    0
  260,20131006,  118,   68,  180,    0,    0
  260,20131007,  111,   53,  176,    0,    0
  260,20131008,  145,   71,  182,    4,    1
  260,20131009,  132,   82,  158,   18,    7
  260,20131010,   93,   61,  130,   14,   12
  260,20131011,   78,   62,   86,  164,  221
  260,20131012,   80,   41,  109,   70,  225
  260,20131013,   83,   76,   93,  209,  639
  260,20131014,  101,   89,  112,   82,   75
  260,20131015,   92,   56,  118,   35,   36
  260,20131016,   99,   40,  142,   21,    8
  260,20131017,  121,   63,  161,    0,    0
  260,20131018,  110,   62,  135,    0,    0
  260,20131019,  133,   96,  167,   20,   49
  260,20131020,  149,  123,  187,    6,    2
  260,20131021,  148,  120,  176,    0,   -1
  260,20131022,  169,  127,  218,   23,   31
  260,20131023,  157,  123,  188,    0,   -1
  260,20131024,  116,   70,  168,    0,    0
  260,20131025,  147,   97,  180,   15,    4
  260,20131026,  163,  144,  195,    0,    0
  260,20131027,  144,  126,  156,   39,   42
  260,20131028,  138,  104,  174,   59,  114
  260,20131029,  103,   79,  135,   13,   46
  260,20131030,   95,   72,  136,    1,    2
  260,20131031,  105,   71,  133,    0,   -1
  260,20131101,  111,   97,  126,    3,    1
  260,20131102,  106,   86,  127,   51,   81
  260,20131103,   92,   74,  110,   31,   68
  260,20131104,   86,   73,  124,  120,  231
  260,20131105,   71,   53,   95,   93,  110
  260,20131106,  103,   70,  143,   78,   60
  260,20131107,  115,   92,  143,   42,   40
  260,20131108,   85,   57,  111,   37,  176
  260,20131109,   83,   53,  108,   47,  132
  260,20131110,   55,    8,  101,   25,   90
  260,20131111,   59,   -4,   95,    0,    0
  260,20131112,   71,   27,   87,   65,   29
  260,20131113,   49,   -2,  119,    0,    0
  260,20131114,   70,   49,   83,   31,   23
  260,20131115,   56,    4,  116,    0,    0
  260,20131116,   54,   42,   65,    0,   -1
  260,20131117,   63,   53,   73,    0,   -1
  260,20131118,   54,   38,   66,    0,   -1
  260,20131119,   55,    8,   87,   33,    8
  260,20131120,   25,  -19,   61,   48,   22
  260,20131121,   27,    8,   51,    0,    0
  260,20131122,   42,   15,   59,   24,    3
  260,20131123,   49,    4,   81,    0,    0
  260,20131124,   62,   32,   84,    5,    3
  260,20131125,   51,   31,   80,    1,    1
  260,20131126,   52,   18,   75,   12,    5
  260,20131127,   56,    5,   85,    6,    1
  260,20131128,   88,   73,  104,    2,    1
  260,20131129,   73,   54,   88,   45,   34
  260,20131130,   56,   21,   98,   14,   29
  260,20131201,   61,   17,   93,    0,   -1
  260,20131202,   29,  -18,   83,    0,    0
  260,20131203,    7,  -31,   62,    0,    0
  260,20131204,   49,   22,   84,   35,   15
  260,20131205,   48,   25,   91,   41,   86
  260,20131206,   37,   14,   54,   34,   37
  260,20131207,   59,   34,   81,   20,   22
  260,20131208,   81,   65,   96,    6,    4
  260,20131209,   91,   74,  111,    0,    0
  260,20131210,   43,    4,   91,    0,    0
  260,20131211,   12,  -13,   41,    0,    0
  260,20131212,   24,   -1,   52,    0,    0
  260,20131213,   17,   -2,   44,    0,    0
  260,20131214,   64,   29,   88,   43,   50
  260,20131215,   79,   66,   90,   24,   15
  260,20131216,  102,   79,  127,    0,    0
  260,20131217,   64,   52,  106,    9,    5
  260,20131218,   77,   61,   89,    4,    1
  260,20131219,   73,   31,   94,   53,   54
  260,20131220,   59,   38,   83,    0,    0
  260,20131221,   69,   61,   74,   48,   44
  260,20131222,   80,   66,  106,   18,   19
  260,20131223,   81,   49,  116,   80,   41
  260,20131224,   98,   71,  115,  101,   94
  260,20131225,   61,   17,   87,   27,   37
  260,20131226,   51,   17,   70,    8,    8
  260,20131227,   75,   28,   92,   92,   63
  260,20131228,   69,   48,   91,   56,   43
  260,20131229,   52,   27,   79,   15,    8
  260,20131230,   54,   21,   75,   16,    5
  260,20131231,   71,   52,   90,   30,   14
  260,20140101,   71,   48,   99,   36,   13
  260,20140102,   87,   55,  103,   13,    8
  260,20140103,   88,   56,  122,   44,   80
  260,20140104,   73,   59,   93,   11,    7
  260,20140105,   61,   41,   84,    0,    0
  260,20140106,  113,   70,  145,   29,   23
  260,20140107,  108,   94,  123,    0,   -1
  260,20140108,   86,   62,  100,   31,   66
  260,20140109,   94,   68,  121,   23,   24
  260,20140110,   65,   46,   88,    0,   -1
  260,20140111,   51,   33,   78,    6,    4
  260,20140112,   20,  -20,   62,    0,    0
  260,20140113,   61,   22,   99,    4,    1
  260,20140114,   48,   22,   71,   30,    9
  260,20140115,   45,   24,   64,   67,   36
  260,20140116,   75,   59,   89,   40,   26
  260,20140117,   74,   61,   90,   59,   43
  260,20140118,   70,   55,   86,    0,    0
  260,20140119,   60,   46,   71,    0,   -1
  260,20140120,   37,   14,   60,    7,    4
  260,20140121,   39,   17,   54,    0,    0
  260,20140122,   33,   20,   43,    0,    0
  260,20140123,   30,   16,   52,   75,   89
  260,20140124,   45,   23,   67,   14,    7
  260,20140125,   39,   24,   63,   43,   73
  260,20140126,   54,   37,   68,   64,   95
  260,20140127,   41,   25,   62,   20,    7
  260,20140128,   46,   23,   68,    0,   -1
  260,20140129,    1,  -21,   25,    0,    0
  260,20140130,    6,  -24,   50,    0,    0
  260,20140131,   31,  -30,   74,   15,    8
  260,20140201,   64,   43,   84,   96,   70
  260,20140202,   51,   26,   80,    0,    0
  260,20140203,   39,    5,   82,    0,    0
  260,20140204,   58,   23,   94,    0,    0
  260,20140205,   74,   40,  104,   43,   21
  260,20140206,   78,   57,   96,   60,   55
  260,20140207,   76,   44,  103,  111,  143
  260,20140208,   69,   42,   90,   73,   50
  260,20140209,   59,   44,   76,   20,   14
  260,20140210,   51,   23,   90,    4,    1
  260,20140211,   60,   39,   83,   30,   20
  260,20140212,   58,   31,   91,   24,   21
  260,20140213,   49,   31,   69,   17,   19
  260,20140214,   51,   21,   88,   50,   72
  260,20140215,  100,   75,  134,    0,   -1
  260,20140216,   57,   -1,   94,    0,   -1
  260,20140217,   60,    3,  104,    0,    0
  260,20140218,   60,   35,   80,    0,   -1
  260,20140219,   78,   61,  110,   14,    9
  260,20140220,   82,   54,  100,   64,   37
  260,20140221,   70,   46,  103,   36,   53
  260,20140222,   66,   42,  103,    5,    5
  260,20140223,   75,   37,  118,    0,    0
  260,20140224,   78,   38,  126,    0,    0
  260,20140225,   87,   54,  126,   18,   26
  260,20140226,   67,   37,  111,    1,    1
  260,20140227,   49,   20,   78,   42,   32
  260,20140228,   54,   19,   85,   35,   15
  260,20140301,   59,   43,   82,   40,   23
  260,20140302,   62,   26,   98,    2,    1
  260,20140303,   49,    6,   99,    7,    2
  260,20140304,   52,   -1,  107,    0,    0
  260,20140305,   56,   -5,  126,    0,    0
  260,20140306,   65,   -7,  137,    0,    0
  260,20140307,   78,   27,  128,    0,   -1
  260,20140308,   87,  -15,  160,    0,    0
  260,20140309,  113,   41,  195,    0,    0
  260,20140310,   98,   15,  180,    0,    0
  260,20140311,   93,   61,  144,    0,    0
  260,20140312,   83,   18,  168,    0,    0
  260,20140313,   79,   -7,  168,    0,    0
  260,20140314,   67,   -1,  120,    0,    0
  260,20140315,   99,   86,  118,    0,   -1
  260,20140316,  105,   94,  122,    0,    0
  260,20140317,  102,   75,  120,    0,    0
  260,20140318,   93,   75,  105,   18,   33
  260,20140319,  113,   88,  159,    0,   -1
  260,20140320,  129,   48,  212,    0,    0
  260,20140321,   78,   42,  110,   93,  186
  260,20140322,   66,   36,  105,    7,    5
  260,20140323,   52,   10,   95,    7,    7
  260,20140324,   56,   -7,  109,    0,   -1
  260,20140325,   48,  -23,  108,    0,   -1
  260,20140326,   45,    3,   96,    0,    0
  260,20140327,   86,   14,  137,    0,   -1
  260,20140328,  110,   50,  173,    0,    0
  260,20140329,  115,   37,  192,    0,    0
  260,20140330,  123,   35,  202,    0,    0
  260,20140331,  147,   94,  204,    0,    0
  260,20140401,  127,   64,  204,    0,    0
  260,20140402,  137,   45,  215,    0,    0
  260,20140403,  152,   78,  227,    0,    0
  260,20140404,  130,  112,  152,    0,   -1
  260,20140405,  119,   60,  177,    0,    0
  260,20140406,  131,   55,  177,   25,   15
  260,20140407,  156,  119,  212,   19,   82
  260,20140408,   91,   63,  138,   30,   67
  260,20140409,  107,   60,  148,    0,    0
  260,20140410,  121,  102,  154,    0,    0
  260,20140411,  113,   59,  153,    0,    0
  260,20140412,   99,   20,  158,    0,    0
  260,20140413,  105,   82,  131,    0,    0
  260,20140414,   89,   55,  117,   15,   27
  260,20140415,   72,   32,  107,    0,   -1
  260,20140416,   74,   -9,  143,    0,    0
  260,20140417,  109,   24,  176,   14,   12
  260,20140418,   86,   58,  121,    6,    6
  260,20140419,  112,   62,  166,    0,   -1
  260,20140420,  155,  100,  207,    0,    0
  260,20140421,  124,   90,  158,   10,    2
  260,20140422,  125,   67,  190,    0,    0
  260,20140423,  134,   51,  211,    0,    0
  260,20140424,  136,   69,  205,   43,  336
  260,20140425,  171,  107,  237,    2,    1
  260,20140426,  142,  104,  176,    0,    0
  260,20140427,  116,   86,  153,   68,   30
  260,20140428,  132,   82,  169,    0,   -1
  260,20140429,  138,  118,  175,   17,    6
  260,20140430,  131,  106,  179,    0,    0
  260,20140501,  130,  101,  183,    0,   -1
  260,20140502,  100,   64,  122,    0,   -1
  260,20140503,   84,   17,  137,    0,    0
  260,20140504,   79,    0,  137,    0,    0
  260,20140505,  122,   31,  184,    0,    0
  260,20140506,  146,  115,  178,    4,    1
  260,20140507,  127,  106,  162,   27,  120
  260,20140508,  122,  113,  134,  101,  155
  260,20140509,  125,   91,  161,   22,   54
  260,20140510,  116,   98,  156,   53,   57
  260,20140511,  102,   90,  117,  152,  146
  260,20140512,  108,   60,  146,   28,   23
  260,20140513,  103,   55,  150,    6,    8
  260,20140514,   96,   37,  139,    6,   30
  260,20140515,  101,   44,  150,    0,    0
  260,20140516,  121,   34,  183,    0,    0
  260,20140517,  142,   51,  207,    0,    0
  260,20140518,  159,   74,  231,    0,    0
  260,20140519,  184,   92,  243,    0,    0
  260,20140520,  199,  136,  271,   12,   79
  260,20140521,  181,  126,  215,    9,    9
  260,20140522,  182,  149,  230,   10,   38
  260,20140523,  164,  126,  207,    0,    0
  260,20140524,  150,  107,  196,    0,    0
  260,20140525,  160,   97,  213,    0,    0
  260,20140526,  158,  122,  223,   35,  128
  260,20140527,  156,  135,  174,  101,   76
  260,20140528,  131,  117,  146,  155,   90
  260,20140529,  104,   75,  118,   30,    6
  260,20140530,  119,   43,  169,    0,    0
  260,20140531,  133,   54,  194,    0,    0
  260,20140601,  135,   69,  187,    0,    0
  260,20140602,  140,   56,  206,    0,    0
  260,20140603,  151,   64,  210,    5,    5
  260,20140604,  146,  106,  178,   76,  102
  260,20140605,  130,   88,  178,   22,   20
  260,20140606,  163,   62,  229,    0,    0
  260,20140607,  210,  117,  276,    0,    0
  260,20140608,  200,  152,  248,    9,    3
  260,20140609,  216,  160,  271,   28,   27
  260,20140610,  204,  162,  258,   33,   69
  260,20140611,  175,  104,  219,    0,    0
  260,20140612,  171,   88,  229,    0,    0
  260,20140613,  178,  113,  222,    0,    0
  260,20140614,  160,  137,  189,    0,   -1
  260,20140615,  156,  108,  201,    0,    0
  260,20140616,  148,   99,  178,    6,    3
  260,20140617,  153,  105,  193,    0,   -1
  260,20140618,  149,   78,  200,   21,   12
  260,20140619,  142,  104,  161,    9,    5
  260,20140620,  140,   88,  180,    5,    1
  260,20140621,  160,   91,  209,    0,    0
  260,20140622,  153,   88,  206,    0,    0
  260,20140623,  154,   70,  213,    0,    0
  260,20140624,  160,  119,  213,    3,    2
  260,20140625,  147,  106,  192,    0,   -1
  260,20140626,  167,  106,  222,    0,    0
  260,20140627,  175,  127,  215,    5,    2
  260,20140628,  171,  144,  210,    0,   -1
  260,20140629,  160,  124,  192,    6,   48
  260,20140630,  141,   78,  186,    8,    4
  260,20140701,  142,   69,  193,    0,    0
  260,20140702,  150,   62,  209,    0,    0
  260,20140703,  184,   90,  262,    0,    0
  260,20140704,  216,  105,  289,    0,   -1
  260,20140705,  199,  174,  228,   31,   26
  260,20140706,  190,  145,  244,   20,   87
  260,20140707,  181,  124,  235,    0,    0
  260,20140708,  152,  130,  170,  126,  119
  260,20140709,  156,  130,  178,   78,   90
  260,20140710,  216,  160,  276,    4,  179
  260,20140711,  200,  168,  238,   31,  134
  260,20140712,  190,  162,  245,    9,    7
  260,20140713,  187,  155,  231,    2,   31
  260,20140714,  184,  133,  227,    7,    8
  260,20140715,  173,  139,  224,    0,    0
  260,20140716,  195,  132,  258,    0,    0
  260,20140717,  219,  146,  283,    0,    0
  260,20140718,  251,  172,  311,    0,    0
  260,20140719,  264,  182,  329,    0,   -1
  260,20140720,  221,  188,  272,   10,   71
  260,20140721,  195,  180,  212,   47,  164
  260,20140722,  226,  191,  272,    0,    0
  260,20140723,  232,  191,  284,    0,    0
  260,20140724,  215,  166,  263,    0,    0
  260,20140725,  185,  166,  221,    8,    2
  260,20140726,  209,  167,  251,   14,    6
  260,20140727,  212,  184,  262,    3,    1
  260,20140728,  195,  176,  235,   33,  436
  260,20140729,  212,  173,  259,    9,   10
  260,20140730,  184,  125,  235,    0,    0
  260,20140731,  188,  113,  244,    0,    0
  260,20140801,  203,  126,  259,    0,    0
  260,20140802,  205,  155,  276,   24,  280
  260,20140803,  196,  148,  253,    0,   -1
  260,20140804,  184,  123,  233,    0,    0
  260,20140805,  177,  105,  243,    0,    0
  260,20140806,  176,  130,  213,   45,   36
  260,20140807,  182,  142,  230,   14,   94
  260,20140808,  185,  139,  223,   45,   98
  260,20140809,  191,  143,  231,   16,   55
  260,20140810,  182,  138,  225,   46,  102
  260,20140811,  171,  147,  207,    3,    8
  260,20140812,  163,  141,  202,    6,   21
  260,20140813,  167,  126,  217,   11,   30
  260,20140814,  162,  132,  203,   19,   98
  260,20140815,  155,  120,  197,   20,   17
  260,20140816,  161,  117,  187,    3,   13
  260,20140817,  149,  119,  167,   52,  131
  260,20140818,  138,   97,  173,   27,   56
  260,20140819,  124,   95,  159,   40,   92
  260,20140820,  126,   84,  178,    2,    1
  260,20140821,  138,   78,  182,    0,   -1
  260,20140822,  136,  106,  171,   18,   49
  260,20140823,  127,   81,  174,    8,   43
  260,20140824,  125,   73,  177,    7,    6
  260,20140825,  127,   73,  169,   86,   65
  260,20140826,  137,  104,  165,   78,  125
  260,20140827,  142,   64,  207,    0,    0
  260,20140828,  172,  114,  214,    5,   17
  260,20140829,  173,  133,  212,    0,    0
  260,20140830,  163,  142,  186,   31,   39
  260,20140831,  151,  104,  190,   12,   14
  260,20140901,  153,   87,  212,    0,   -1
  260,20140902,  167,  120,  212,    0,    0
  260,20140903,  163,  106,  212,    0,    0
  260,20140904,  177,  130,  235,    0,    0
  260,20140905,  176,  121,  228,    0,    0
  260,20140906,  166,  130,  205,    0,   -1
  260,20140907,  170,  106,  216,    0,    0
  260,20140908,  141,   79,  205,    0,    0
  260,20140909,  145,   99,  178,    0,   -1
  260,20140910,  139,   92,  184,    0,    0
  260,20140911,  159,   94,  204,    0,   -1
  260,20140912,  156,   76,  216,    0,    0
  260,20140913,  170,  140,  211,    0,    0
  260,20140914,  157,  113,  209,    0,    0
  260,20140915,  168,  106,  228,    0,    0
  260,20140916,  175,  114,  246,    0,    0
  260,20140917,  180,  113,  252,    0,    0
  260,20140918,  193,  122,  253,    0,    0
  260,20140919,  178,  134,  244,    0,    0
  260,20140920,  178,  132,  240,    0,    0
  260,20140921,  158,  126,  192,   12,    9
  260,20140922,  134,   63,  175,    0,   -1
  260,20140923,  126,   44,  177,    0,    0
  260,20140924,  130,  110,  165,   43,  143
  260,20140925,  142,  101,  178,    0,    0
  260,20140926,  153,  106,  194,    8,    2
  260,20140927,  133,   79,  202,    0,    0
  260,20140928,  147,   83,  220,    0,    0
  260,20140929,  160,  119,  193,   58,   45
  260,20140930,  162,  118,  209,    4,    6
  260,20141001,  159,  101,  207,    0,   -1
  260,20141002,  157,  135,  192,    9,    4
  260,20141003,  150,   99,  222,    0,    0
  260,20141004,  156,  117,  211,   27,   44
  260,20141005,  132,  117,  152,    0,   -1
  260,20141006,  138,  123,  161,   12,    7
  260,20141007,  122,   93,  156,   57,   72
  260,20141008,  132,   87,  166,   22,   27
  260,20141009,  150,  127,  180,    0,   -1
  260,20141010,  134,   76,  178,    0,    0
  260,20141011,  113,   66,  157,   37,   74
  260,20141012,  119,   64,  162,   28,   23
  260,20141013,  151,  120,  185,   12,   12
  260,20141014,  124,  100,  136,   31,   14
  260,20141015,  137,  115,  184,   30,   16
  260,20141016,  142,  118,  180,   31,   51
  260,20141017,  146,  118,  188,    3,    3
  260,20141018,  173,  128,  230,    0,    0
  260,20141019,  171,  148,  215,    0,   -1
  260,20141020,  151,  139,  177,    2,    1
  260,20141021,  112,   76,  140,  114,  239
  260,20141022,  100,   63,  135,   40,   56
  260,20141023,  124,   94,  151,    0,   -1
  260,20141024,  116,  108,  126,   80,  102
  260,20141025,  126,   96,  153,    3,    1
  260,20141026,  127,   95,  159,    0,    0
  260,20141027,  127,   98,  170,    0,    0
  260,20141028,   99,   75,  140,    0,    0
  260,20141029,  110,   88,  128,   11,    2
  260,20141030,  130,  115,  156,    3,    1
  260,20141031,  135,  105,  166,    0,    0
  260,20141101,  141,  102,  185,    0,    0
  260,20141102,  148,  127,  174,   13,   50
  260,20141103,  125,   94,  153,   77,   69
  260,20141104,   89,   55,  109,    7,    2
  260,20141105,   60,   35,   95,    0,    0
  260,20141106,   61,   45,   82,    0,    0
  260,20141107,   77,   45,   98,   15,   36
  260,20141108,   98,   81,  129,    0,    0
  260,20141109,   95,   72,  128,   10,    3
  260,20141110,   96,   59,  126,   21,    5
  260,20141111,   95,   57,  129,    0,   -1
  260,20141112,   93,   41,  122,    8,    3
  260,20141113,   79,   36,  133,    0,    0
  260,20141114,  103,   69,  124,   43,   31
  260,20141115,   97,   75,  110,   76,   80
  260,20141116,   84,   71,   92,  175,  121
  260,20141117,   95,   81,  123,    3,    1
  260,20141118,   79,   73,   83,    0,   -1
  260,20141119,   80,   73,   91,    0,   -1
  260,20141120,   71,   52,   80,    0,    0
  260,20141121,   52,   16,   90,    0,    0
  260,20141122,   83,   45,  118,    0,   -1
  260,20141123,  106,   80,  135,   30,   18
  260,20141124,   65,    3,  113,   29,   18
  260,20141125,   41,  -14,   91,    0,    0
  260,20141126,   49,   24,   64,    5,    1
  260,20141127,   74,   61,   88,   50,   30
  260,20141128,   63,   26,   95,    0,   -1
  260,20141129,   28,   11,   49,    0,    0
  260,20141130,   25,   18,   31,    0,    0
  260,20141201,   15,   10,   24,    0,    0
  260,20141202,    6,   -1,   14,    6,    1
  260,20141203,  -12,  -30,   10,    0,    0
  260,20141204,   -3,  -27,   15,    0,    0
  260,20141205,   35,   14,   53,   18,    6
  260,20141206,   32,  -18,   91,    0,   -1
  260,20141207,   34,  -28,   67,   55,   36
  260,20141208,   32,   15,   49,   22,   18
  260,20141209,   22,  -21,   49,    0,   -1
  260,20141210,   65,   44,   99,   66,  113
  260,20141211,   65,   45,   77,   69,   88
  260,20141212,   75,   45,   94,  128,  142
  260,20141213,   47,    8,   68,    0,   -1
  260,20141214,   25,   -6,   48,    0,   -1
  260,20141215,   56,   32,   79,   70,   50
  260,20141216,   52,   18,   78,   14,   29
  260,20141217,   80,   39,  106,   69,   30
  260,20141218,  115,  101,  125,   54,   19
  260,20141219,   94,   73,  124,   83,  188
  260,20141220,   77,   56,   91,   10,    9
  260,20141221,   78,   52,  103,    0,   -1
  260,20141222,  114,   93,  128,   17,   14
  260,20141223,  111,   96,  128,    0,   -1
  260,20141224,   81,   61,  100,   72,   90
  260,20141225,   52,   -3,   79,   11,   19
  260,20141226,   19,  -27,   52,    0,   -1
  260,20141227,    7,  -16,   29,  155,  124
  260,20141228,   -9,  -33,   34,    2,    2
  260,20141229,   35,   11,   56,   11,   14
  260,20141230,   50,   34,   65,   10,    3
  260,20141231,   52,   25,   76,    0,    0
  260,20150101,   30,   10,   47,    0,   -1
  260,20150102,   73,   44,  101,   46,   43
  260,20150103,   38,   26,   59,   39,   15
  260,20150104,   39,   -3,   80,    0,   -1
  260,20150105,   24,    9,   38,    0,    0
  260,20150106,   28,    6,   58,   27,   18
  260,20150107,   45,   24,   72,   12,   12
  260,20150108,   65,   36,   82,   97,  176
  260,20150109,   99,   58,  137,   58,   85
  260,20150110,   95,   54,  133,   16,   34
  260,20150111,   64,   49,   82,   22,   14
  260,20150112,   84,   64,  102,   52,   19
  260,20150113,   86,   41,  110,  119,  140
  260,20150114,   44,   31,   60,   28,   19
  260,20150115,   79,   58,  103,  112,   80
  260,20150116,   55,   27,   83,   17,   17
  260,20150117,   30,   -9,   59,    0,    0
  260,20150118,   22,   10,   33,  130,   47
  260,20150119,   10,    5,   16,    0,   -1
  260,20150120,    8,  -22,   37,    0,    0
  260,20150121,   -5,  -19,   15,    0,    0
  260,20150122,  -12,  -29,    4,    0,    0
  260,20150123,  -28,  -57,  -13,    0,    0
  260,20150124,   22,  -17,   68,   48,   86
  260,20150125,   37,  -21,   56,   14,    3
  260,20150126,   59,   41,   83,   61,   31
  260,20150127,   51,   30,   77,    3,    1
  260,20150128,   53,   30,   72,   45,   82
  260,20150129,   24,    2,   45,   97,  150
  260,20150130,   17,   -3,   44,   65,   83
  260,20150131,   10,  -25,   44,    5,    2
  260,20150201,   26,  -15,   57,   17,   21
  260,20150202,   20,    6,   55,   34,   55
  260,20150203,   17,  -16,   63,    2,    1
  260,20150204,    2,  -40,   53,    0,   -1
  260,20150205,   -7,  -38,   20,    5,    9
  260,20150206,   -2,  -20,   31,    0,    0
  260,20150207,   15,  -51,   55,    0,   -1
  260,20150208,   50,   34,   67,    0,    0
  260,20150209,   57,   44,   72,    5,    3
  260,20150210,   57,   46,   72,    8,    2
  260,20150211,   42,   31,   54,    0,    0
  260,20150212,   26,   -3,   45,    0,    0
  260,20150213,   46,   -3,   99,    0,    0
  260,20150214,   66,   47,  102,    0,    0
  260,20150215,   26,  -35,   67,    0,    0
  260,20150216,    9,  -49,   77,    0,    0
  260,20150217,   33,  -30,   90,    4,    1
  260,20150218,   18,  -34,   81,    0,    0
  260,20150219,   35,   -3,   74,    0,    0
  260,20150220,   53,   34,   65,  229,  200
  260,20150221,   32,    4,   63,   51,   94
  260,20150222,   32,  -18,   68,   29,   22
  260,20150223,   59,   27,   98,   34,   28
  260,20150224,   54,   35,   89,   41,   73
  260,20150225,   48,   16,   87,   35,   28
  260,20150226,   63,   37,   83,   77,   70
  260,20150227,   49,   -3,   82,    0,    0
  260,20150228,   51,   -5,   91,    0,   -1
  260,20150301,   83,   60,  107,   39,   51
  260,20150302,   53,   16,   84,    8,   24
  260,20150303,   44,   30,   75,   26,   20
  260,20150304,   51,   28,   76,    3,    3
  260,20150305,   57,   11,  103,    0,    0
  260,20150306,   66,   46,   90,    0,    0
  260,20150307,   84,   40,  139,    0,    0
  260,20150308,   93,   40,  157,    0,   -1
  260,20150309,   88,   67,  113,    0,   -1
  260,20150310,   76,   -7,  113,    7,    2
  260,20150311,   27,  -20,   95,    0,    0
  260,20150312,   54,  -29,  127,    0,    0
  260,20150313,   46,    7,   92,    0,    0
  260,20150314,   34,    7,   53,    6,    2
  260,20150315,   56,   45,   68,    9,    1
  260,20150316,   63,    6,  128,    0,    0
  260,20150317,   76,  -17,  178,    0,    0
  260,20150318,   56,    6,   88,    0,    0
  260,20150319,   68,    7,  126,    0,    0
  260,20150320,   49,    6,   93,    0,    0
  260,20150321,   64,   39,   93,   30,   22
  260,20150322,   43,  -15,   86,    0,    0
  260,20150323,   31,  -29,   93,    0,    0
  260,20150324,   57,  -21,  115,   15,    3
  260,20150325,   59,   50,   69,  115,   72
  260,20150326,   50,    3,   73,   61,   41
  260,20150327,   57,   -4,   89,    8,   17
  260,20150328,   69,   -6,  117,   65,   33
  260,20150329,   93,   75,  113,   74,  162
  260,20150330,   72,   53,   91,   29,   54
  260,20150331,   90,   58,  111,   42,   90
  260,20150401,   65,   34,   91,   41,   40
  260,20150402,   63,   41,   86,   48,   47
  260,20150403,   70,   45,   95,    0,    0
  260,20150404,   54,   18,   94,   44,   19
  260,20150405,   53,  -22,  113,    0,    0
  260,20150406,   69,   16,  117,    0,   -1
  260,20150407,   71,    6,  132,    0,    0
  260,20150408,   86,   39,  142,    0,    0
  260,20150409,  104,   19,  181,    0,    0
  260,20150410,  113,   27,  196,    0,    0
  260,20150411,   90,   26,  136,   23,   41
  260,20150412,  100,   21,  155,    6,    1
  260,20150413,   84,   41,  128,    0,   -1
  260,20150414,  119,   32,  200,    0,    0
  260,20150415,  138,   54,  230,    0,    0
  260,20150416,   99,   64,  134,    0,    0
  260,20150417,   85,   52,  129,    0,    0
  260,20150418,   90,   41,  144,    0,    0
  260,20150419,   78,   -6,  152,    0,    0
  260,20150420,  109,   43,  171,    0,    0
  260,20150421,  100,   22,  174,    0,    0
  260,20150422,   85,   34,  121,    0,    0
  260,20150423,   94,   37,  155,    0,    0
  260,20150424,  124,   15,  204,    0,    0
  260,20150425,  121,   86,  150,   56,   37
  260,20150426,  106,   79,  139,   12,    7
  260,20150427,   80,   -3,  126,    0,    0
  260,20150428,   60,  -22,  118,    2,    1
  260,20150429,   89,   14,  147,   17,   16
  260,20150430,   98,   58,  142,    0,    0
  260,20150501,   87,   31,  133,    0,    0
  260,20150502,   97,    4,  158,    0,    0
  260,20150503,  130,   69,  170,   31,   16
  260,20150504,  154,  117,  194,   35,   38
  260,20150505,  154,   86,  222,   26,   92
  260,20150506,  122,   85,  155,    8,   50
  260,20150507,  118,   75,  162,   14,   11
  260,20150508,  142,   78,  194,    4,    1
  260,20150509,  133,   91,  161,   22,   39
  260,20150510,  128,   42,  191,    0,    0
  260,20150511,  176,   91,  256,    0,    0
  260,20150512,  146,  112,  175,    0,    0
  260,20150513,  127,   76,  181,    0,    0
  260,20150514,  112,   59,  167,    0,    0
  260,20150515,   94,   39,  144,    0,    0
  260,20150516,  105,   41,  149,   34,   17
  260,20150517,  119,   68,  162,    0,    0
  260,20150518,  111,   77,  140,   33,   21
  260,20150519,  100,   74,  137,   19,   22
  260,20150520,  105,   67,  147,    2,    2
  260,20150521,  119,   25,  174,    0,    0
  260,20150522,  149,   86,  199,    0,    0
  260,20150523,  124,   60,  157,   10,   20
  260,20150524,  126,   25,  199,   10,    8
  260,20150525,  124,   97,  153,   10,    5
  260,20150526,  118,   75,  158,    0,    0
  260,20150527,  135,   54,  189,    0,    0
  260,20150528,  129,   57,  165,    7,    7
  260,20150529,  111,   56,  158,   25,   31
  260,20150530,  112,   66,  154,    0,   -1
  260,20150531,  126,   79,  165,   77,   83
  260,20150601,  127,   61,  161,    0,    0
  260,20150602,  148,  111,  177,   42,   28
  260,20150603,  138,   63,  177,    0,   -1
  260,20150604,  156,   46,  220,    0,    0
  260,20150605,  214,   95,  318,   15,   80
  260,20150606,  156,   85,  189,    0,   -1
  260,20150607,  139,   71,  189,    0,    0
  260,20150608,  125,   79,  172,    0,    0
  260,20150609,  116,   75,  150,    0,    0
  260,20150610,  154,   89,  208,    0,    0
  260,20150611,  179,   93,  240,    0,    0
  260,20150612,  216,  128,  274,    0,   -1
  260,20150613,  175,  141,  213,    7,    4
  260,20150614,  153,  123,  195,    0,    0
  260,20150615,  133,   76,  175,    0,    0
  260,20150616,  114,   45,  177,    0,    0
  260,20150617,  160,   53,  227,   20,   26
  260,20150618,  143,  115,  166,    5,    2
  260,20150619,  127,  103,  153,   47,   40
  260,20150620,  130,   97,  163,    0,   -1
  260,20150621,  144,  121,  185,   25,  101
  260,20150622,  127,   76,  153,   39,   42
  260,20150623,  126,   94,  151,   13,    5
  260,20150624,  158,  117,  215,    0,    0
  260,20150625,  182,  114,  240,    0,    0
  260,20150626,  205,  134,  250,    0,    0
  260,20150627,  176,  103,  218,    0,   -1
  260,20150628,  173,   88,  232,    0,   -1
  260,20150629,  180,  112,  242,    0,    0
  260,20150630,  206,   97,  273,    0,    0
  260,20150701,  260,  158,  331,    0,    0
  260,20150702,  254,  190,  331,   13,   69
  260,20150703,  241,  169,  291,    0,    0
  260,20150704,  256,  179,  327,    0,    0
  260,20150705,  202,  157,  282,    0,    0
  260,20150706,  187,  139,  238,    0,    0
  260,20150707,  198,  125,  258,    0,   -1
  260,20150708,  159,  127,  196,   51,  113
  260,20150709,  135,   72,  176,   24,   18
  260,20150710,  165,   68,  226,    0,    0
  260,20150711,  204,  139,  287,    0,    0
  260,20150712,  177,  156,  204,   22,   14
  260,20150713,  174,  163,  196,   97,   44
  260,20150714,  179,  140,  213,   43,   29
  260,20150715,  179,  144,  211,   16,   23
  260,20150716,  196,  120,  251,    0,   -1
  260,20150717,  217,  175,  256,    9,   41
  260,20150718,  182,  145,  221,    0,    0
  260,20150719,  162,  119,  205,   65,   97
  260,20150720,  178,   96,  214,    4,    5
  260,20150721,  210,  175,  254,    0,   -1
  260,20150722,  195,  163,  231,    0,    0
  260,20150723,  178,  136,  217,    0,    0
  260,20150724,  184,  134,  233,    3,    5
  260,20150725,  149,  112,  183,   66,  148
  260,20150726,  148,   86,  209,   60,   35
  260,20150727,  166,  142,  197,   49,  123
  260,20150728,  152,  125,  189,   85,  100
  260,20150729,  141,  109,  176,   18,   41
  260,20150730,  138,   76,  181,    7,   11
  260,20150731,  133,   51,  194,    0,    0
  260,20150801,  151,   61,  220,    0,    0
  260,20150802,  177,   77,  242,    0,    0
  260,20150803,  215,  124,  300,    0,    0
  260,20150804,  180,  138,  215,   37,   19
  260,20150805,  189,  103,  250,    0,    0
  260,20150806,  205,  133,  284,    0,    0
  260,20150807,  206,  126,  270,    0,    0
  260,20150808,  187,  130,  230,    0,    0
  260,20150809,  186,  103,  243,    0,   -1
  260,20150810,  198,  147,  252,    0,    0
  260,20150811,  200,  137,  254,    0,    0
  260,20150812,  195,  163,  230,    0,   -1
  260,20150813,  217,  146,  284,   10,  111
  260,20150814,  209,  169,  254,   22,   53
  260,20150815,  184,  158,  221,   60,   85
  260,20150816,  150,  129,  166,  155,  110
  260,20150817,  143,  129,  152,  198,  136
  260,20150818,  146,  134,  168,   45,   12
  260,20150819,  165,  116,  225,    0,   -1
  260,20150820,  179,  104,  249,    0,    0
  260,20150821,  197,  137,  253,    0,   -1
  260,20150822,  207,  141,  265,    0,    0
  260,20150823,  197,  149,  259,   39,   85
  260,20150824,  179,  133,  231,   16,   24
  260,20150825,  167,  140,  199,   71,  116
  260,20150826,  202,  165,  252,   19,  129
  260,20150827,  157,  135,  185,   63,   50
  260,20150828,  154,   98,  209,    2,    1
  260,20150829,  170,   81,  236,    5,   38
  260,20150830,  200,  145,  253,   47,  101
  260,20150831,  209,  175,  265,   31,   73
  260,20150901,  161,  120,  195,    0,   -1
  260,20150902,  132,   79,  188,   13,    3
  260,20150903,  122,   66,  171,    2,    3
  260,20150904,  135,  116,  166,  119,  411
  260,20150905,  132,   93,  169,   25,   35
  260,20150906,  131,   91,  170,   29,   10
  260,20150907,  142,  123,  169,   23,   10
  260,20150908,  139,   82,  169,    0,    0
  260,20150909,  131,   71,  185,    0,    0
  260,20150910,  143,   91,  196,    0,    0
  260,20150911,  143,   93,  201,    0,    0
  260,20150912,  157,  113,  202,   33,   15
  260,20150913,  166,  125,  194,    0,   -1
  260,20150914,  145,  113,  198,   43,  125
  260,20150915,  125,   98,  159,   12,   10
  260,20150916,  154,  110,  192,   44,   58
  260,20150917,  144,  125,  164,   66,   91
  260,20150918,  139,   99,  184,    0,    0
  260,20150919,  134,   85,  175,    6,   10
  260,20150920,  135,   71,  181,    0,    0
  260,20150921,  146,  110,  186,   24,   15
  260,20150922,  131,   91,  174,   31,   13
  260,20150923,  132,  104,  173,   29,   55
  260,20150924,  126,  108,  157,   35,   21
  260,20150925,  116,   52,  168,    0,   -1
  260,20150926,  104,   34,  168,    0,    0
  260,20150927,  110,   46,  175,    0,    0
  260,20150928,  105,   44,  160,    0,    0
  260,20150929,  117,   58,  174,    0,    0
  260,20150930,  123,   81,  175,    0,    0
  260,20151001,  106,   49,  169,    0,    0
  260,20151002,  103,   33,  183,    0,    0
  260,20151003,  103,   44,  188,    0,    0
  260,20151004,  103,   46,  179,    0,    0
  260,20151005,  131,   57,  169,   20,    6
  260,20151006,  153,  131,  176,   66,   63
  260,20151007,  149,  137,  176,   21,   27
  260,20151008,  124,   58,  159,    6,    2
  260,20151009,  102,   40,  163,    0,    0
  260,20151010,  109,   59,  143,    0,    0
  260,20151011,   65,   23,  115,    0,    0
  260,20151012,   48,    9,  102,    0,    0
  260,20151013,   38,   12,   59,    0,    0
  260,20151014,   51,   20,   80,   72,   28
  260,20151015,   63,   28,   80,  115,   74
  260,20151016,   77,   67,   84,  116,   59
  260,20151017,   81,   73,   90,   48,   14
  260,20151018,   84,   37,  109,    0,   -1
  260,20151019,  105,   52,  125,    0,    0
  260,20151020,   95,   51,  126,    9,    7
  260,20151021,   97,   47,  125,   74,   18
  260,20151022,  119,   72,  148,   81,   22
  260,20151023,  114,   68,  141,    0,    0
  260,20151024,  118,  101,  138,    5,    5
  260,20151025,   99,   30,  143,   10,    2
  260,20151026,  105,   30,  158,    0,    0
  260,20151027,  111,   59,  173,    0,    0
  260,20151028,  106,   72,  133,    0,   -1
  260,20151029,  107,   49,  156,    0,    0
  260,20151030,  102,   65,  150,    0,    0
  260,20151031,   98,   65,  143,    0,    0
  260,20151101,   77,   30,  160,    0,    0
  260,20151102,   69,    9,  159,    0,    0
  260,20151103,   90,   13,  157,    0,    0
  260,20151104,  122,   77,  154,    0,   -1
  260,20151105,  133,  112,  154,   66,   56
  260,20151106,  155,  139,  171,   77,   32
  260,20151107,  164,  141,  185,   14,   15
  260,20151108,  131,   76,  173,    5,    4
  260,20151109,  136,  120,  160,   65,   54
  260,20151110,  145,  133,  156,   28,   44
  260,20151111,  127,  116,  138,   21,   19
  260,20151112,  133,  117,  153,    0,    0
  260,20151113,  114,   77,  136,   16,   35
  260,20151114,   97,   77,  119,   87,   72
  260,20151115,  143,  119,  150,   62,  133
  260,20151116,  125,  113,  137,   27,   33
  260,20151117,  135,  109,  156,  118,  163
  260,20151118,  131,  110,  145,   12,    6
  260,20151119,  112,   82,  138,   41,   66
  260,20151120,   79,   48,   97,   18,   46
  260,20151121,   43,    8,   63,   72,  102
  260,20151122,   26,    0,   57,    3,    1
  260,20151123,   32,  -26,   80,    0,    0
  260,20151124,   42,   31,   66,  129,   83
  260,20151125,   54,   22,   79,   41,   79
  260,20151126,   40,    0,   96,    2,    3
  260,20151127,   45,    8,   65,   19,    7
  260,20151128,   67,   45,   87,   92,   83
  260,20151129,  102,   74,  125,   70,  126
  260,20151130,   95,   65,  126,  127,  220
  260,20151201,   97,   68,  124,   31,    8
  260,20151202,  110,   94,  119,    0,    0
  260,20151203,   98,   84,  127,    0,    0
  260,20151204,   94,   82,  112,   44,   60
  260,20151205,   79,   72,   91,    0,    0
  260,20151206,  105,   74,  124,   28,    7
  260,20151207,  105,   88,  124,   27,    6
  260,20151208,   98,   73,  120,   36,   31
  260,20151209,   76,   54,   99,    0,    0
  260,20151210,   59,   49,   77,    4,    1
  260,20151211,   70,   54,   88,   94,  107
  260,20151212,   76,   33,  117,   42,   24
  260,20151213,   68,   39,  117,   28,   24
  260,20151214,   76,   64,  100,    0,    0
  260,20151215,   74,   48,   91,    0,   -1
  260,20151216,  114,   89,  129,  103,   45
  260,20151217,  136,  124,  153,    4,    1
  260,20151218,  118,  106,  130,    4,    2
  260,20151219,  122,  106,  141,    1,    1
  260,20151220,  116,   97,  137,   12,    2
  260,20151221,  104,   84,  118,   50,   43
  260,20151222,  130,  103,  144,   20,   13
  260,20151223,  106,   73,  133,    4,    4
  260,20151224,   98,   64,  134,   10,   13
  260,20151225,   96,   65,  140,   22,   10
  260,20151226,  131,  111,  144,    0,    0
  260,20151227,  118,  102,  131,    0,   -1
  260,20151228,   89,   65,  121,    0,    0
  260,20151229,   75,   54,  103,    0,    0
  260,20151230,   69,   49,   91,    0,    0
  260,20151231,   78,   55,  105,   17,   17
  260,20160101,   41,   -2,   75,    0,    0
  260,20160102,   54,   46,   63,   70,   33
  260,20160103,   69,   52,   82,  112,   88
  260,20160104,   57,   38,   70,  115,  112
  260,20160105,   68,   47,   77,    7,    3
  260,20160106,   26,   16,   47,    4,    5
  260,20160107,   61,   35,   79,   58,  108
  260,20160108,   54,   14,   83,    0,    0
  260,20160109,   56,   10,   79,    5,    3
  260,20160110,   69,   50,   90,   22,   43
  260,20160111,   48,   21,   67,   20,   19
  260,20160112,   58,   47,   72,   72,  104
  260,20160113,   50,   24,   70,   33,   28
  260,20160114,   35,   16,   53,  101,  134
  260,20160115,   24,  -12,   40,    0,   -1
  260,20160116,   27,  -16,   56,   12,   16
  260,20160117,  -10,  -56,   30,    0,   -1
  260,20160118,  -33,  -67,    0,    0,    0
  260,20160119,  -25,  -80,    7,    0,   -1
  260,20160120,   12,  -37,   53,    0,   -1
  260,20160121,  -12,  -43,   15,    0,    0
  260,20160122,    9,  -22,   57,   50,   41
  260,20160123,   66,   28,   90,    0,    0
  260,20160124,   77,   50,  104,   47,   22
  260,20160125,  107,   74,  146,    0,    0
  260,20160126,   92,   66,  111,   31,   21
  260,20160127,  109,   86,  124,  105,  131
  260,20160128,   67,   49,   90,    9,    2
  260,20160129,   85,   53,  100,   43,   19
  260,20160130,   74,   51,   99,  120,  187
  260,20160131,   68,   36,  108,   78,   45
  260,20160201,  115,  106,  119,   21,    5
  260,20160202,   89,   65,  114,    4,    2
  260,20160203,   50,   31,   70,   27,   43
  260,20160204,   51,   29,   77,   51,   34
  260,20160205,   87,   50,  109,   25,    8
  260,20160206,   94,   83,  106,    5,    1
  260,20160207,   85,   66,  111,   44,   37
  260,20160208,   85,   70,   99,  102,  110
  260,20160209,   53,   33,   82,   63,   88
  260,20160210,   48,   18,   83,   56,   57
  260,20160211,   38,  -16,   83,    1,    2
  260,20160212,   27,  -17,   66,    0,   -1
  260,20160213,   18,  -20,   44,   24,    5
  260,20160214,   14,    5,   26,  235,  146
  260,20160215,   23,  -31,   56,    1,    1
  260,20160216,   -3,  -50,   61,    0,    0
  260,20160217,  -13,  -52,   35,    0,    0
  260,20160218,   13,  -23,   31,   51,   13
  260,20160219,   39,   12,   83,   20,    5
  260,20160220,   82,   50,  111,  123,   90
  260,20160221,  104,   86,  116,   79,   83
  260,20160222,   68,   44,  113,   58,   35
  260,20160223,   43,    8,   79,   14,   33
  260,20160224,   23,  -14,   65,    6,    4
  260,20160225,   18,  -10,   54,    9,   19
  260,20160226,   21,   -7,   55,    0,    0
  260,20160227,   22,  -16,   63,    0,    0
  260,20160228,   22,  -17,   66,    0,    0
  260,20160229,   13,  -43,   67,    0,    0
  260,20160301,   20,  -54,   86,   75,   61
  260,20160302,   53,   27,   90,   55,   68
  260,20160303,   39,   -4,   84,    7,    8
  260,20160304,   10,  -25,   32,   95,  125
  260,20160305,    5,  -45,   64,    3,    2
  260,20160306,   30,    7,   73,   19,   17
  260,20160307,   25,   -8,   78,   15,   25
  260,20160308,   36,  -22,   83,    0,   -1
  260,20160309,   44,   14,   81,    0,    0
  260,20160310,   41,  -12,   92,    0,    0
  260,20160311,   32,  -15,   85,    0,    0
  260,20160312,   31,  -27,  101,    0,    0
  260,20160313,   39,  -16,   99,    0,    0
  260,20160314,   41,  -20,  104,    0,    0
  260,20160315,   46,   -6,   83,    0,    0
  260,20160316,   44,   -2,   90,    0,    0
  260,20160317,   57,    0,  120,    0,    0
  260,20160318,   52,   24,   68,    0,   -1
  260,20160319,   62,   51,   75,    0,    0
  260,20160320,   68,   42,   96,   19,    7
  260,20160321,   72,   58,   93,   11,   12
  260,20160322,   76,   46,  101,    1,    1
  260,20160323,   76,   62,  101,   12,    3
  260,20160324,   79,   66,   99,    4,    1
  260,20160325,   65,    0,   96,   87,   44
  260,20160326,   95,    6,  149,    0,    0
  260,20160327,   91,   55,  133,   51,   73
  260,20160328,   97,   75,  129,   12,    9
  260,20160329,   78,   55,  112,   58,   83
  260,20160330,   81,   43,  117,    5,   12
  260,20160331,   76,   31,  116,    0,    0
  260,20160401,   72,   12,  130,    0,    0
  260,20160402,  101,   37,  134,    0,   -1
  260,20160403,  152,  121,  204,   33,   97
  260,20160404,  124,   75,  158,   28,   63
  260,20160405,  106,   80,  133,   41,   14
  260,20160406,   89,   68,  117,   26,   41
  260,20160407,   73,   53,  104,   24,   41
  260,20160408,   67,   16,  115,   25,   22
  260,20160409,   92,   10,  149,    0,    0
  260,20160410,  107,   52,  157,   25,   17
  260,20160411,  132,   73,  182,    0,   -1
  260,20160412,  116,   50,  167,   21,   30
  260,20160413,   90,   36,  158,    0,    0
  260,20160414,  106,   29,  167,    0,    0
  260,20160415,  103,   89,  141,  108,  101
  260,20160416,   86,   54,  118,   20,    7
  260,20160417,   62,   10,  106,   25,   43
  260,20160418,   81,   -1,  130,    0,   -1
  260,20160419,   97,   40,  136,    0,    0
  260,20160420,   86,   30,  138,    0,    0
  260,20160421,  101,   27,  166,    0,    0
  260,20160422,   87,   57,  125,    0,    0
  260,20160423,   62,   30,   93,   30,   30
  260,20160424,   46,   21,   88,   11,   22
  260,20160425,   49,   17,   80,   33,   41
  260,20160426,   48,   13,   77,   49,  119
  260,20160427,   60,   32,  107,   27,   28
  260,20160428,   58,    7,   93,    9,   10
  260,20160429,   74,   46,  106,   47,  100
  260,20160430,   77,   28,  112,    0,    0
  260,20160501,   79,   -1,  141,    0,    0
  260,20160502,  115,   16,  179,    1,    1
  260,20160503,   97,   30,  140,   18,   35
  260,20160504,   95,   17,  160,    0,    0
  260,20160505,  128,   29,  188,    0,    0
  260,20160506,  164,   81,  236,    0,    0
  260,20160507,  195,   94,  258,    0,    0
  260,20160508,  201,  127,  252,    0,    0
  260,20160509,  202,  142,  253,    0,    0
  260,20160510,  189,  154,  221,    0,   -1
  260,20160511,  204,  141,  255,    0,   -1
  260,20160512,  202,  144,  251,    0,    0
  260,20160513,  154,   97,  222,    0,    0
  260,20160514,   89,   64,  121,    0,   -1
  260,20160515,   86,   53,  121,    1,    1
  260,20160516,   93,   40,  136,    5,    3
  260,20160517,  123,   50,  181,    0,    0
  260,20160518,  136,   83,  187,    3,    4
  260,20160519,  134,  104,  173,    4,    2
  260,20160520,  137,  107,  186,   10,    5
  260,20160521,  179,  107,  234,    0,   -1
  260,20160522,  155,  129,  190,  102,  153
  260,20160523,  120,  105,  133,  158,  184
  260,20160524,  114,   98,  146,    0,   -1
  260,20160525,  118,   77,  145,    4,    1
  260,20160526,  137,   56,  193,    0,    0
  260,20160527,  160,  106,  209,    0,    0
  260,20160528,  176,  112,  227,    0,   -1
  260,20160529,  172,  140,  205,    6,    4
  260,20160530,  162,  153,  180,   32,   66
  260,20160531,  182,  131,  226,    0,    0
  260,20160601,  192,  154,  243,    4,   15
  260,20160602,  153,  137,  172,    0,   -1
  260,20160603,  164,  137,  214,    0,   -1
  260,20160604,  201,  141,  275,    1,    5
  260,20160605,  200,  137,  256,    0,    0
  260,20160606,  189,  117,  256,    0,    0
  260,20160607,  201,  153,  265,    0,   -1
  260,20160608,  161,  127,  216,    0,    0
  260,20160609,  153,  110,  203,    0,    0
  260,20160610,  164,  108,  212,    0,   -1
  260,20160611,  162,  120,  208,   44,   13
  260,20160612,  166,  135,  211,   26,   33
  260,20160613,  159,  146,  190,   15,   26
  260,20160614,  152,  111,  191,   49,  224
  260,20160615,  146,  113,  187,   19,   62
  260,20160616,  157,   92,  211,   38,   26
  260,20160617,  151,  111,  195,   52,   40
  260,20160618,  141,   99,  171,   11,   11
  260,20160619,  153,  121,  189,    0,   -1
  260,20160620,  155,  141,  168,   90,  182
  260,20160621,  170,  134,  201,   19,   39
  260,20160622,  201,  147,  249,    0,    0
  260,20160623,  220,  182,  284,   55,  495
  260,20160624,  192,  133,  227,    3,    7
  260,20160625,  154,  109,  193,   25,   14
  260,20160626,  149,  121,  183,   24,  190
  260,20160627,  149,  109,  189,   20,   23
  260,20160628,  167,   92,  218,   13,   50
  260,20160629,  160,  132,  202,   30,   16
  260,20160630,  164,  144,  192,   32,   76
  260,20160701,  169,  143,  198,   17,   22
  260,20160702,  154,  120,  187,    9,   15
  260,20160703,  147,   99,  198,   39,  178
  260,20160704,  170,   86,  228,    0,    0
  260,20160705,  154,  115,  181,   12,   19
  260,20160706,  149,   94,  194,   15,    5
  260,20160707,  168,   83,  221,    0,    0
  260,20160708,  175,  151,  212,   25,   47
  260,20160709,  197,  146,  236,    0,    0
  260,20160710,  213,  159,  274,    0,    0
  260,20160711,  186,  162,  217,    0,    0
  260,20160712,  166,  125,  203,   38,   99
  260,20160713,  145,  111,  183,   18,   42
  260,20160714,  145,   87,  192,    0,    0
  260,20160715,  166,   91,  213,    0,    0
  260,20160716,  197,  169,  226,    0,    0
  260,20160717,  198,  145,  238,    0,   -1
  260,20160718,  202,  132,  265,    0,    0
  260,20160719,  228,  120,  295,    0,    0
  260,20160720,  254,  188,  329,    0,    0
  260,20160721,  218,  164,  274,    0,    0
  260,20160722,  211,  168,  261,   36,  117
  260,20160723,  211,  176,  253,    0,    0
  260,20160724,  207,  155,  255,    0,    0
  260,20160725,  182,  126,  224,    3,    5
  260,20160726,  184,  114,  234,    0,    0
  260,20160727,  179,  160,  213,   63,   64
  260,20160728,  190,  154,  235,    6,    5
  260,20160729,  183,  154,  212,    9,   38
  260,20160730,  177,  160,  209,   29,   72
  260,20160731,  170,  129,  205,    6,    2
  260,20160801,  165,  131,  210,   11,   68
  260,20160802,  166,  136,  186,  121,   83
  260,20160803,  190,  164,  217,   62,   19
  260,20160804,  173,  150,  208,    0,   -1
  260,20160805,  176,  129,  216,    0,    0
  260,20160806,  164,  105,  224,   20,   64
  260,20160807,  184,  105,  228,    0,    0
  260,20160808,  172,  125,  205,    6,    1
  260,20160809,  144,  103,  185,   29,   74
  260,20160810,  128,   69,  168,   15,   13
  260,20160811,  136,   67,  163,  123,   96
  260,20160812,  189,  163,  226,   23,   16
  260,20160813,  176,  143,  215,    0,    0
  260,20160814,  170,   96,  217,    0,    0
  260,20160815,  161,   82,  217,    0,    0
  260,20160816,  163,  114,  210,    0,    0
  260,20160817,  172,  100,  234,    0,    0
  260,20160818,  177,   97,  242,    0,    0
  260,20160819,  181,   98,  243,   17,   34
  260,20160820,  178,  148,  229,    6,   54
  260,20160821,  167,  147,  198,   56,  145
  260,20160822,  180,  142,  227,   57,   32
  260,20160823,  210,  140,  269,    0,    0
  260,20160824,  228,  170,  302,    0,    0
  260,20160825,  243,  172,  310,    0,    0
  260,20160826,  221,  176,  262,    0,    0
  260,20160827,  216,  161,  265,    4,   11
  260,20160828,  205,  177,  246,    3,    4
  260,20160829,  172,  100,  214,    3,    2
  260,20160830,  162,   85,  238,    0,    0
  260,20160831,  174,   86,  254,    0,    0
  260,20160901,  172,  102,  229,    0,    0
  260,20160902,  166,   97,  217,   14,   10
  260,20160903,  185,  144,  229,    9,   10
  260,20160904,  179,  157,  213,    9,   28
  260,20160905,  173,  115,  228,    0,   -1
  260,20160906,  177,  113,  242,    0,    0
  260,20160907,  183,  114,  268,    0,    0
  260,20160908,  196,  116,  276,    0,    0
  260,20160909,  169,  117,  229,    0,    0
  260,20160910,  184,  113,  257,    0,    0
  260,20160911,  185,  148,  217,   19,   12
  260,20160912,  209,  150,  281,    0,    0
  260,20160913,  235,  152,  312,    0,    0
  260,20160914,  230,  153,  314,    0,    0
  260,20160915,  226,  165,  290,   10,   42
  260,20160916,  174,  155,  212,    6,   12
  260,20160917,  173,  137,  216,    0,    0
  260,20160918,  167,  142,  207,    0,    0
  260,20160919,  144,   95,  198,    0,    0
  260,20160920,  145,   79,  200,    0,    0
  260,20160921,  147,   83,  207,    0,    0
  260,20160922,  138,   69,  213,    0,    0
  260,20160923,  136,   73,  203,    0,   -1
  260,20160924,  152,   83,  236,    0,    0
  260,20160925,  163,  121,  243,   13,   35
  260,20160926,  135,   76,  191,    0,    0
  260,20160927,  145,   56,  204,    0,    0
  260,20160928,  187,  162,  216,    0,   -1
  260,20160929,  159,  138,  177,   17,   27
  260,20160930,  145,  108,  187,    0,   -1
  260,20161001,  135,   99,  176,    5,   10
  260,20161002,  121,   88,  157,   32,  107
  260,20161003,  145,  111,  190,    0,   -1
  260,20161004,  130,   99,  173,    0,    0
  260,20161005,   98,   54,  141,    0,    0
  260,20161006,   94,   39,  127,    0,    0
  260,20161007,  118,  100,  145,    0,    0
  260,20161008,  110,   65,  142,    0,   -1
  260,20161009,   79,   13,  145,    5,    4
  260,20161010,   79,   19,  135,    0,    0
  260,20161011,   80,    3,  131,    0,   -1
  260,20161012,   89,   68,  110,    0,    0
  260,20161013,   91,   77,  114,    0,    0
  260,20161014,   99,   73,  134,   34,   47
  260,20161015,  107,   89,  137,   59,   41
  260,20161016,  133,   82,  188,    0,   -1
  260,20161017,  121,   82,  163,    4,    2
  260,20161018,  102,   75,  128,   37,  117
  260,20161019,   88,   44,  120,   43,  134
  260,20161020,   85,   27,  120,   28,    9
  260,20161021,   76,   15,  127,    4,    2
  260,20161022,   67,   10,  104,    0,    0
  260,20161023,   48,   -7,  116,    0,    0
  260,20161024,   71,   41,   95,    0,    0
  260,20161025,   87,   79,  101,    0,    0
  260,20161026,   95,   40,  126,    0,   -1
  260,20161027,  118,  104,  138,    0,    0
  260,20161028,  131,  103,  148,    0,   -1
  260,20161029,   96,   52,  154,    0,    0
  260,20161030,   87,   41,  153,    0,    0
  260,20161031,   85,   29,  162,    0,    0
  260,20161101,   81,   40,  138,    6,    2
  260,20161102,   72,   22,  117,   22,   42
  260,20161103,   67,    8,  120,    6,    6
  260,20161104,   76,   63,   97,   33,   27
  260,20161105,   69,   49,  108,   35,   31
  260,20161106,   61,   24,   93,   37,   51
  260,20161107,   42,   -1,   57,   19,   17
  260,20161108,   19,  -29,   56,   14,   15
  260,20161109,   30,    5,   43,   88,   37
  260,20161110,   40,   31,   52,   97,  139
  260,20161111,   18,  -31,   58,    9,    2
  260,20161112,   20,  -33,   50,   17,    8
  260,20161113,   27,  -10,   47,   48,   17
  260,20161114,   31,  -23,   69,   68,   39
  260,20161115,  108,   69,  129,  118,   35
  260,20161116,  119,   93,  142,   67,   56
  260,20161117,   93,   76,  115,   79,  120
  260,20161118,   60,   32,   82,   13,    7
  260,20161119,   58,   40,   81,    0,   -1
  260,20161120,   84,   48,  125,   41,   46
  260,20161121,  120,   81,  139,   54,   49
  260,20161122,  110,   65,  136,    0,    0
  260,20161123,   79,   37,  111,    0,    0
  260,20161124,   66,   30,   87,    0,    0
  260,20161125,   33,   -6,   84,    0,    0
  260,20161126,   -1,  -26,   36,    0,    0
  260,20161127,   56,  -10,   94,    0,   -1
  260,20161128,   -3,  -41,   42,    0,    0
  260,20161129,  -31,  -70,   43,    0,    0
  260,20161130,   20,  -70,   68,    0,    0
  260,20161201,   79,   51,   94,    0,   -1
  260,20161202,   52,  -25,   94,   21,    9
  260,20161203,   -1,  -43,   81,    0,    0
  260,20161204,  -14,  -50,   40,    0,    0
  260,20161205,  -27,  -69,   41,    0,    0
  260,20161206,    1,  -53,   54,    0,    0
  260,20161207,   63,   18,   95,    0,    0
  260,20161208,   82,   64,   96,    5,    1
  260,20161209,   91,   74,  104,    0,    0
  260,20161210,   78,   66,   92,   72,   49
  260,20161211,   85,   69,   96,   28,   17
  260,20161212,   53,    8,   76,    0,    0
  260,20161213,   66,   53,   75,    3,    1
  260,20161214,   73,   48,   91,    0,    0
  260,20161215,   65,   52,   79,    0,    0
  260,20161216,   54,   27,   75,    0,    0
  260,20161217,   61,   32,   85,    0,   -1
  260,20161218,   62,   26,   91,    0,    0
  260,20161219,   43,   -2,   75,    0,    0
  260,20161220,   -6,  -27,   10,    0,    0
  260,20161221,   41,    0,   71,   40,   24
  260,20161222,   59,   48,   69,   35,   15
  260,20161223,   60,   43,   80,   20,    8
  260,20161224,   79,   61,   97,   17,   10
  260,20161225,  104,   81,  117,    9,    5
  260,20161226,   83,   61,  118,    7,   19
  260,20161227,   66,   30,   93,   18,   11
  260,20161228,   10,  -31,   43,    0,    0
  260,20161229,  -22,  -40,   -8,    0,   -1
  260,20161230,  -11,  -40,   15,    0,   -1
  260,20161231,   18,    8,   33,    5,    2
  260,20170101,    5,   -8,   19,   50,   19
  260,20170102,   30,   -3,   68,   10,    5
  260,20170103,   50,   15,   71,    6,    7
  260,20170104,   58,   26,   73,   11,   18
  260,20170105,    0,  -59,   33,    0,   -1
  260,20170106,  -30,  -65,   -3,    0,    0
  260,20170107,   -2,  -21,   34,   94,   52
  260,20170108,   43,   28,   61,    0,    0
  260,20170109,   48,   33,   59,   41,   48
  260,20170110,   53,   29,   66,   48,   38
  260,20170111,   72,   57,  104,   16,    5
  260,20170112,   52,    2,   74,   80,  143
  260,20170113,   31,    2,   56,   54,   96
  260,20170114,   18,    1,   48,   36,   51
  260,20170115,    7,  -18,   48,    0,    0
  260,20170116,  -16,  -44,   12,    0,   -1
  260,20170117,  -34,  -50,   13,    0,    0
  260,20170118,  -38,  -53,  -19,    0,   -1
  260,20170119,  -20,  -56,   31,    0,    0
  260,20170120,   -3,  -52,   51,    0,    0
  260,20170121,   -2,  -52,   50,    0,    0
  260,20170122,  -17,  -74,   37,    0,    0
  260,20170123,   16,   -3,   31,    0,   -1
  260,20170124,    8,    0,   21,    4,    3
  260,20170125,  -11,  -43,    6,    0,    0
  260,20170126,  -28,  -53,    6,    0,    0
  260,20170127,    8,  -70,   51,    0,    0
  260,20170128,   54,   20,   81,    0,   -1
  260,20170129,   47,   31,   65,   42,   36
  260,20170130,   49,   28,   72,   80,   65
  260,20170131,   37,   26,   61,    0,    0
  260,20170201,   34,    5,   54,   30,   12
  260,20170202,   86,   52,  125,   18,   10
  260,20170203,   86,   63,  119,    3,    1
  260,20170204,   57,   26,   74,   89,   83
  260,20170205,   44,  -11,   77,    0,   -1
  260,20170206,   43,  -10,   66,    0,    0
  260,20170207,   24,    9,   39,  104,   25
  260,20170208,    0,  -11,    9,    7,    2
  260,20170209,  -16,  -30,  -10,    0,   -1
  260,20170210,  -23,  -45,  -13,   14,    2
  260,20170211,   -4,  -17,   10,   71,   45
  260,20170212,    7,   -6,   25,    7,    3
  260,20170213,   22,  -14,   71,    0,    0
  260,20170214,   38,   -5,   94,    0,    0
  260,20170215,   74,    3,  135,    0,   -1
  260,20170216,   68,   55,   99,    2,    5
  260,20170217,   70,   52,   86,   12,    6
  260,20170218,   56,   32,  103,    0,    0
  260,20170219,   62,   32,   92,    8,    6
  260,20170220,   91,   72,  109,   57,   53
  260,20170221,   96,   86,  111,   13,    3
  260,20170222,   95,   78,  108,  128,  175
  260,20170223,   80,   42,  105,  153,  145
  260,20170224,   45,   -6,   87,    5,    6
  260,20170225,   58,   18,   89,   21,    7
  260,20170226,   87,   67,  106,   28,   21
  260,20170227,   87,   43,  106,   41,  138
  260,20170228,   47,   32,   65,   35,   28
  260,20170301,   63,   32,   94,   58,   35
  260,20170302,   66,   42,   82,   50,   84
  260,20170303,   59,   12,   88,   15,   11
  260,20170304,   92,   62,  132,   37,   61
  260,20170305,   69,   38,  106,   40,   38
  260,20170306,   60,   32,   95,   22,   23
  260,20170307,   67,   45,   94,    1,    1
  260,20170308,   59,    8,  106,   86,  137
  260,20170309,   77,    7,  128,    4,    1
  260,20170310,   65,   -9,  112,    0,    0
  260,20170311,   73,   15,  130,    0,    0
  260,20170312,   79,   14,  148,    0,    0
  260,20170313,   65,   -5,  137,    0,    0
  260,20170314,   88,   32,  149,    0,    0
  260,20170315,   90,   16,  139,    0,    0
  260,20170316,   94,   11,  168,    0,    0
  260,20170317,   83,   67,  103,   36,   57
  260,20170318,   97,   74,  127,   80,   62
  260,20170319,  113,   98,  127,   10,    2
  260,20170320,  103,   88,  115,   98,   94
  260,20170321,   75,   13,   98,    0,   -1
  260,20170322,   63,   -3,  124,    0,    0
  260,20170323,   82,   19,  140,    0,    0
  260,20170324,   84,   31,  142,    0,    0
  260,20170325,   85,   21,  143,    0,    0
  260,20170326,   80,   33,  130,    0,    0
  260,20170327,   92,   18,  174,    0,    0
  260,20170328,  113,    6,  197,    1,    1
  260,20170329,  126,  103,  147,    0,   -1
  260,20170330,  157,  108,  218,    0,    0
  260,20170331,  145,   89,  218,    5,   14
  260,20170401,  108,   60,  141,    0,   -1
  260,20170402,  103,   44,  169,    0,    0
  260,20170403,   81,   27,  143,    0,    0
  260,20170404,   98,   22,  165,    0,    0
  260,20170405,   92,   62,  128,    0,    0
  260,20170406,   81,   38,  118,    0,   -1
  260,20170407,  105,   73,  138,    0,    0
  260,20170408,   96,   29,  155,    0,    0
  260,20170409,  117,    8,  210,    0,    0
  260,20170410,   98,   41,  155,    0,    0
  260,20170411,   96,   23,  138,    0,    0
  260,20170412,   98,   83,  119,   21,    8
  260,20170413,   93,   60,  133,    0,   -1
  260,20170414,   99,   65,  130,    0,   -1
  260,20170415,   96,   65,  121,   40,   34
  260,20170416,   79,   50,  108,   31,   29
  260,20170417,   65,   27,  109,   54,   86
  260,20170418,   61,    8,  111,    0,   -1
  260,20170419,   39,  -13,   83,    0,    0
  260,20170420,   69,  -34,  129,    0,    0
  260,20170421,  111,   82,  149,   16,    8
  260,20170422,   78,   40,  113,   20,    6
  260,20170423,   66,   20,  114,    1,    1
  260,20170424,   93,   52,  130,   30,   27
  260,20170425,   59,   21,   99,   11,   20
  260,20170426,   50,  -14,  104,    4,    3
  260,20170427,   61,  -20,  109,    2,    2
  260,20170428,   76,   30,  117,   20,   19
  260,20170429,   76,    5,  140,    0,   -1
  260,20170430,  123,   33,  184,    0,    0
  260,20170501,  117,   82,  137,   27,    9
  260,20170502,  100,   47,  152,   67,   47
  260,20170503,  107,   77,  152,   56,   35
  260,20170504,  104,   77,  133,    0,   -1
  260,20170505,   89,   66,  111,    0,   -1
  260,20170506,  128,   59,  188,    0,    0
  260,20170507,  117,   86,  162,    0,    0
  260,20170508,   97,   43,  153,    0,   -1
  260,20170509,   80,   11,  138,    0,    0
  260,20170510,   90,   -1,  159,    0,    0
  260,20170511,  154,   47,  228,    8,    3
  260,20170512,  155,  120,  212,   34,  125
  260,20170513,  140,   85,  190,   22,  100
  260,20170514,  134,   66,  199,    6,   19
  260,20170515,  149,   55,  212,    0,   -1
  260,20170516,  204,  152,  262,    0,   -1
  260,20170517,  223,  144,  284,    0,    0
  260,20170518,  165,  144,  211,   14,    3
  260,20170519,  136,  105,  167,    2,    1
  260,20170520,  125,   74,  173,    5,   12
  260,20170521,  144,   54,  202,    0,    0
  260,20170522,  176,   81,  246,    0,    0
  260,20170523,  161,   99,  210,    0,    0
  260,20170524,  159,   90,  223,    0,    0
  260,20170525,  174,   92,  230,    0,    0
  260,20170526,  203,  110,  266,    0,    0
  260,20170527,  229,  160,  319,    0,    0
  260,20170528,  205,  149,  266,    0,    0
  260,20170529,  219,  154,  286,    4,    3
  260,20170530,  183,  155,  212,    0,    0
  260,20170531,  174,  107,  222,    0,    0
  260,20170601,  166,   75,  234,    0,    0
  260,20170602,  198,  108,  266,    0,    0
  260,20170603,  184,  143,  237,    6,   21
  260,20170604,  154,   87,  195,    0,    0
  260,20170605,  171,   84,  229,    0,    0
  260,20170606,  141,  110,  174,   70,  105
  260,20170607,  140,  113,  174,   32,   51
  260,20170608,  168,  117,  232,    5,    3
  260,20170609,  165,  130,  196,   60,  212
  260,20170610,  178,  117,  239,    0,    0
  260,20170611,  199,  121,  271,    0,   -1
  260,20170612,  161,  145,  178,    0,   -1
  260,20170613,  163,   93,  208,    0,    0
  260,20170614,  174,   75,  244,    0,    0
  260,20170615,  200,  120,  264,    0,    0
  260,20170616,  162,  129,  180,    0,    0
  260,20170617,  186,  129,  232,    0,    0
  260,20170618,  208,  111,  278,    0,    0
  260,20170619,  236,  137,  309,    0,    0
  260,20170620,  216,  149,  274,    0,    0
  260,20170621,  214,  131,  291,    0,    0
  260,20170622,  229,  171,  308,    8,   13
  260,20170623,  196,  168,  232,    0,    0
  260,20170624,  171,  163,  179,   67,   55
  260,20170625,  175,  154,  190,   29,   46
  260,20170626,  168,  123,  206,    0,    0
  260,20170627,  173,  113,  218,   12,   28
  260,20170628,  180,  150,  219,   48,   31
  260,20170629,  175,  133,  217,    1,    1
  260,20170630,  162,  116,  208,   30,   42
  260,20170701,  161,  139,  210,   69,   69
  260,20170702,  156,   89,  196,    8,    6
  260,20170703,  166,   81,  220,    8,   10
  260,20170704,  186,  150,  232,    0,   -1
  260,20170705,  190,  120,  248,    0,    0
  260,20170706,  199,  108,  265,   41,  170
  260,20170707,  206,  153,  260,    0,   -1
  260,20170708,  186,  113,  245,    0,   -1
  260,20170709,  172,   91,  232,    0,    0
  260,20170710,  196,  140,  259,    4,    1
  260,20170711,  177,  153,  207,   30,   33
  260,20170712,  149,   89,  182,  111,  268
  260,20170713,  146,   74,  205,    0,    0
  260,20170714,  142,   80,  186,   25,  176
  260,20170715,  172,  109,  215,    0,   -1
  260,20170716,  186,  160,  221,   10,   12
  260,20170717,  186,  130,  231,    0,   -1
  260,20170718,  199,  120,  252,    0,    0
  260,20170719,  235,  180,  294,    1,    1
  260,20170720,  191,  135,  242,   29,  210
  260,20170721,  182,  128,  227,    0,    0
  260,20170722,  194,  145,  242,   22,   35
  260,20170723,  160,  132,  191,   32,  112
  260,20170724,  161,  119,  202,   30,   25
  260,20170725,  167,  140,  200,   33,   83
  260,20170726,  190,  138,  236,    2,    1
  260,20170727,  185,  162,  214,    0,   -1
  260,20170728,  172,  148,  210,   14,   17
  260,20170729,  182,  162,  205,   40,   76
  260,20170730,  188,  133,  229,    3,   14
  260,20170731,  181,  126,  228,    0,   -1
  260,20170801,  178,  125,  227,    0,    0
  260,20170802,  176,  135,  220,   51,   30
  260,20170803,  190,  165,  225,   18,   17
  260,20170804,  183,  154,  218,    5,    6
  260,20170805,  159,  106,  204,   14,   18
  260,20170806,  158,   90,  217,    0,    0
  260,20170807,  168,   88,  226,    0,    0
  260,20170808,  162,  141,  196,   51,   65
  260,20170809,  167,  123,  213,    0,   -1
  260,20170810,  157,   97,  205,   18,   24
  260,20170811,  167,  120,  203,    8,    2
  260,20170812,  168,  125,  216,   56,   44
  260,20170813,  162,  100,  215,    0,    0
  260,20170814,  179,  105,  241,    0,    0
  260,20170815,  179,  136,  218,   19,   15
  260,20170816,  176,  116,  233,    0,    0
  260,20170817,  173,  121,  199,   29,   23
  260,20170818,  169,  130,  201,   14,   62
  260,20170819,  154,  127,  196,   47,  104
  260,20170820,  158,  115,  198,    0,   -1
  260,20170821,  159,  112,  208,    0,    0
  260,20170822,  182,  129,  235,    0,    0
  260,20170823,  196,  129,  250,    0,    0
  260,20170824,  179,  111,  222,    0,   -1
  260,20170825,  169,  102,  234,    0,    0
  260,20170826,  182,  100,  250,    0,    0
  260,20170827,  178,  110,  247,    0,    0
  260,20170828,  187,  106,  268,    0,    0
  260,20170829,  210,  122,  290,    5,   15
  260,20170830,  178,  135,  225,   92,   88
  260,20170831,  144,   95,  197,   33,   20
  260,20170901,  147,   98,  193,   13,    3
  260,20170902,  133,   77,  194,    0,    0
  260,20170903,  130,   57,  200,    0,    0
  260,20170904,  158,   84,  216,    0,    0
  260,20170905,  186,  158,  217,    4,    6
  260,20170906,  159,  136,  183,   32,   37
  260,20170907,  156,  130,  185,   19,   28
  260,20170908,  151,  139,  158,  143,  172
  260,20170909,  132,   82,  177,   75,  125
  260,20170910,  139,   82,  177,    7,    9
  260,20170911,  141,  117,  174,   51,   95
  260,20170912,  146,  122,  183,    2,    1
  260,20170913,  141,  108,  176,   64,  125
  260,20170914,  117,  102,  144,   65,  207
  260,20170915,  125,   97,  164,   35,   41
  260,20170916,  106,   62,  129,  148,  139
  260,20170917,  108,   48,  172,    0,   -1
  260,20170918,  120,   74,  162,   12,    8
  260,20170919,  120,   80,  174,    0,   -1
  260,20170920,  135,   80,  175,    5,    6
  260,20170921,  134,   89,  186,    0,    0
  260,20170922,  119,   58,  192,    5,    8
  260,20170923,  109,   39,  183,    0,    0
  260,20170924,  121,   45,  204,    0,    0
  260,20170925,  142,   97,  181,    0,    0
  260,20170926,  132,   86,  172,    0,    0
  260,20170927,  136,   66,  202,    0,    0
  260,20170928,  158,  127,  206,   20,   11
  260,20170929,  171,  127,  227,   21,  166
  260,20170930,  131,   77,  157,   37,   24
  260,20171001,  141,   97,  174,    0,   -1
  260,20171002,  156,  134,  179,   13,    6
  260,20171003,  136,  118,  164,    6,   16
  260,20171004,  130,  114,  152,   25,   28
  260,20171005,  129,  103,  160,   85,  252
  260,20171006,  116,   95,  150,   19,   32
  260,20171007,  122,  106,  143,   76,  159
  260,20171008,  121,   97,  147,    2,    1
  260,20171009,  121,  101,  134,   37,  104
  260,20171010,  143,  124,  158,   10,    3
  260,20171011,  148,  142,  161,    2,    2
  260,20171012,  134,  108,  161,    2,    2
  260,20171013,  153,  109,  182,    0,    0
  260,20171014,  148,   96,  199,    0,    0
  260,20171015,  158,   93,  221,    0,    0
  260,20171016,  186,  137,  244,    0,    0
  260,20171017,  129,   82,  166,    0,    0
  260,20171018,  137,  104,  186,    0,    0
  260,20171019,  157,  101,  204,    0,   -1
  260,20171020,  137,  104,  167,   33,   73
  260,20171021,  132,  104,  175,    6,    5
  260,20171022,  108,   96,  132,  118,  132
  260,20171023,  126,  103,  152,    4,    1
  260,20171024,  153,  130,  171,   27,    8
  260,20171025,  142,   90,  171,    0,   -1
  260,20171026,  140,  127,  175,    0,    0
  260,20171027,  118,   99,  144,    3,    4
  260,20171028,  124,   93,  153,   23,   16
  260,20171029,  107,   68,  152,   18,   10
  260,20171030,   83,   45,  121,    0,   -1
  260,20171031,  101,   82,  112,    0,   -1
  260,20171101,  112,   96,  135,    0,    0
  260,20171102,   98,   38,  140,    0,   -1
  260,20171103,   88,   34,  124,    8,    5
  260,20171104,  106,   74,  131,   36,   30
  260,20171105,   78,   50,  109,   37,   48
  260,20171106,   48,   -5,  109,    8,    4
  260,20171107,   33,  -13,   98,    0,    0
  260,20171108,   59,   24,   76,    0,    0
  260,20171109,   87,   62,  111,   16,   14
  260,20171110,   92,   58,  118,   26,   29
  260,20171111,   66,   38,   94,   41,   37
  260,20171112,   52,   32,   64,   65,   74
  260,20171113,   62,   10,  103,   11,   13
  260,20171114,   77,   27,   92,   18,    4
  260,20171115,   94,   85,  102,   64,   23
  260,20171116,   93,   62,  107,   24,   18
  260,20171117,   56,    6,  110,    0,    0
  260,20171118,   69,   35,   96,   32,   50
  260,20171119,   67,   44,   99,    8,   19
  260,20171120,   78,   46,  118,  124,   97
  260,20171121,  115,  106,  124,   35,   13
  260,20171122,  114,  105,  133,    9,   13
  260,20171123,  111,   82,  144,   10,    8
  260,20171124,   69,   43,   92,   28,   16
  260,20171125,   37,   -6,   74,    1,    2
  260,20171126,   53,   30,   80,   17,   57
  260,20171127,   67,   47,   91,   91,  152
  260,20171128,   54,   12,   78,    8,    9
  260,20171129,   29,    6,   40,    1,    1
  260,20171130,   15,  -24,   46,    8,    6
  260,20171201,    0,  -28,   31,    0,   -1
  260,20171202,   -4,  -12,    6,    0,   -1
  260,20171203,   37,    3,   66,   49,   20
  260,20171204,   70,   52,   91,   23,   25
  260,20171205,   76,   54,   91,    0,    0
  260,20171206,   80,   69,   92,    0,    0
  260,20171207,   59,   43,   72,   33,   78
  260,20171208,   26,    3,   61,   66,  154
  260,20171209,   21,    4,   46,   74,  125
  260,20171210,   11,    0,   41,   79,  128
  260,20171211,   -1,  -29,   16,  107,   98
  260,20171212,   18,    3,   41,    8,    5
  260,20171213,   40,    8,   64,   81,  138
  260,20171214,   33,    4,   54,   57,  150
  260,20171215,   26,   -2,   43,    7,    2
  260,20171216,   27,    1,   62,   12,   14
  260,20171217,   25,  -28,   63,   42,   49
  260,20171218,   59,   22,   80,   22,    8
  260,20171219,   52,   13,   75,    0,   -1
  260,20171220,   75,   49,   87,   19,    3
  260,20171221,   84,   76,   93,   14,    3
  260,20171222,   86,   73,   96,   65,   25
  260,20171223,   87,   80,   94,    0,   -1
  260,20171224,   82,   72,   96,   35,    7
  260,20171225,   74,   45,   91,   22,    4
  260,20171226,   58,   46,   74,   20,   12
  260,20171227,   51,   36,   66,   94,   73
  260,20171228,   39,   24,   53,    4,    7
  260,20171229,   28,   -7,   67,   63,   67
  260,20171230,   88,   39,  122,   50,   37
  260,20171231,  106,   85,  137,  153,  393
  260,20180101,   68,   52,   88,   69,   47
  260,20180102,   65,   45,   91,   62,   45
  260,20180103,   88,   54,  112,   51,   95
  260,20180104,   82,   68,  107,   16,    6
  260,20180105,   64,   44,   87,   24,   27
  260,20180106,   45,   22,   66,    0,    0
  260,20180107,   10,  -12,   31,    0,    0
  260,20180108,   11,  -14,   39,    0,    0
  260,20180109,   30,   -2,   61,    0,    0
  260,20180110,   69,   58,   76,   58,   26
  260,20180111,   57,   28,   76,    0,    0
  260,20180112,   50,   41,   59,    0,    0
  260,20180113,   42,   12,   62,    0,    0
  260,20180114,   29,    8,   52,    0,    0
  260,20180115,   52,   17,   80,   95,  133
  260,20180116,   52,   25,   69,   39,   83
  260,20180117,   46,   20,   60,   22,   27
  260,20180118,   47,    5,  102,   65,  111
  260,20180119,   37,   14,   69,   31,   54
  260,20180120,   22,    8,   36,   20,   11
  260,20180121,   30,   -4,   69,   27,   21
  260,20180122,   63,   20,   84,   19,    6
  260,20180123,   81,   46,  112,   40,   15
  260,20180124,  117,   73,  144,   41,   42
  260,20180125,   77,   50,   92,    1,    1
  260,20180126,   54,   25,   86,    0,    0
  260,20180127,   58,   44,   72,   36,   11
  260,20180128,   97,   69,  108,    0,   -1
  260,20180129,   88,   46,  107,   28,   52
  260,20180130,   47,   21,   74,    0,    0
  260,20180131,   65,   32,   95,   64,   38
  260,20180201,   34,   19,   61,   43,   44
  260,20180202,   44,   -5,   68,   45,   50
  260,20180203,   20,   -4,   46,   22,   17
  260,20180204,   17,   -4,   36,    0,   -1
  260,20180205,   10,  -21,   34,    0,    0
  260,20180206,  -21,  -46,   20,    0,    0
  260,20180207,  -22,  -68,   19,    0,    0
  260,20180208,   10,  -25,   47,    0,    0
  260,20180209,    6,   -9,   22,    5,    1
  260,20180210,   29,    2,   70,    2,    1
  260,20180211,   45,   21,   73,   31,   51
  260,20180212,   30,    7,   63,    0,   -1
  260,20180213,   20,  -12,   63,    0,    0
  260,20180214,   19,  -22,   55,    0,    0
  260,20180215,   43,    5,   99,   38,   35
  260,20180216,   32,  -21,   87,    0,    0
  260,20180217,    9,  -36,   76,    0,    0
  260,20180218,    7,  -49,   73,    0,    0
  260,20180219,   12,  -25,   34,    0,   -1
  260,20180220,    8,  -38,   46,    0,    0
  260,20180221,    3,  -39,   47,    0,    0
  260,20180222,    2,  -30,   50,    0,    0
  260,20180223,   -5,  -38,   35,    0,    0
  260,20180224,   -4,  -34,   33,    0,    0
  260,20180225,  -22,  -49,   11,    0,    0
  260,20180226,  -33,  -59,    0,    0,   -1
  260,20180227,  -36,  -64,    2,    0,   -1
  260,20180228,  -66,  -85,  -46,    0,   -1
  260,20180301,  -47,  -83,   -7,    0,    0
  260,20180302,  -37,  -72,   -5,    0,   -1
  260,20180303,  -17,  -45,   12,    0,   -1
  260,20180304,   50,  -22,  113,   22,   19
  260,20180305,   66,   32,  120,    0,    0
  260,20180306,   56,   10,  101,    0,    0
  260,20180307,   59,    8,   95,   40,   35
  260,20180308,   48,   12,   83,   32,   47
  260,20180309,   65,   29,   97,   51,   29
  260,20180310,  114,   71,  151,   66,   43
  260,20180311,  102,   71,  139,   10,   12
  260,20180312,  103,   74,  143,   18,   12
  260,20180313,   56,   37,   89,   76,   71
  260,20180314,   58,   -4,  111,    0,   -1
  260,20180315,   73,   36,  107,   31,   10
  260,20180316,   38,    0,   62,    6,    4
  260,20180317,  -14,  -26,    0,    0,   -1
  260,20180318,  -10,  -30,   12,    0,    0
  260,20180319,   -2,  -39,   47,    0,   -1
  260,20180320,   38,  -13,   79,    0,   -1
  260,20180321,   36,  -36,   80,    0,   -1
  260,20180322,   64,   41,   99,   44,   33
  260,20180323,   62,   52,   73,    0,   -1
  260,20180324,   65,    0,  125,    0,    0
  260,20180325,   54,  -18,  123,    0,    0
  260,20180326,   47,    0,  112,   13,   15
  260,20180327,   56,    7,   98,   36,   17
  260,20180328,   59,   28,   78,  108,  124
  260,20180329,   65,   36,  107,   11,    2
  260,20180330,   90,   52,  135,   46,   24
  260,20180331,   72,   25,  124,   47,  100
  260,20180401,   48,    6,   77,   16,    7
  260,20180402,   77,    4,  121,   56,   11
  260,20180403,  127,   91,  170,   18,   25
  260,20180404,  103,   78,  147,   12,   49
  260,20180405,   59,    1,   99,   15,   24
  260,20180406,   88,    0,  147,    0,    0
  260,20180407,  139,   86,  216,    0,    0
  260,20180408,  152,   77,  234,    0,    0
  260,20180409,  126,   92,  175,    0,   -1
  260,20180410,  155,   95,  200,    0,   -1
  260,20180411,  127,   85,  175,    7,   21
  260,20180412,  104,   65,  146,    7,    2
  260,20180413,  100,   38,  144,    0,    0
  260,20180414,  115,   69,  161,   16,   10
  260,20180415,  127,   94,  172,   51,   66
  260,20180416,  114,   51,  161,    2,    1
  260,20180417,  128,   47,  203,    0,    0
  260,20180418,  163,   69,  235,    0,    0
  260,20180419,  192,   94,  274,    0,    0
  260,20180420,  183,  100,  265,    0,    0
  260,20180421,  155,   79,  221,    0,    0
  260,20180422,  179,   99,  266,    0,   -1
  260,20180423,  131,   97,  166,    0,    0
  260,20180424,  129,   95,  155,    3,    1
  260,20180425,  115,   85,  145,   20,   52
  260,20180426,  103,   77,  137,   10,   51
  260,20180427,  103,   40,  151,    2,    1
  260,20180428,  117,   49,  145,    2,    5
  260,20180429,   92,   32,  122,   70,  196
  260,20180430,   95,   58,  132,  131,  272
  260,20180501,   79,   26,  128,   83,   92
  260,20180502,  109,   18,  169,   14,    2
  260,20180503,  104,   41,  156,    0,    0
  260,20180504,  119,   23,  185,    0,    0
  260,20180505,  147,   58,  220,    0,    0
  260,20180506,  172,   62,  258,    0,    0
  260,20180507,  180,   85,  253,    0,    0
  260,20180508,  191,   97,  266,    0,    0
  260,20180509,  179,  100,  254,    0,    0
  260,20180510,  121,   53,  167,   21,   17
  260,20180511,  123,   25,  187,    0,    0
  260,20180512,  170,   72,  233,    0,    0
  260,20180513,  131,  112,  163,   46,   24
  260,20180514,  187,  112,  258,    0,    0
  260,20180515,  192,  126,  246,    0,    0
  260,20180516,  153,  110,  207,    3,    1
  260,20180517,  114,   85,  153,    0,    0
  260,20180518,  109,   81,  146,    0,    0
  260,20180519,  110,   61,  141,    0,    0
  260,20180520,  154,   47,  242,    0,    0
  260,20180521,  192,   91,  257,    0,    0
  260,20180522,  183,  144,  243,    6,    8
  260,20180523,  188,  143,  252,    9,   15
  260,20180524,  183,  133,  226,    7,    6
  260,20180525,  206,  159,  261,    0,    0
  260,20180526,  230,  147,  290,    0,    0
  260,20180527,  203,  153,  262,   19,   19
  260,20180528,  225,  131,  297,    3,    5
  260,20180529,  221,  180,  307,   32,  148
  260,20180530,  215,  168,  265,    2,    1
  260,20180531,  202,  165,  240,    9,   37
  260,20180601,  176,  144,  234,   15,   47
  260,20180602,  170,  148,  203,   12,   12
  260,20180603,  193,  155,  235,    0,   -1
  260,20180604,  182,  158,  232,    0,    0
  260,20180605,  167,  134,  208,    0,    0
  260,20180606,  198,  115,  276,    0,    0
  260,20180607,  224,  128,  286,    0,    0
  260,20180608,  185,  174,  199,   36,   50
  260,20180609,  198,  162,  245,    0,    0
  260,20180610,  182,  129,  228,    0,    0
  260,20180611,  169,  101,  224,    0,    0
  260,20180612,  148,  131,  167,    0,   -1
  260,20180613,  147,   96,  194,    0,    0
  260,20180614,  157,   90,  198,   12,    9
  260,20180615,  188,  148,  242,    0,    0
  260,20180616,  175,  147,  213,    0,    0
  260,20180617,  156,  142,  182,    0,   -1
  260,20180618,  167,  147,  192,    0,   -1
  260,20180619,  177,  138,  204,    0,   -1
  260,20180620,  191,  139,  252,    0,    0
  260,20180621,  144,  116,  177,    0,   -1
  260,20180622,  133,   91,  168,    0,   -1
  260,20180623,  151,   89,  200,    0,   -1
  260,20180624,  147,  107,  177,    0,   -1
  260,20180625,  165,  105,  214,    0,   -1
  260,20180626,  160,   89,  215,    0,    0
  260,20180627,  179,   99,  245,    0,    0
  260,20180628,  212,  145,  270,    0,    0
  260,20180629,  195,  137,  261,    0,    0
  260,20180630,  213,  126,  279,    0,    0
  260,20180701,  213,  156,  265,    0,    0
  260,20180702,  206,  129,  269,    0,    0
  260,20180703,  196,  125,  260,    0,    0
  260,20180704,  192,  132,  252,    0,   -1
  260,20180705,  189,  136,  243,    0,    0
  260,20180706,  195,  130,  252,    0,    0
  260,20180707,  183,  100,  249,    0,    0
  260,20180708,  186,  100,  244,    0,    0
  260,20180709,  175,  115,  227,    0,   -1
  260,20180710,  161,  114,  217,    4,    1
  260,20180711,  178,   93,  227,    0,    0
  260,20180712,  190,  136,  246,    0,    0
  260,20180713,  185,  125,  243,    0,    0
  260,20180714,  188,  108,  249,    0,    0
  260,20180715,  208,  106,  287,    0,    0
  260,20180716,  226,  114,  297,    0,   -1
  260,20180717,  200,  120,  260,    0,   -1
  260,20180718,  191,  104,  253,    0,    0
  260,20180719,  196,  118,  259,    0,    0
  260,20180720,  191,  105,  252,    0,    0
  260,20180721,  211,  147,  268,    0,    0
  260,20180722,  206,  140,  272,    0,    0
  260,20180723,  225,  131,  297,    0,    0
  260,20180724,  246,  159,  319,    0,    0
  260,20180725,  244,  183,  302,    0,   -1
  260,20180726,  277,  192,  357,    0,   -1
  260,20180727,  297,  224,  354,    0,    0
  260,20180728,  203,  134,  242,   17,   52
  260,20180729,  213,  135,  267,    0,   -1
  260,20180730,  240,  168,  306,    0,    0
  260,20180731,  206,  130,  266,    0,    0
  260,20180801,  204,  111,  276,    0,    0
  260,20180802,  226,  145,  297,    0,    0
  260,20180803,  239,  143,  307,    0,    0
  260,20180804,  224,  162,  283,    0,    0
  260,20180805,  205,  144,  255,    0,    0
  260,20180806,  231,  126,  313,    0,    0
  260,20180807,  259,  146,  339,    8,   13
  260,20180808,  196,  120,  232,   19,   32
  260,20180809,  172,  109,  230,   38,   85
  260,20180810,  165,  126,  211,   45,   66
  260,20180811,  156,  110,  209,    6,    1
  260,20180812,  198,  112,  271,    0,   -1
  260,20180813,  187,  162,  226,   25,  106
  260,20180814,  188,  157,  224,    6,    6
  260,20180815,  197,  164,  226,    0,    0
  260,20180816,  184,  149,  236,    8,   13
  260,20180817,  174,  110,  232,   22,   46
  260,20180818,  178,  109,  217,    0,    0
  260,20180819,  194,  170,  227,    0,    0
  260,20180820,  196,  145,  231,    0,    0
  260,20180821,  200,  142,  258,    0,    0
  260,20180822,  195,  136,  253,    0,    0
  260,20180823,  183,  129,  222,    9,   22
  260,20180824,  155,  108,  198,   20,   56
  260,20180825,  127,   91,  168,   64,  166
  260,20180826,  145,   70,  196,   22,   13
  260,20180827,  171,  133,  193,    9,    2
  260,20180828,  167,  101,  213,    0,    0
  260,20180829,  147,   83,  197,   37,   66
  260,20180830,  150,   80,  199,    0,    0
  260,20180831,  124,   69,  180,    0,    0
  260,20180901,  135,   52,  208,    0,    0
  260,20180902,  159,   71,  225,    0,    0
  260,20180903,  186,  145,  222,    0,   -1
  260,20180904,  206,  183,  253,    0,   -1
  260,20180905,  190,  170,  228,   17,   44
  260,20180906,  166,  131,  190,   36,   57
  260,20180907,  146,  122,  174,   36,   54
  260,20180908,  148,  115,  184,    0,   -1
  260,20180909,  183,  133,  236,    0,   -1
  260,20180910,  174,  149,  201,    0,    0
  260,20180911,  188,  149,  226,    0,    0
  260,20180912,  153,  119,  184,    9,   11
  260,20180913,  130,   70,  195,    0,    0
  260,20180914,  135,   48,  199,    0,    0
  260,20180915,  147,   88,  203,    4,    2
  260,20180916,  146,   78,  224,    0,    0
  260,20180917,  153,   76,  242,    0,    0
  260,20180918,  189,   93,  246,    0,    0
  260,20180919,  191,  138,  236,    0,    0
  260,20180920,  197,  164,  236,    0,    0
  260,20180921,  154,   95,  200,   24,   83
  260,20180922,  121,  105,  158,   68,   62
  260,20180923,   95,   58,  109,   87,   97
  260,20180924,   99,   49,  154,    3,    5
  260,20180925,   94,   25,  164,    0,    0
  260,20180926,  119,   39,  190,    0,    0
  260,20180927,  132,   67,  215,    0,    0
  260,20180928,  114,   27,  163,    0,    0
  260,20180929,   75,   10,  155,    0,    0
  260,20180930,   99,   -1,  175,    0,   -1
  260,20181001,   95,   62,  133,   31,   35
  260,20181002,  117,   78,  165,   42,   39
  260,20181003,  126,   84,  164,    0,   -1
  260,20181004,  147,  116,  180,    0,    0
  260,20181005,  128,   73,  212,    0,    0
  260,20181006,  139,   63,  210,    0,   -1
  260,20181007,  101,   36,  153,    0,    0
  260,20181008,   95,   29,  169,    0,    0
  260,20181009,  109,   58,  191,    0,    0
  260,20181010,  151,   50,  235,    0,    0
  260,20181011,  176,  130,  229,    0,   -1
  260,20181012,  187,  147,  228,    5,    1
  260,20181013,  200,  154,  263,    0,    0
  260,20181014,  174,  126,  242,    0,    0
  260,20181015,  161,  107,  229,    0,    0
  260,20181016,  153,   88,  243,    0,    0
  260,20181017,  132,   82,  202,    0,    0
  260,20181018,  122,   73,  163,    0,   -1
  260,20181019,   92,   27,  158,    0,    0
  260,20181020,   86,   15,  156,    0,    0
  260,20181021,  122,   61,  165,    0,    0
  260,20181022,  108,   31,  150,    2,    2
  260,20181023,  128,   79,  147,    0,   -1
  260,20181024,  140,  122,  163,   10,    5
  260,20181025,  121,  109,  136,    5,    3
  260,20181026,   95,   60,  118,   36,   73
  260,20181027,   71,   36,  113,   19,   11
  260,20181028,   40,    7,   78,    0,    0
  260,20181029,   44,   20,   61,    0,   -1
  260,20181030,   57,   37,   94,  118,  192
  260,20181031,   85,   46,  114,   12,    5
  260,20181101,  104,   85,  132,   64,   38
  260,20181102,   78,   23,  118,   28,   19
  260,20181103,   43,   -1,  101,    0,    0
  260,20181104,   59,    6,  119,    0,    0
  260,20181105,   77,   51,  112,    0,    0
  260,20181106,  124,   68,  190,    0,    0
  260,20181107,  111,   87,  139,   15,   11
  260,20181108,   92,   40,  137,    0,   -1
  260,20181109,   90,   58,  112,    0,   -1
  260,20181110,  116,   93,  134,   55,   42
  260,20181111,  114,   82,  134,   38,   68
  260,20181112,  100,   85,  117,   74,   53
  260,20181113,  102,   81,  132,    4,    1
  260,20181114,   80,   38,  132,    0,    0
  260,20181115,   69,   31,  128,    0,    0
  260,20181116,   34,    6,   77,    0,    0
  260,20181117,   41,   10,   91,    0,    0
  260,20181118,   29,  -14,   78,    0,    0
  260,20181119,   49,   28,   69,    1,    1
  260,20181120,   34,   26,   44,    0,   -1
  260,20181121,   34,   18,   53,    5,    1
  260,20181122,   32,   17,   43,    0,    0
  260,20181123,   32,   -8,   69,    0,   -1
  260,20181124,   24,    6,   35,    0,    0
  260,20181125,   34,   19,   47,    0,    0
  260,20181126,   49,   35,   60,    0,   -1
  260,20181127,   33,   14,   52,    0,    0
  260,20181128,   61,   28,   95,   54,   50
  260,20181129,  102,   95,  112,  112,   68
  260,20181130,   96,   63,  116,    0,    0
  260,20181201,   77,   57,   96,   72,   20
  260,20181202,  120,   96,  132,  112,   59
  260,20181203,  114,   74,  133,   33,   26
  260,20181204,   48,    2,   96,    4,    2
  260,20181205,   55,   17,   84,   47,   20
  260,20181206,  111,   84,  123,   60,   21
  260,20181207,  100,   71,  118,  116,  131
  260,20181208,   91,   67,  112,   80,  160
  260,20181209,   81,   55,  100,   76,  105
  260,20181210,   55,   36,   77,   24,   23
  260,20181211,   39,   -9,   77,    2,    1
  260,20181212,    8,  -29,   43,    0,    0
  260,20181213,    8,   -8,   25,    0,    0
  260,20181214,    9,   -8,   33,    0,    0
  260,20181215,    3,  -11,    8,    7,    9
  260,20181216,   14,  -10,   33,   27,   20
  260,20181217,   56,   24,   84,   63,   62
  260,20181218,   64,   44,   79,    0,    0
  260,20181219,   74,   55,   98,    5,    1
  260,20181220,   75,   54,   87,   20,   37
  260,20181221,   97,   74,  123,  101,  140
  260,20181222,   96,   89,  108,   40,   59
  260,20181223,   71,   54,   89,  126,   96
  260,20181224,   57,   32,   84,    0,   -1
  260,20181225,   56,   37,   75,    0,    0
  260,20181226,   40,   15,   53,    0,    0
  260,20181227,    8,  -27,   48,    0,    0
  260,20181228,   23,  -31,   54,    0,    0
  260,20181229,   79,   54,  109,   11,    4
  260,20181230,   85,   62,   95,   48,   10
  260,20181231,   89,   77,  100,    7,    1
  260,20190101,   77,   55,   94,   20,    4
  260,20190102,   54,   41,   69,    4,    2
  260,20190103,   40,   24,   66,    0,   -1
  260,20190104,   51,   19,   65,    0,   -1
  260,20190105,   70,   57,   80,    8,    3
  260,20190106,   61,   31,   75,    0,   -1
  260,20190107,   67,    4,  102,   12,   13
  260,20190108,   71,   37,   85,   23,   37
  260,20190109,   49,   32,   72,    3,    4
  260,20190110,   30,   -2,   54,   53,   12
  260,20190111,   68,   38,   86,   50,   25
  260,20190112,   76,   64,   88,   59,   36
  260,20190113,   89,   79,  100,   67,   60
  260,20190114,   51,   23,   84,   18,   38
  260,20190115,   64,   24,   84,    0,   -1
  260,20190116,   61,   43,   77,   53,   50
  260,20190117,   29,    1,   47,   46,  124
  260,20190118,   -4,  -39,   46,    0,    0
  260,20190119,  -14,  -37,   19,    0,    0
  260,20190120,  -26,  -64,   29,    0,    0
  260,20190121,  -19,  -81,   48,    0,    0
  260,20190122,  -17,  -34,   -6,   65,   22
  260,20190123,  -10,  -33,    0,    0,    0
  260,20190124,  -20,  -25,  -11,    0,   -1
  260,20190125,    8,  -28,   72,   39,   22
  260,20190126,   72,   66,   77,   42,   41
  260,20190127,   58,   39,   74,  105,   79
  260,20190128,   39,    4,   63,   45,   26
  260,20190129,   16,    0,   42,    0,   -1
  260,20190130,    7,   -3,   24,   52,   39
  260,20190131,  -11,  -27,    9,    0,   -1
  260,20190201,    8,  -11,   21,   20,   10
  260,20190202,   16,   -3,   24,   57,   29
  260,20190203,   18,  -27,   67,    0,    0
  260,20190204,   21,   -1,   36,   84,   30
  260,20190205,   40,   28,   53,    3,    1
  260,20190206,   51,   27,   71,  172,  154
  260,20190207,   78,   60,   99,   66,   57
  260,20190208,   80,   55,   99,   60,   34
  260,20190209,   87,   71,  103,    0,   -1
  260,20190210,   64,   37,   96,  158,  305
  260,20190211,   51,   11,   90,    9,   15
  260,20190212,   53,   -8,   94,    0,    0
  260,20190213,   58,   16,   87,    0,    0
  260,20190214,   45,    3,  121,    0,    0
  260,20190215,   62,    7,  143,    0,    0
  260,20190216,   58,    2,  133,    0,    0
  260,20190217,   67,   -4,  151,    0,    0
  260,20190218,   72,    9,  146,    4,    1
  260,20190219,   73,   53,  105,    0,   -1
  260,20190220,   78,   49,  118,    0,    0
  260,20190221,   82,   52,  114,   46,   18
  260,20190222,   91,   56,  115,    0,    0
  260,20190223,   69,   22,  124,    0,    0
  260,20190224,   61,  -17,  147,    0,    0
  260,20190225,   73,   -6,  183,    0,    0
  260,20190226,   78,   -8,  189,    0,    0
  260,20190227,   95,    9,  183,    0,    0
  260,20190228,   77,   11,  122,   30,   22
  260,20190301,   63,   36,   90,    5,    2
  260,20190302,   82,   32,  123,    2,    1
  260,20190303,  112,   96,  129,   82,   39
  260,20190304,   88,   56,  129,   19,   32
  260,20190305,   75,   49,  109,    8,   11
  260,20190306,  100,   71,  123,   34,   13
  260,20190307,   92,   70,  118,   82,  226
  260,20190308,   78,   60,  103,   31,   21
  260,20190309,   88,   63,  111,   41,   44
  260,20190310,   58,   28,  104,  128,  208
  260,20190311,   54,   27,   81,   14,   17
  260,20190312,   68,   36,   96,   44,   36
  260,20190313,   73,   53,   96,   40,   68
  260,20190314,   82,   63,  112,   73,  117
  260,20190315,   95,   64,  131,   55,   60
  260,20190316,  100,   68,  115,   74,   72
  260,20190317,   71,   47,  110,   50,   42
  260,20190318,   51,  -13,   95,   11,   26
  260,20190319,   47,  -24,  121,    0,   -1
  260,20190320,   91,   29,  119,    0,   -1
  260,20190321,   81,   35,  120,    0,    0
  260,20190322,   95,   37,  173,    0,    0
  260,20190323,   81,   14,  114,    0,    0
  260,20190324,   55,  -13,  110,    0,    0
  260,20190325,   77,   53,   97,   10,    8
  260,20190326,   73,   24,  102,    0,    0
  260,20190327,   93,   59,  131,    0,    0
  260,20190328,   85,   29,  112,    0,   -1
  260,20190329,   90,    3,  171,    0,    0
  260,20190330,  112,   39,  183,    0,    0
  260,20190331,   82,   33,  125,    0,    0
  260,20190401,   71,    5,  145,    0,    0
  260,20190402,   93,   24,  155,   32,  117
  260,20190403,   61,   21,   95,   18,   43
  260,20190404,   56,    9,  103,    0,    0
  260,20190405,   78,    0,  128,    0,    0
  260,20190406,  106,   75,  151,    0,   -1
  260,20190407,  151,   84,  209,    0,   -1
  260,20190408,  143,   75,  215,    0,    0
  260,20190409,   96,   50,  149,    0,    0
  260,20190410,   60,   20,  109,    0,    0
  260,20190411,   61,    2,  108,    0,    0
  260,20190412,   53,   13,   94,    0,    0
  260,20190413,   29,  -11,   76,    0,   -1
  260,20190414,   55,   -3,  110,    0,    0
  260,20190415,  106,   42,  167,    0,    0
  260,20190416,  125,   62,  182,    0,    0
  260,20190417,  127,   67,  159,    0,    0
  260,20190418,  163,  105,  216,    0,    0
  260,20190419,  174,  109,  239,    0,    0
  260,20190420,  174,   88,  244,    0,    0
  260,20190421,  151,   56,  241,    0,    0
  260,20190422,  170,   51,  248,    0,    0
  260,20190423,  157,   95,  207,    0,    0
  260,20190424,  167,  102,  249,   35,   92
  260,20190425,  122,   84,  175,   19,   21
  260,20190426,  127,   88,  174,    0,    0
  260,20190427,   98,   67,  136,   48,   89
  260,20190428,   92,   50,  139,    5,    1
  260,20190429,  104,   20,  160,    0,    0
  260,20190430,  106,   61,  124,    0,    0
  260,20190501,   91,   39,  139,    0,    0
  260,20190502,   93,   26,  142,   29,   51
  260,20190503,   80,   48,  111,   48,   24
  260,20190504,   65,   27,  102,    7,    9
  260,20190505,   67,   29,  117,    8,    6
  260,20190506,   66,   11,  114,    1,    1
  260,20190507,   81,   19,  127,    3,    2
  260,20190508,  102,   75,  140,   11,   24
  260,20190509,  124,   68,  177,   17,   32
  260,20190510,  105,   67,  141,    8,   16
  260,20190511,   96,   50,  144,    0,    0
  260,20190512,   95,   32,  146,    0,    0
  260,20190513,   94,    4,  152,    0,    0
  260,20190514,  108,   26,  165,    0,    0
  260,20190515,  121,   42,  175,    0,    0
  260,20190516,  118,   42,  177,    0,   -1
  260,20190517,  120,   89,  154,    0,    0
  260,20190518,  155,   90,  211,    0,    0
  260,20190519,  151,  118,  210,    0,    0
  260,20190520,  133,  115,  160,    0,    0
  260,20190521,  118,  109,  132,    0,    0
  260,20190522,  133,   61,  191,    0,    0
  260,20190523,  150,   57,  216,    0,    0
  260,20190524,  150,   85,  219,    0,    0
  260,20190525,  134,   65,  189,    0,    0
  260,20190526,  159,   76,  206,   35,   88
  260,20190527,  143,  105,  180,    0,   -1
  260,20190528,  111,   47,  155,   57,  150
  260,20190529,  130,   25,  189,    0,   -1
  260,20190530,  168,  128,  219,    7,    2
  260,20190531,  172,  115,  204,    0,   -1
  260,20190601,  189,   97,  257,    0,    0
  260,20190602,  226,  128,  304,    0,    0
  260,20190603,  176,  136,  194,    0,    0
  260,20190604,  185,   90,  244,   10,  132
  260,20190605,  162,  116,  195,   24,  155
  260,20190606,  147,  105,  190,   27,   86
  260,20190607,  155,   86,  223,    8,   10
  260,20190608,  144,  115,  183,   16,   71
  260,20190609,  153,  100,  198,    0,   -1
  260,20190610,  178,  137,  224,    8,    6
  260,20190611,  156,  121,  199,    6,    1
  260,20190612,  140,   96,  177,   44,  214
  260,20190613,  142,  106,  184,   13,   27
  260,20190614,  170,   98,  239,    7,    7
  260,20190615,  158,  116,  197,   47,   95
  260,20190616,  170,  112,  216,    1,    1
  260,20190617,  192,  107,  255,    0,    0
  260,20190618,  207,  130,  272,    0,   -1
  260,20190619,  187,  145,  260,   28,  408
  260,20190620,  168,  118,  203,    1,    1
  260,20190621,  154,   89,  203,    0,   -1
  260,20190622,  169,   76,  228,    0,    0
  260,20190623,  226,  126,  285,    0,    0
  260,20190624,  252,  192,  310,    0,    0
  260,20190625,  263,  195,  332,    0,    0
  260,20190626,  191,  159,  229,    0,    0
  260,20190627,  164,  128,  204,    0,    0
  260,20190628,  182,  128,  243,    0,    0
  260,20190629,  226,  127,  311,    0,    0
  260,20190630,  207,  141,  240,    0,    0
  260,20190701,  180,  143,  209,    0,    0
  260,20190702,  173,  117,  217,    0,    0
  260,20190703,  150,   88,  202,    0,    0
  260,20190704,  164,   66,  228,    0,    0
  260,20190705,  188,  124,  232,    0,    0
  260,20190706,  164,  113,  229,   25,   22
  260,20190707,  140,   78,  181,    0,    0
  260,20190708,  138,   79,  167,    3,    3
  260,20190709,  147,   69,  204,    0,    0
  260,20190710,  147,   88,  187,   50,   39
  260,20190711,  188,  137,  238,    0,   -1
  260,20190712,  168,  131,  205,   33,  286
  260,20190713,  168,  145,  197,   13,   23
  260,20190714,  157,  137,  193,    2,    1
  260,20190715,  155,  134,  185,    0,   -1
  260,20190716,  157,  108,  191,    0,    0
  260,20190717,  175,   87,  248,    0,    0
  260,20190718,  190,  152,  227,    8,    7
  260,20190719,  194,  141,  243,    0,    0
  260,20190720,  194,  163,  236,   31,   84
  260,20190721,  185,  135,  226,    0,    0
  260,20190722,  206,  139,  264,    0,    0
  260,20190723,  241,  131,  319,    0,    0
  260,20190724,  264,  166,  364,    0,    0
  260,20190725,  288,  166,  375,    0,    0
  260,20190726,  288,  223,  372,    0,    0
  260,20190727,  228,  185,  288,    5,   22
  260,20190728,  195,  163,  242,    0,   -1
  260,20190729,  194,  139,  251,    0,    0
  260,20190730,  218,  123,  278,    0,    0
  260,20190731,  181,  158,  211,    4,   42
  260,20190801,  183,  153,  226,    9,   32
  260,20190802,  183,  144,  214,   20,   83
  260,20190803,  176,  124,  214,    0,    0
  260,20190804,  191,  109,  250,    0,    0
  260,20190805,  207,  172,  244,    0,   -1
  260,20190806,  191,  156,  236,    0,    0
  260,20190807,  191,  162,  230,    9,   35
  260,20190808,  185,  131,  236,    2,    3
  260,20190809,  199,  133,  242,   33,   72
  260,20190810,  202,  170,  237,    1,    2
  260,20190811,  182,  151,  216,    0,    0
  260,20190812,  160,  130,  217,   47,  143
  260,20190813,  146,  103,  184,   47,   93
  260,20190814,  164,  109,  211,   50,   59
  260,20190815,  172,  122,  208,   24,   37
  260,20190816,  174,  101,  215,   17,    6
  260,20190817,  174,  156,  192,   43,  130
  260,20190818,  168,  147,  199,    4,    2
  260,20190819,  164,  135,  210,    1,    2
  260,20190820,  155,   93,  205,    0,   -1
  260,20190821,  153,   81,  225,    0,    0
  260,20190822,  162,   80,  239,    0,    0
  260,20190823,  176,   88,  259,    0,    0
  260,20190824,  200,  104,  297,    0,    0
  260,20190825,  212,  113,  313,    0,    0
  260,20190826,  234,  135,  310,    0,    0
  260,20190827,  240,  158,  328,    0,    0
  260,20190828,  223,  166,  276,    0,   -1
  260,20190829,  185,  107,  226,    0,   -1
  260,20190830,  165,   96,  234,    0,    0
  260,20190831,  196,   93,  281,    0,   -1
  260,20190901,  164,  120,  206,    0,   -1
  260,20190902,  159,  103,  208,    0,    0
  260,20190903,  162,  111,  202,    0,   -1
  260,20190904,  150,  111,  178,   23,   86
  260,20190905,  134,   65,  174,    8,    9
  260,20190906,  140,   66,  185,   24,  101
  260,20190907,  138,  101,  179,   25,   27
  260,20190908,  129,   69,  182,    0,    0
  260,20190909,  114,   52,  180,    0,    0
  260,20190910,  124,   52,  193,    0,    0
  260,20190911,  149,   92,  175,   63,   54
  260,20190912,  184,  142,  219,    0,    0
  260,20190913,  165,   93,  210,   13,   11
  260,20190914,  132,   69,  210,    0,    0
  260,20190915,  152,   68,  226,    0,    0
  260,20190916,  134,   83,  162,   55,   43
  260,20190917,  116,   63,  179,    0,    0
  260,20190918,  109,   50,  176,    0,    0
  260,20190919,  116,   59,  176,    0,    0
  260,20190920,  119,   40,  188,    0,    0
  260,20190921,  158,   75,  237,    0,    0
  260,20190922,  186,  117,  265,   27,   46
  260,20190923,  160,  111,  195,   14,   10
  260,20190924,  150,  138,  174,   53,   56
  260,20190925,  153,  129,  171,    8,   11
  260,20190926,  159,  135,  183,   73,  156
  260,20190927,  155,  132,  184,   12,   10
  260,20190928,  155,  138,  175,   20,   60
  260,20190929,  150,  131,  169,  121,  221
  260,20190930,  143,  130,  175,   59,   87
  260,20191001,  151,  104,  183,   74,  171
  260,20191002,  105,   81,  141,    7,   10
  260,20191003,  114,   90,  147,    9,    7
  260,20191004,  106,   86,  145,   73,  119
  260,20191005,   99,   67,  140,    0,    0
  260,20191006,   90,   84,   96,   74,  101
  260,20191007,   99,   71,  122,   12,   12
  260,20191008,  132,  111,  152,   51,   56
  260,20191009,  117,  101,  136,   39,  185
  260,20191010,  125,   98,  156,    9,    7
  260,20191011,  147,  124,  169,   44,   19
  260,20191012,  124,  111,  168,  136,   67
  260,20191013,  163,  111,  220,   11,   62
  260,20191014,  150,  118,  182,    7,   15
  260,20191015,  150,  124,  170,   19,    4
  260,20191016,  131,  103,  144,   77,   87
  260,20191017,  131,   98,  162,   36,   10
  260,20191018,  125,  106,  145,    5,    3
  260,20191019,  120,  103,  145,   23,   13
  260,20191020,  109,   60,  138,    0,   -1
  260,20191021,  121,  106,  148,   35,   72
  260,20191022,  114,   58,  158,    0,   -1
  260,20191023,  115,   52,  158,    5,    1
  260,20191024,  146,  116,  196,    3,    8
  260,20191025,  138,  115,  154,    0,   -1
  260,20191026,  164,  116,  199,   22,   22
  260,20191027,   95,   41,  133,    4,    3
  260,20191028,   63,   17,  130,    0,   -1
  260,20191029,   60,    8,  121,    0,    0
  260,20191030,   45,    5,  104,    0,    0
  260,20191031,   34,   -6,  101,    0,    0
  260,20191101,   76,   -7,  134,   88,   35
  260,20191102,  132,  107,  147,   35,  116
  260,20191103,  105,   85,  125,   75,  135
  260,20191104,  103,   89,  125,   28,   32
  260,20191105,   92,   77,  109,   34,   43
  260,20191106,   84,   67,  114,    4,    3
  260,20191107,   78,   54,   96,   39,   56
  260,20191108,   49,   18,   97,    0,    0
  260,20191109,   68,   19,  107,    4,    2
  260,20191110,   24,  -13,   94,    0,    0
  260,20191111,   52,   -1,   79,   52,   83
  260,20191112,   52,   41,   73,   34,   52
  260,20191113,   60,   41,   80,   48,   87
  260,20191114,   57,   35,   78,    0,    0
  260,20191115,   43,   22,   56,    0,    0
  260,20191116,   39,    6,   62,    0,    0
  260,20191117,   47,    7,   81,   10,   12
  260,20191118,   66,   43,   83,   62,   54
  260,20191119,   46,  -11,   77,   28,   20
  260,20191120,   15,  -25,   66,    0,    0
  260,20191121,   30,   10,   55,    0,    0
  260,20191122,   67,   32,  107,    5,    3
  260,20191123,   60,   40,   82,    0,    0
  260,20191124,   48,    7,   99,    0,    0
  260,20191125,   72,   56,  106,    0,    0
  260,20191126,   96,   71,  115,   29,   19
  260,20191127,  104,   96,  119,   66,  116
  260,20191128,   93,   71,  107,  116,  142
  260,20191129,   43,  -11,   88,    1,    1
  260,20191130,    9,  -28,   92,    0,   -1
  260,20191201,    2,  -31,   40,    0,    0
  260,20191202,   45,  -28,   95,   15,   29
  260,20191203,   49,    6,   82,    0,    0
  260,20191204,   13,  -25,   69,    0,    0
  260,20191205,   16,  -21,   43,    6,    1
  260,20191206,   66,   41,   97,  144,  155
  260,20191207,   94,   85,  101,    3,    2
  260,20191208,   93,   68,  109,   39,   47
  260,20191209,   65,   40,   85,   40,   52
  260,20191210,   53,   19,   76,    0,   -1
  260,20191211,   64,   48,   78,   43,   41
  260,20191212,   45,   30,   58,   20,   19
  260,20191213,   48,   32,   71,   82,   55
  260,20191214,   60,   48,   81,   50,   57
  260,20191215,   72,   48,   88,   16,   18
  260,20191216,   70,   41,   86,   38,    8
  260,20191217,   99,   45,  147,   15,    9
  260,20191218,   68,   55,   87,    0,    0
  260,20191219,  106,   64,  135,   11,   11
  260,20191220,  103,   77,  125,   20,   10
  260,20191221,   72,   52,   85,    6,    2
  260,20191222,   78,   64,   91,  119,   78
  260,20191223,   79,   65,   92,    5,    3
  260,20191224,   83,   58,  104,   69,   90
  260,20191225,   78,   65,   94,   12,   18
  260,20191226,   58,   48,   69,   12,    4
  260,20191227,   33,  -15,   63,   20,   14
  260,20191228,   -1,  -34,   30,    0,    0
  260,20191229,   12,  -15,   34,    0,    0
  260,20191230,   46,   17,   79,    0,    0
  260,20191231,   42,    6,   88,    0,    0
  260,20200101,    8,   -2,   18,    0,    0
  260,20200102,   39,   13,   74,    0,    0
  260,20200103,   76,   43,   99,   58,   45
  260,20200104,   67,   40,   81,   23,   11
  260,20200105,   69,   59,   76,    1,    1
  260,20200106,   60,   35,   70,    5,    3
  260,20200107,   66,   43,   83,    0,   -1
  260,20200108,  104,   82,  117,   60,   35
  260,20200109,  115,   90,  130,   92,   60
  260,20200110,   68,   28,   99,   10,    6
  260,20200111,   60,   18,   74,    0,    0
  260,20200112,   75,   55,  101,   31,   18
  260,20200113,   78,   57,  107,    0,   -1
  260,20200114,  106,   90,  129,  102,  100
  260,20200115,   94,   62,  121,   49,   35
  260,20200116,   72,   32,  102,    0,    0
  260,20200117,   83,   54,  102,    6,    7
  260,20200118,   45,   26,   77,   13,   23
  260,20200119,   35,  -11,   82,    0,   -1
  260,20200120,   29,  -21,   70,    0,    0
  260,20200121,    7,  -14,   21,    0,    0
  260,20200122,   44,   16,   62,   30,    4
  260,20200123,   37,  -17,   68,   18,    4
  260,20200124,   23,   -6,   35,    0,    0
  260,20200125,   20,    9,   26,    0,    0
  260,20200126,   55,    5,   93,   13,    8
  260,20200127,   82,   70,   94,   52,   84
  260,20200128,   54,   38,   72,   44,   52
  260,20200129,   60,   44,   73,   10,    7
  260,20200130,   85,   64,  114,   43,    9
  260,20200131,  109,   89,  125,    5,    1
  260,20200201,  106,   86,  120,    5,    2
  260,20200202,   89,   65,  115,   62,   70
  260,20200203,   92,   64,  110,   17,   23
  260,20200204,   51,   12,   73,   35,   64
  260,20200205,   48,   -2,   84,    0,    0
  260,20200206,   50,   20,   96,    0,    0
  260,20200207,   39,   -9,   78,    0,    0
  260,20200208,   70,   30,   99,   28,    9
  260,20200209,  100,   77,  125,   47,  186
  260,20200210,   80,   48,  106,   21,   28
  260,20200211,   63,   49,   73,    1,    3
  260,20200212,   55,   33,   77,    1,    1
  260,20200213,   57,   31,   87,   87,  143
  260,20200214,   73,   56,   87,    8,    3
  260,20200215,  106,   75,  135,    4,    1
  260,20200216,  121,   81,  167,   64,  126
  260,20200217,   81,   66,  101,    9,   42
  260,20200218,   76,   37,   96,   20,   53
  260,20200219,   62,   45,   82,   41,   44
  260,20200220,   82,   47,  104,   52,   57
  260,20200221,   73,   40,   89,    0,    0
  260,20200222,   92,   69,  117,   18,    9
  260,20200223,   87,   54,  129,   93,  317
  260,20200224,   76,   36,  108,   76,  101
  260,20200225,   66,   19,  103,   24,   35
  260,20200226,   34,    4,   66,   74,  104
  260,20200227,   27,    1,   39,   74,   50
  260,20200228,   46,   19,   84,   66,   81
  260,20200229,   87,   52,  126,   16,   17
  260,20200301,   66,   46,   92,    0,   -1
  260,20200302,   55,   35,   78,   95,   87
  260,20200303,   44,    9,   88,   15,   27
  260,20200304,   65,   35,  105,    6,    9
  260,20200305,   55,   44,   68,  100,  118
  260,20200306,   62,   38,   85,   49,   19
  260,20200307,   66,   -8,  106,    0,    0
  260,20200308,   87,   71,  102,   14,    6
  260,20200309,   78,   63,  106,   26,   37
  260,20200310,  101,   63,  119,  147,  164
  260,20200311,  110,   92,  135,   69,   80
  260,20200312,   84,   58,  110,   27,   47
  260,20200313,   66,   17,   90,   29,   54
  260,20200314,   67,    4,  118,    5,    5
  260,20200315,   96,   77,  112,    0,    0
  260,20200316,   75,   22,  130,    0,    0
  260,20200317,   86,   12,  133,    0,    0
  260,20200318,  105,   67,  137,    0,    0
  260,20200319,   85,   69,   99,    0,    0
  260,20200320,   67,   34,   91,    0,   -1
  260,20200321,   46,    2,   92,    0,    0
  260,20200322,   46,   -2,   97,    0,    0
  260,20200323,   47,    0,  101,    0,    0
  260,20200324,   49,   -1,  105,    0,    0
  260,20200325,   55,  -43,  127,    0,    0
  260,20200326,   66,   12,  118,    0,    0
  260,20200327,   85,   22,  153,    0,    0
  260,20200328,   74,   41,  119,    0,   -1
  260,20200329,   47,    9,   74,    0,   -1
  260,20200330,   38,  -31,   97,    5,   20
  260,20200331,   41,  -12,   92,    0,    0
  260,20200401,   39,  -38,  100,    0,    0
  260,20200402,   70,    0,  113,    0,   -1
  260,20200403,   66,   -2,  103,    0,   -1
  260,20200404,   73,   -8,  146,    0,    0
  260,20200405,  126,   19,  196,    0,    0
  260,20200406,  143,   84,  230,    6,    1
  260,20200407,  122,   26,  193,    0,    0
  260,20200408,  150,   54,  245,    0,    0
  260,20200409,  133,   56,  205,    0,    0
  260,20200410,  115,   44,  185,    0,    0
  260,20200411,  122,   43,  215,    0,    0
  260,20200412,  140,   29,  230,    2,    1
  260,20200413,   78,   58,  111,    0,   -1
  260,20200414,   60,    6,  102,    0,   -1
  260,20200415,   85,  -10,  170,    0,    0
  260,20200416,  130,   39,  221,    0,    0
  260,20200417,  109,   57,  170,    0,    0
  260,20200418,  111,   50,  160,   18,   10
  260,20200419,  125,   73,  179,    0,   -1
  260,20200420,  127,   57,  183,    0,    0
  260,20200421,  139,   86,  189,    0,    0
  260,20200422,  152,   96,  215,    0,    0
  260,20200423,  158,   83,  232,    0,    0
  260,20200424,  124,   74,  182,    0,    0
  260,20200425,   98,   35,  143,    0,    0
  260,20200426,   90,    4,  167,    0,    0
  260,20200427,  124,   14,  207,    0,    0
  260,20200428,   94,   77,  113,   49,   17
  260,20200429,  117,   77,  155,   64,   25
  260,20200430,  115,   83,  161,   21,   73
  260,20200501,  105,   81,  142,   18,   29
  260,20200502,  103,   51,  139,   15,   39
  260,20200503,  110,   43,  169,   30,    7
  260,20200504,  108,   55,  152,   11,    4
  260,20200505,   92,   16,  148,    0,    0
  260,20200506,  106,   34,  168,    0,    0
  260,20200507,  120,   17,  207,    0,    0
  260,20200508,  145,   45,  229,    0,    0
  260,20200509,  171,   60,  247,    0,    0
  260,20200510,  129,   77,  225,    0,   -1
  260,20200511,   84,   37,  122,    5,    6
  260,20200512,   77,    7,  128,    0,    0
  260,20200513,   72,    2,  120,    2,    2
  260,20200514,   71,  -10,  128,    0,    0
  260,20200515,   85,  -12,  151,    0,    0
  260,20200516,   98,   23,  160,    0,    0
  260,20200517,  121,   16,  187,    0,    0
  260,20200518,  149,   59,  212,    0,    0
  260,20200519,  166,   86,  217,    0,    0
  260,20200520,  162,   95,  221,    0,    0
  260,20200521,  192,   88,  267,    0,    0
  260,20200522,  190,  147,  242,    8,    2
  260,20200523,  153,  127,  188,    0,    0
  260,20200524,  135,  121,  150,   43,   27
  260,20200525,  155,   82,  208,    0,    0
  260,20200526,  163,   64,  237,    0,    0
  260,20200527,  158,  104,  205,    0,    0
  260,20200528,  141,   68,  197,    0,    0
  260,20200529,  153,   64,  225,    0,    0
  260,20200530,  178,   95,  237,    0,    0
  260,20200531,  172,  111,  222,    0,    0
  260,20200601,  188,  120,  254,    0,    0
  260,20200602,  201,  111,  275,    0,    0
  260,20200603,  175,  130,  228,    0,    0
  260,20200604,  128,   83,  170,   33,   30
  260,20200605,   99,   75,  143,   50,  161
  260,20200606,  116,   83,  158,   26,   44
  260,20200607,  127,   99,  160,   14,   32
  260,20200608,  146,  114,  189,    3,    8
  260,20200609,  133,   87,  170,    0,    0
  260,20200610,  139,   62,  180,    6,    4
  260,20200611,  157,  131,  201,   27,   28
  260,20200612,  195,  144,  261,   24,   67
  260,20200613,  202,  153,  262,   24,   42
  260,20200614,  183,  153,  230,    5,    2
  260,20200615,  191,  152,  237,    0,    0
  260,20200616,  179,  144,  208,   41,   12
  260,20200617,  190,  125,  242,   26,   64
  260,20200618,  176,  131,  220,   48,  100
  260,20200619,  172,  110,  224,    0,    0
  260,20200620,  167,  111,  221,    0,   -1
  260,20200621,  186,  106,  245,    0,    0
  260,20200622,  178,  110,  224,    0,    0
  260,20200623,  197,   94,  267,    0,    0
  260,20200624,  233,  147,  294,    0,    0
  260,20200625,  240,  170,  294,    0,    0
  260,20200626,  242,  190,  301,   36,   34
  260,20200627,  206,  175,  248,   12,   21
  260,20200628,  179,  152,  214,    3,    1
  260,20200629,  160,  133,  190,    0,   -1
  260,20200630,  160,  141,  194,   82,  126
  260,20200701,  179,  158,  211,   19,   13
  260,20200702,  171,  148,  212,    7,   40
  260,20200703,  177,  141,  216,    0,   -1
  260,20200704,  165,  136,  181,  133,  100
  260,20200705,  179,  153,  213,   10,    4
  260,20200706,  149,  101,  183,   11,   63
  260,20200707,  146,   80,  192,   12,    3
  260,20200708,  146,  129,  169,   83,   50
  260,20200709,  167,  147,  177,   79,   71
  260,20200710,  146,   82,  185,   22,   24
  260,20200711,  141,   66,  197,    0,   -1
  260,20200712,  149,   67,  209,    0,    0
  260,20200713,  172,   76,  235,    0,    0
  260,20200714,  157,  116,  176,   47,   52
  260,20200715,  159,   85,  206,    0,   -1
  260,20200716,  163,  141,  197,   26,   19
  260,20200717,  183,  139,  227,    0,    0
  260,20200718,  194,  121,  258,    0,    0
  260,20200719,  179,  123,  244,   14,    6
  260,20200720,  161,  104,  202,    0,   -1
  260,20200721,  145,   75,  205,    0,    0
  260,20200722,  145,   73,  211,    0,    0
  260,20200723,  184,   93,  246,    0,    0
  260,20200724,  185,  145,  223,    3,    6
  260,20200725,  184,  139,  223,   62,   42
  260,20200726,  187,  139,  224,   15,   18
  260,20200727,  184,  134,  239,    0,   -1
  260,20200728,  179,  159,  206,    2,    1
  260,20200729,  162,  107,  202,    0,    0
  260,20200730,  183,   91,  251,    0,    0
  260,20200731,  245,  122,  320,    0,    0
  260,20200801,  206,  131,  252,    5,    4
  260,20200802,  168,  100,  216,    0,    0
  260,20200803,  154,   92,  212,   10,    3
  260,20200804,  164,   82,  221,    0,    0
  260,20200805,  206,  140,  283,    0,    0
  260,20200806,  223,  116,  310,    0,    0
  260,20200807,  247,  145,  340,    0,    0
  260,20200808,  264,  146,  346,    0,    0
  260,20200809,  267,  215,  326,    0,   -1
  260,20200810,  261,  188,  327,    0,    0
  260,20200811,  270,  213,  345,    0,    0
  260,20200812,  263,  204,  323,    6,    3
  260,20200813,  251,  191,  317,    8,    2
  260,20200814,  233,  184,  286,    2,    1
  260,20200815,  225,  186,  285,    8,    4
  260,20200816,  225,  165,  304,   16,  297
  260,20200817,  189,  154,  254,    5,   11
  260,20200818,  183,  132,  240,    1,    1
  260,20200819,  213,  130,  272,    0,   -1
  260,20200820,  232,  189,  280,   14,   35
  260,20200821,  239,  181,  285,    0,   -1
  260,20200822,  192,  167,  224,    5,   27
  260,20200823,  176,  150,  213,   19,   81
  260,20200824,  165,  114,  207,   25,   73
  260,20200825,  170,  124,  212,   22,   21
  260,20200826,  161,  130,  184,   74,   95
  260,20200827,  160,  116,  198,   14,   14
  260,20200828,  161,  127,  210,   25,  145
  260,20200829,  149,  121,  188,    6,   14
  260,20200830,  153,  110,  186,   27,   57
  260,20200831,  145,   92,  183,    0,    0
  260,20200901,  135,   90,  176,    0,    0
  260,20200902,  148,   79,  217,    0,    0
  260,20200903,  163,  107,  207,  110,  122
  260,20200904,  173,  138,  210,   20,   21
  260,20200905,  148,  104,  188,   24,   86
  260,20200906,  142,   90,  193,    9,   12
  260,20200907,  155,   80,  210,    0,    0
  260,20200908,  173,  151,  190,    0,   -1
  260,20200909,  168,   86,  209,    7,    5
  260,20200910,  132,   70,  198,    0,    0
  260,20200911,  137,   87,  200,    0,    0
  260,20200912,  142,   86,  191,    0,    0
  260,20200913,  164,  109,  225,    0,    0
  260,20200914,  186,   95,  285,    0,    0
  260,20200915,  212,  123,  314,    0,    0
  260,20200916,  184,  133,  235,    0,    0
  260,20200917,  135,   79,  190,    0,    0
  260,20200918,  145,   74,  213,    0,    0
  260,20200919,  154,   73,  233,    0,    0
  260,20200920,  149,   75,  228,    0,    0
  260,20200921,  149,   77,  253,    0,    0
  260,20200922,  141,   52,  236,    0,    0
  260,20200923,  162,   95,  218,   37,   80
  260,20200924,  137,  115,  175,   40,   67
  260,20200925,  109,   88,  135,   18,   44
  260,20200926,  128,   91,  162,   64,  110
  260,20200927,  142,  129,  163,   26,   34
  260,20200928,  128,  121,  137,   36,   28
  260,20200929,  151,  121,  193,   60,   28
  260,20200930,  153,  120,  184,   12,   17
  260,20201001,  131,   90,  156,   60,   76
  260,20201002,  129,   80,  160,    4,    1
  260,20201003,  126,   99,  147,   42,   66
  260,20201004,  119,  105,  148,   26,   17
  260,20201005,  122,  102,  144,   43,   58
  260,20201006,  128,  112,  148,   47,   87
  260,20201007,  124,  107,  150,   29,   41
  260,20201008,  131,  108,  159,   94,  134
  260,20201009,  118,   82,  153,   20,   52
  260,20201010,   87,   51,  129,   47,   99
  260,20201011,   94,   51,  137,    9,   44
  260,20201012,   94,   43,  145,    0,   -1
  260,20201013,   96,   66,  128,    0,    0
  260,20201014,   92,   60,  123,    0,    0
  260,20201015,   94,   59,  115,    0,    0
  260,20201016,   83,   46,  122,    0,    0
  260,20201017,   71,   20,  125,    0,   -1
  260,20201018,   88,   20,  134,    0,    0
  260,20201019,   94,   70,  132,    4,    2
  260,20201020,  117,   78,  144,   12,    3
  260,20201021,  154,  125,  203,   95,   86
  260,20201022,  139,  107,  161,    5,    5
  260,20201023,  120,   62,  159,    0,   -1
  260,20201024,  139,  117,  162,    6,    2
  260,20201025,  121,  100,  159,   14,   41
  260,20201026,  104,   86,  127,    3,    1
  260,20201027,  101,   75,  120,   24,   18
  260,20201028,  100,   83,  130,   77,  116
  260,20201029,  107,   78,  137,   77,   76
  260,20201030,  143,  133,  157,   50,   26
  260,20201031,  135,  109,  155,   22,   27
  260,20201101,  143,  105,  176,   30,   38
  260,20201102,  158,  106,  193,   20,   20
  260,20201103,   92,   66,  129,    6,    6
  260,20201104,   67,    9,  128,    0,    0
  260,20201105,   64,    6,  128,    0,    0
  260,20201106,   84,   46,  124,    0,    0
  260,20201107,   68,   35,  126,    0,    0
  260,20201108,   84,   18,  132,    0,   -1
  260,20201109,  121,   85,  169,    0,    0
  260,20201110,  124,   88,  164,    0,   -1
  260,20201111,  114,  102,  130,    0,    0
  260,20201112,  102,   66,  132,   21,  124
  260,20201113,   95,   49,  129,    3,    2
  260,20201114,  124,   83,  147,   19,   15
  260,20201115,  127,   98,  156,   49,   77
  260,20201116,  102,   89,  123,   27,   23
  260,20201117,  120,  106,  129,    7,    1
  260,20201118,  128,  109,  149,    7,    3
  260,20201119,   82,   37,  117,   23,   70
  260,20201120,   60,   35,   85,    1,    1
  260,20201121,   87,   55,  102,   12,    3
  260,20201122,   89,   51,  116,   41,   32
  260,20201123,   61,   11,  106,    0,    0
  260,20201124,   79,   51,  102,    0,    0
  260,20201125,   67,   37,   92,    0,    0
  260,20201126,   88,   74,   98,   86,   53
  260,20201127,   63,   35,   75,   32,   27
  260,20201128,   42,   33,   56,    0,    0
  260,20201129,    9,  -36,   37,    0,    0
  260,20201130,   24,  -42,   84,   82,   89
  260,20201201,   81,   64,   98,   43,   72
  260,20201202,   58,   52,   64,    0,   -1
  260,20201203,   55,   46,   62,  106,   37
  260,20201204,   50,   -8,   80,   24,   12
  260,20201205,   13,  -30,   56,    0,    0
  260,20201206,   18,  -18,   42,    0,   -1
  260,20201207,   42,   19,   55,  115,   83
  260,20201208,   18,  -16,   48,    0,    0
  260,20201209,    8,  -15,   31,    0,   -1
  260,20201210,    6,   -5,   29,    0,    0
  260,20201211,   26,   -3,   44,   54,   13
  260,20201212,   65,   42,   89,   31,   12
  260,20201213,   69,   57,   79,   23,   13
  260,20201214,   96,   65,  116,   37,   32
  260,20201215,   87,   50,  104,   14,    6
  260,20201216,   72,   46,   97,    9,    1
  260,20201217,   89,   64,  103,   59,   42
  260,20201218,   79,   56,  110,    0,    0
  260,20201219,   83,   51,  115,    7,    3
  260,20201220,   86,   69,   99,    0,    0
  260,20201221,   79,   43,  131,  131,  212
  260,20201222,  106,   86,  131,   58,   56
  260,20201223,  109,   86,  123,  105,  167
  260,20201224,   54,   32,   91,   46,   36
  260,20201225,   32,  -11,   66,    0,   -1
  260,20201226,   45,   25,   59,   29,   12
  260,20201227,   50,   32,   59,  151,  130
  260,20201228,   36,   13,   54,   49,   50
  260,20201229,   37,   25,   58,   63,   42
  260,20201230,   42,   24,   68,   20,    9
  260,20201231,   21,  -21,   40,   18,   29
  260,20210101,   30,  -35,   57,    0,    0
  260,20210102,   36,   31,   45,    9,    3
  260,20210103,   33,   28,   40,    6,    1
  260,20210104,   28,   23,   36,   35,   11
  260,20210105,   29,   21,   36,    5,    1
  260,20210106,   24,   13,   32,    6,    1
  260,20210107,   26,   12,   41,  152,   79
  260,20210108,   11,  -28,   44,   26,    4
  260,20210109,   -6,  -45,   65,    7,    5
  260,20210110,   16,  -34,   52,    0,   -1
  260,20210111,   50,   29,   70,   29,   12
  260,20210112,   52,   10,   83,   73,  159
  260,20210113,   43,   17,   62,   11,    8
  260,20210114,   12,   -7,   36,    0,    0
  260,20210115,   12,   -9,   24,    0,    0
  260,20210116,    8,   -9,   20,   46,   29
  260,20210117,   34,   -1,   79,   28,   22
  260,20210118,   48,   21,   66,    2,    2
  260,20210119,   77,   44,  105,  103,  156
  260,20210120,   90,   68,  109,    0,   -1
  260,20210121,   70,   33,  120,   74,  118
  260,20210122,   40,    9,   66,   16,    9
  260,20210123,   32,   11,   52,   21,    4
  260,20210124,   24,    0,   53,    2,    1
  260,20210125,   23,  -29,   60,   24,   29
  260,20210126,   45,   29,   70,    9,    9
  260,20210127,   47,   16,   71,   36,   13
  260,20210128,   51,   40,   67,   72,  102
  260,20210129,   74,   20,  101,   76,  100
  260,20210130,    4,  -27,   22,    0,    0
  260,20210131,  -15,  -54,   24,    0,   -1
  260,20210201,   10,    2,   22,   17,    2
  260,20210202,   50,    3,   99,   77,   50
  260,20210203,   86,   75,  100,   94,  150
  260,20210204,   66,   50,   84,   10,    4
  260,20210205,   68,   51,   92,   16,   19
  260,20210206,   26,  -16,   66,   46,   36
  260,20210207,  -41,  -52,  -15,  145,   43
  260,20210208,  -56,  -66,  -48,   38,   10
  260,20210209,  -44,  -76,  -10,    0,   -1
  260,20210210,  -37,  -61,   -6,    0,   -1
  260,20210211,  -48, -100,   -1,    0,    0
  260,20210212,  -58, -109,  -29,    0,   -1
  260,20210213,  -52, -106,   -6,    0,    0
  260,20210214,   -6,  -52,   30,    0,    0
  260,20210215,   29,    9,   49,   57,   47
  260,20210216,   73,   36,  110,   20,   12
  260,20210217,   95,   72,  115,    0,   -1
  260,20210218,   81,   54,  114,   50,   60
  260,20210219,   71,   33,  105,    0,    0
  260,20210220,  117,   81,  159,    0,   -1
  260,20210221,  107,   74,  169,    0,    0
  260,20210222,  122,   80,  162,    0,   -1
  260,20210223,  134,   85,  178,    0,    0
  260,20210224,  137,   86,  187,    0,    0
  260,20210225,  114,   81,  165,    0,   -1
  260,20210226,   65,   -4,  106,    0,   -1
  260,20210227,   43,   -5,   98,    0,    0
  260,20210228,   40,  -15,  106,    0,    0
  260,20210301,   55,   26,  110,    0,    0
  260,20210302,   63,    1,  145,    0,    0
  260,20210303,   45,    0,   99,    0,    0
  260,20210304,   42,   32,   58,    0,   -1
  260,20210305,   19,  -38,   66,    0,    0
  260,20210306,    7,  -54,   70,    0,    0
  260,20210307,   14,  -47,   56,    0,    0
  260,20210308,   54,   29,   88,   50,   28
  260,20210309,   51,   -6,   70,   45,   17
  260,20210310,   57,   -6,   98,   60,   36
  260,20210311,   94,   62,  120,   22,   16
  260,20210312,   71,   51,   85,   10,   26
  260,20210313,   69,   33,   89,   59,   77
  260,20210314,   67,   46,   88,   34,   23
  260,20210315,   66,   54,   86,   27,   30
  260,20210316,   56,   37,   76,  106,   52
  260,20210317,   50,    0,   80,    9,    4
  260,20210318,   44,   -5,   86,    0,   -1
  260,20210319,   46,    4,   95,    0,    0
  260,20210320,   43,  -22,   88,    5,    2
  260,20210321,   61,   23,   74,    5,    1
  260,20210322,   57,   10,   83,    0,    0
  260,20210323,   65,   15,  102,    0,    0
  260,20210324,   67,   -3,  144,    0,    0
  260,20210325,   82,   28,  131,    1,    1
  260,20210326,   97,   55,  140,   25,   17
  260,20210327,   69,   47,   94,   10,   14
  260,20210328,   97,   60,  129,    0,   -1
  260,20210329,  123,   64,  188,    0,    0
  260,20210330,  113,   17,  213,    0,    0
  260,20210331,  138,   31,  238,    0,    0
  260,20210401,   96,   40,  132,    0,    0
  260,20210402,   53,    1,   76,    0,   -1
  260,20210403,   72,   49,  108,    0,    0
  260,20210404,   63,   48,   96,    0,    0
  260,20210405,   42,    6,   85,   25,   16
  260,20210406,   25,    5,   57,   22,   26
  260,20210407,   34,    4,   72,   63,  113
  260,20210408,   55,    8,   92,    0,   -1
  260,20210409,   78,   45,  124,    0,    0
  260,20210410,   50,   22,   76,  120,  114
  260,20210411,   42,   -4,   79,   38,   12
  260,20210412,   35,   -6,   83,   12,    7
  260,20210413,   42,  -22,   96,    0,   -1
  260,20210414,   45,   -6,   96,    6,    9
  260,20210415,   53,    0,   97,    6,   13
  260,20210416,   65,  -19,  125,    0,    0
  260,20210417,   71,   -1,  121,    0,    0
  260,20210418,   84,   -2,  156,    0,    0
  260,20210419,   88,   43,  146,    0,   -1
  260,20210420,  109,   27,  175,    0,    0
  260,20210421,   81,   33,  127,    0,    0
  260,20210422,   67,    5,  118,    0,    0
  260,20210423,   71,  -17,  135,    0,    0
  260,20210424,   76,    4,  135,    0,    0
  260,20210425,   71,   36,  109,    0,    0
  260,20210426,   73,   18,  125,    0,    0
  260,20210427,   92,   10,  157,    0,    0
  260,20210428,  108,   38,  178,    0,    0
  260,20210429,   77,   63,   92,   97,   54
  260,20210430,   78,   54,  103,   77,   83
  260,20210501,   77,   19,  127,    0,   -1
  260,20210502,   68,   21,  110,    0,   -1
  260,20210503,   99,   11,  139,    7,    2
  260,20210504,   90,   63,  109,   63,   67
  260,20210505,   71,   44,  108,   37,   42
  260,20210506,   59,   26,  104,   29,   42
  260,20210507,   65,    8,  118,    9,   15
  260,20210508,  104,    7,  164,   37,   25
  260,20210509,  185,  114,  249,    9,   15
  260,20210510,  159,  124,  194,    9,   14
  260,20210511,  136,   94,  171,   32,   10
  260,20210512,  115,   58,  176,    6,   19
  260,20210513,  121,   37,  191,   40,   87
  260,20210514,  111,   76,  159,    6,    1
  260,20210515,  106,   77,  136,   24,   32
  260,20210516,  114,   81,  149,   24,   75
  260,20210517,  111,   71,  148,   48,  112
  260,20210518,  113,   58,  164,    2,    8
  260,20210519,  104,   63,  144,   27,   82
  260,20210520,  122,   50,  158,    0,   -1
  260,20210521,  132,  104,  167,    2,    1
  260,20210522,  105,   85,  125,   86,   70
  260,20210523,  117,   78,  149,    9,    9
  260,20210524,  112,   86,  148,  119,  162
  260,20210525,  102,   67,  142,   15,   29
  260,20210526,  108,   84,  140,   29,   84
  260,20210527,  105,   72,  135,   73,   41
  260,20210528,  126,   33,  191,    0,    0
  260,20210529,  125,   50,  172,    0,    0
  260,20210530,  149,   75,  214,    0,    0
  260,20210531,  167,   91,  230,    0,    0
  260,20210601,  185,   85,  252,    0,    0
  260,20210602,  210,  108,  273,    0,    0
  260,20210603,  207,  154,  253,    0,    0
  260,20210604,  200,  128,  257,   25,   12
  260,20210605,  157,  134,  186,    0,   -1
  260,20210606,  165,  103,  214,    0,    0
  260,20210607,  168,   78,  224,    0,    0
  260,20210608,  191,   98,  255,    0,    0
  260,20210609,  190,  109,  256,    0,    0
  260,20210610,  193,   98,  268,    0,    0
  260,20210611,  186,  120,  240,    0,    0
  260,20210612,  167,   96,  206,    0,   -1
  260,20210613,  166,   73,  236,    0,    0
  260,20210614,  203,  102,  274,    0,    0
  260,20210615,  183,  131,  231,    0,    0
  260,20210616,  216,  106,  289,    0,    0
  260,20210617,  240,  167,  308,    0,    0
  260,20210618,  224,  188,  295,   29,  178
  260,20210619,  181,  161,  203,   14,   90
  260,20210620,  186,  150,  225,    9,    7
  260,20210621,  140,  121,  162,   95,  108
  260,20210622,  145,  109,  179,   16,    5
  260,20210623,  146,  110,  172,   24,    7
  260,20210624,  150,   75,  191,    0,    0
  260,20210625,  148,   71,  187,   24,   13
  260,20210626,  198,  145,  249,    0,    0
  260,20210627,  208,  168,  270,   19,   68
  260,20210628,  203,  150,  244,    0,   -1
  260,20210629,  173,  135,  207,   26,   12
  260,20210630,  140,  132,  161,   76,   26
  260,20210701,  150,  130,  170,   21,    6
  260,20210702,  166,  116,  219,   14,    2
  260,20210703,  184,  108,  234,   22,   77
  260,20210704,  181,  131,  230,   38,   57
  260,20210705,  167,  145,  191,   30,   47
  260,20210706,  180,  151,  209,    8,    5
  260,20210707,  172,  117,  218,    0,    0
  260,20210708,  181,  115,  230,    0,    0
  260,20210709,  176,  106,  238,    0,    0
  260,20210710,  184,  130,  228,    0,   -1
  260,20210711,  188,  142,  234,    0,   -1
  260,20210712,  197,  128,  252,    0,   -1
  260,20210713,  188,  156,  206,    4,    5
  260,20210714,  188,  172,  210,   22,   12
  260,20210715,  178,  167,  186,   42,   63
  260,20210716,  180,  155,  217,    0,   -1
  260,20210717,  200,  135,  247,    0,    0
  260,20210718,  202,  127,  266,    0,    0
  260,20210719,  174,  117,  228,    0,    0
  260,20210720,  172,   92,  239,    0,    0
  260,20210721,  194,  107,  259,    0,    0
  260,20210722,  183,  134,  229,    0,    0
  260,20210723,  170,  108,  212,    0,    0
  260,20210724,  182,  133,  223,    7,    1
  260,20210725,  197,  152,  258,   25,  190
  260,20210726,  183,  141,  228,   35,  201
  260,20210727,  176,  151,  221,   31,  151
  260,20210728,  176,  150,  207,    9,   33
  260,20210729,  173,  132,  215,    6,    9
  260,20210730,  170,  110,  214,   11,   40
  260,20210731,  164,  121,  200,   27,   86
  260,20210801,  160,  112,  193,   12,   23
  260,20210802,  153,  103,  196,    0,   -1
  260,20210803,  143,   99,  186,   11,   64
  260,20210804,  161,   91,  214,   13,    6
  260,20210805,  183,  111,  233,    0,    0
  260,20210806,  188,  161,  219,    4,   21
  260,20210807,  170,  143,  223,   23,   77
  260,20210808,  163,  148,  198,   37,   84
  260,20210809,  166,  135,  205,    8,  121
  260,20210810,  168,  109,  222,    5,   19
  260,20210811,  174,  105,  236,    0,    0
  260,20210812,  190,  126,  252,    0,   -1
  260,20210813,  177,  133,  214,    0,    0
  260,20210814,  176,  132,  229,    0,    0
  260,20210815,  191,  133,  247,    0,    0
  260,20210816,  159,  131,  179,   20,   65
  260,20210817,  147,  122,  168,   38,   47
  260,20210818,  168,  148,  200,   13,   16
  260,20210819,  165,  126,  182,    6,    4
  260,20210820,  175,  120,  225,    0,   -1
  260,20210821,  187,  116,  233,   35,  119
  260,20210822,  179,  163,  202,   56,  188
  260,20210823,  182,  146,  220,    0,   -1
  260,20210824,  171,  125,  217,    0,    0
  260,20210825,  162,  107,  213,    4,    2
  260,20210826,  163,  122,  196,    3,    5
  260,20210827,  158,  131,  194,   10,   19
  260,20210828,  170,  142,  202,    2,   27
  260,20210829,  162,  150,  172,   22,   11
  260,20210830,  176,  148,  213,    0,    0
  260,20210831,  163,  110,  198,    0,    0
  260,20210901,  165,  144,  186,    0,    0
  260,20210902,  163,  122,  212,    0,    0
  260,20210903,  164,  114,  227,    0,    0
  260,20210904,  154,  115,  211,    0,    0
  260,20210905,  156,   94,  234,    0,    0
  260,20210906,  165,   79,  243,    0,    0
  260,20210907,  183,  111,  260,    0,    0
  260,20210908,  194,  114,  269,    0,    0
  260,20210909,  197,  127,  264,    0,    0
  260,20210910,  195,  169,  234,   21,   63
  260,20210911,  183,  160,  208,    8,   10
  260,20210912,  159,  101,  215,    0,    0
  260,20210913,  145,   91,  188,    0,    0
  260,20210914,  173,  117,  224,    7,   10
  260,20210915,  168,  142,  200,    0,   -1
  260,20210916,  162,  115,  203,    0,   -1
  260,20210917,  159,  103,  211,    0,    0
  260,20210918,  153,   86,  223,    0,    0
  260,20210919,  154,  118,  207,    0,    0
  260,20210920,  119,   55,  173,    0,    0
  260,20210921,  118,   37,  194,    0,    0
  260,20210922,  132,   61,  209,    0,    0
  260,20210923,  158,  115,  194,    0,   -1
  260,20210924,  179,  127,  216,    0,    0
  260,20210925,  169,  118,  219,    0,    0
  260,20210926,  177,  119,  237,    0,    0
  260,20210927,  154,  111,  208,   22,   49
  260,20210928,  140,   98,  192,    0,    0
  260,20210929,  118,   95,  154,   52,  146
  260,20210930,  123,   90,  141,    0,   -1
  260,20211001,  135,  118,  160,   39,   62
  260,20211002,  144,  119,  168,   54,   71
  260,20211003,  129,  116,  166,  131,  215
  260,20211004,  135,  104,  177,    0,    0
  260,20211005,  127,  104,  165,   34,   50
  260,20211006,  123,   79,  163,   90,  252
  260,20211007,  105,   64,  156,    0,    0
  260,20211008,  107,   53,  179,    0,    0
  260,20211009,   98,   41,  164,    0,    0
  260,20211010,  102,   22,  164,   11,    9
  260,20211011,  118,   63,  160,    4,    1
  260,20211012,  101,   43,  142,   54,   75
  260,20211013,  101,   38,  141,    0,   -1
  260,20211014,  137,  113,  162,    2,    4
  260,20211015,  105,   36,  148,   20,   33
  260,20211016,  103,   56,  138,    0,    0
  260,20211017,  113,   85,  143,    0,   -1
  260,20211018,  115,   68,  145,    0,   -1
  260,20211019,  163,  133,  194,   48,   12
  260,20211020,  156,  126,  180,   39,  144
  260,20211021,  100,   64,  146,   82,  145
  260,20211022,   84,   25,  128,   29,   41
  260,20211023,   73,   10,  121,    0,    0
  260,20211024,   79,   41,  133,    0,    0
  260,20211025,  107,   64,  130,   26,   14
  260,20211026,  126,   98,  147,    4,    5
  260,20211027,  134,  102,  167,    0,    0
  260,20211028,  114,   74,  164,    0,    0
  260,20211029,  131,   92,  178,    0,   -1
  260,20211030,  120,  102,  141,   96,  159
  260,20211031,  115,   85,  153,   35,  155
  260,20211101,   94,   58,  130,    7,    8
  260,20211102,   70,   26,   98,   25,    5
  260,20211103,   50,   18,   93,    0,    0
  260,20211104,   58,   27,  116,   17,   18
  260,20211105,   77,    9,  126,    0,   -1
  260,20211106,   97,   74,  115,   20,   15
  260,20211107,   99,   69,  123,   23,   19
  260,20211108,   81,   28,  124,    3,    2
  260,20211109,   82,   30,  113,    0,    0
  260,20211110,   89,   67,  104,    0,    0
  260,20211111,   97,   83,  109,    5,    1
  260,20211112,   74,   39,   95,    8,    2
  260,20211113,  109,   92,  133,   51,  114
  260,20211114,   97,   87,  105,    0,    0
  260,20211115,   66,   51,   88,    0,    0
  260,20211116,   51,   48,   59,    0,   -1
  260,20211117,   82,   59,  121,    4,    9
  260,20211118,  100,   62,  118,    0,    0
  260,20211119,  119,   96,  142,    0,    0
  260,20211120,  101,   89,  110,   63,   17
  260,20211121,   80,   52,  110,   20,   34
  260,20211122,   36,   -8,   92,    0,    0
  260,20211123,   64,    6,  111,    8,   14
  260,20211124,   61,   39,   75,    0,    0
  260,20211125,   55,   22,   92,   15,   16
  260,20211126,   44,   36,   56,   95,   98
  260,20211127,   30,   25,   38,  169,  180
  260,20211128,   22,  -13,   42,   13,    5
  260,20211129,   43,   15,   75,   12,   11
  260,20211130,   86,   40,  104,  183,  197
  260,20211201,   80,   46,  106,   73,   65
  260,20211202,   23,  -18,   52,   38,   53
  260,20211203,   35,   10,   47,    5,    1
  260,20211204,   49,   43,   57,   46,   42
  260,20211205,   43,   25,   54,    0,   -1
  260,20211206,   30,    5,   39,   62,   75
  260,20211207,   40,    7,   60,   57,   47
  260,20211208,   51,   19,   70,    5,    2
  260,20211209,   36,   13,   54,    0,   -1
  260,20211210,   30,  -12,   48,    7,    1
  260,20211211,   43,  -10,   86,   23,   11
  260,20211212,   89,   53,  111,   81,   37
  260,20211213,   97,   86,  106,    0,    0
  260,20211214,   90,   78,  101,   19,    5
  260,20211215,   98,   77,  110,    0,    0
  260,20211216,   65,   26,  118,    0,    0
  260,20211217,   77,   65,   86,    0,   -1
  260,20211218,   62,   47,   79,    7,    1
  260,20211219,   68,   58,   73,   10,    3
  260,20211220,   35,  -33,   73,    0,   -1
  260,20211221,  -22,  -55,   47,    0,    0
  260,20211222,  -24,  -61,    0,    0,    0
  260,20211223,   23,  -13,   77,   37,   14
  260,20211224,   78,   40,  100,   90,   55
  260,20211225,  -10,  -46,   40,    0,   -1
  260,20211226,  -10,  -50,   24,    0,   -1
  260,20211227,   56,   22,   90,   32,   12
  260,20211228,   88,   73,  107,   64,   58
  260,20211229,   95,   84,  121,   69,   50
  260,20211230,  129,  100,  139,   22,   16
  260,20211231,  128,  111,  144,    0,   -1
  260,20220101,  123,  109,  132,   10,    3
  260,20220102,  117,  102,  130,   52,  132
  260,20220103,   97,   88,  110,    0,   -1
  260,20220104,   65,   32,   89,    7,    3
  260,20220105,   51,   23,   76,   55,   54
  260,20220106,   37,  -11,   65,    0,   -1
  260,20220107,   37,    7,   67,   45,   33
  260,20220108,   29,  -26,   62,  115,  147
  260,20220109,   46,  -15,   77,   10,   25
  260,20220110,   17,  -25,   69,    0,    0
  260,20220111,   23,    2,   52,   23,    6
  260,20220112,   40,   31,   50,    9,    2
  260,20220113,   43,   33,   53,    0,    0
  260,20220114,   46,   32,   60,    0,    0
  260,20220115,   23,    8,   43,    0,   -1
  260,20220116,   53,   15,   73,    0,   -1
  260,20220117,   64,   21,   91,    0,    0
  260,20220118,   34,    1,   64,    0,    0
  260,20220119,   36,  -18,   71,   20,    8
  260,20220120,   35,   -9,   61,   16,   18
  260,20220121,   41,   -7,   70,    0,   -1
  260,20220122,   64,   56,   76,    0,   -1
  260,20220123,   61,   47,   73,    0,   -1
  260,20220124,   45,   37,   57,    0,    0
  260,20220125,   30,   24,   38,    0,    0
  260,20220126,   42,   23,   60,    0,    0
  260,20220127,   70,   50,   96,   23,   35
  260,20220128,   66,   45,   90,    0,    0
  260,20220129,   91,   64,  117,   19,    5
  260,20220130,   60,   43,   84,    0,   -1
  260,20220131,   57,   35,   71,  111,  102
  260,20220201,   74,   34,   99,   53,   35
  260,20220202,   87,   71,  107,   11,    5
  260,20220203,   76,   69,   85,   18,    7
  260,20220204,   67,   38,   91,   37,   61
  260,20220205,   64,   34,   81,   60,   96
  260,20220206,   74,   40,   94,  113,  249
  260,20220207,   63,   29,   83,    2,    6
  260,20220208,  100,   72,  125,    2,    1
  260,20220209,   89,   83,  100,   35,    8
  260,20220210,   68,   42,   85,   24,   17
  260,20220211,   38,  -24,   77,   10,   17
  260,20220212,   26,  -36,   73,    0,    0
  260,20220213,   61,   10,  103,    0,    0
  260,20220214,   90,   59,  114,   14,   19
  260,20220215,   75,   55,   92,   61,   68
  260,20220216,  111,   83,  132,   95,  103
  260,20220217,   90,   68,  124,    3,    4
  260,20220218,   84,   60,  123,   26,   27
  260,20220219,   61,   45,   84,   36,   84
  260,20220220,   82,   42,  107,  163,  342
  260,20220221,   65,   41,   82,   43,   95
  260,20220222,   71,   37,  105,   27,   43
  260,20220223,   80,   41,  113,    0,    0
  260,20220224,   62,   27,  101,   27,   27
  260,20220225,   47,   -7,   86,   18,   18
  260,20220226,   22,  -27,   87,    0,    0
  260,20220227,   42,  -20,   92,    0,    0
  260,20220228,   45,    1,   95,    0,    0
  260,20220301,   52,   18,   83,    8,    3
  260,20220302,   56,   13,  117,    0,    0
  260,20220303,   50,  -25,  117,    0,    0
  260,20220304,   42,   -9,  110,    0,    0
  260,20220305,   26,  -33,   87,    0,    0
  260,20220306,   24,  -19,   64,    0,    0
  260,20220307,   23,  -44,   77,    0,    0
  260,20220308,   49,   -8,  101,    0,    0
  260,20220309,   61,   -4,  132,    0,    0
  260,20220310,   85,    3,  153,    0,    0
  260,20220311,  101,   56,  144,    0,    0
  260,20220312,  112,   72,  151,    0,   -1
  260,20220313,  121,   85,  165,    0,   -1
  260,20220314,   90,   30,  135,    0,   -1
  260,20220315,   74,   24,  141,    0,    0
  260,20220316,   91,   11,  132,    0,   -1
  260,20220317,   76,    0,  118,    8,    4
  260,20220318,   78,  -17,  153,    0,    0
  260,20220319,   88,   37,  141,    0,    0
  260,20220320,   45,  -11,   87,    0,   -1
  260,20220321,   77,  -19,  163,    0,    0
  260,20220322,  103,   24,  196,    0,    0
  260,20220323,   98,    0,  193,    0,    0
  260,20220324,   94,    5,  183,    0,    0
  260,20220325,   86,   -8,  167,    0,    0
  260,20220326,  104,   14,  174,    0,    0
  260,20220327,  103,   58,  164,    0,    0
  260,20220328,   83,   26,  143,    0,    0
  260,20220329,   82,   44,  140,    0,    0
  260,20220330,   60,    4,  106,   10,    7
  260,20220331,   19,    0,   45,  144,  128
  260,20220401,   21,   -3,   47,   64,   49
  260,20220402,   24,  -32,   63,    0,   -1
  260,20220403,   30,  -40,   85,    0,   -1
  260,20220404,   71,   33,  107,  163,  207
  260,20220405,  100,   75,  119,   62,   32
  260,20220406,   97,   88,  107,   51,   34
  260,20220407,   80,   42,  113,   90,  192
  260,20220408,   63,   33,   88,    3,    4
  260,20220409,   58,   22,   96,   22,   54
  260,20220410,   62,   13,  119,    0,   -1
  260,20220411,   91,    2,  150,    0,    0
  260,20220412,  138,   65,  206,    0,    0
  260,20220413,  131,   90,  166,    4,    1
  260,20220414,  121,   55,  187,    0,    0
  260,20220415,   98,   76,  126,    0,    0
  260,20220416,  105,   46,  165,    0,    0
  260,20220417,  108,   29,  176,    0,    0
  260,20220418,  120,   51,  193,    0,    0
  260,20220419,  123,   26,  191,    0,    0
  260,20220420,  122,   52,  177,    0,    0
  260,20220421,  126,   49,  181,    0,    0
  260,20220422,  131,   87,  178,    0,    0
  260,20220423,  136,   93,  187,    0,    0
  260,20220424,  120,   77,  175,    0,    0
  260,20220425,   86,   69,  105,   41,   38
  260,20220426,   92,   24,  138,    0,   -1
  260,20220427,   75,    2,  136,    0,    0
  260,20220428,   88,    2,  152,    0,    0
  260,20220429,   88,   54,  131,    0,    0
  260,20220430,   79,   13,  125,    0,    0
  260,20220501,   91,    3,  156,    0,    0
  260,20220502,  108,   17,  177,    0,    0
  260,20220503,   97,   25,  159,    0,    0
  260,20220504,  103,   39,  161,    0,    0
  260,20220505,  121,   38,  194,    0,    0
  260,20220506,  137,   84,  210,    0,    0
  260,20220507,  147,   94,  206,    0,    0
  260,20220508,  119,   71,  170,    0,    0
  260,20220509,  143,   31,  227,    0,    0
  260,20220510,  171,   95,  238,    0,   -1
  260,20220511,  164,  109,  211,   10,   20
  260,20220512,  142,   95,  194,    0,    0
  260,20220513,  145,  109,  183,    0,    0
  260,20220514,  156,   95,  217,    0,    0
  260,20220515,  183,   73,  250,    0,    0
  260,20220516,  178,  135,  245,    5,   11
  260,20220517,  185,  110,  252,    0,   -1
  260,20220518,  192,  123,  247,    0,    0
  260,20220519,  169,   94,  230,   35,  226
  260,20220520,  133,   75,  201,   34,  190
  260,20220521,  140,   75,  176,    0,    0
  260,20220522,  156,   58,  214,    0,    0
  260,20220523,  158,  124,  219,   43,  200
  260,20220524,  133,   79,  175,   10,   14
  260,20220525,  137,   69,  178,    8,    3
  260,20220526,  161,  137,  190,    6,    3
  260,20220527,  138,  108,  159,    3,    3
  260,20220528,  119,   55,  162,    6,    2
  260,20220529,  104,   52,  142,    9,    5
  260,20220530,  104,   43,  147,    0,    0
  260,20220531,  119,   61,  182,   27,   36
  260,20220601,  126,   66,  165,   11,   10
  260,20220602,  137,   46,  196,    0,    0
  260,20220603,  173,  103,  237,    0,    0
  260,20220604,  168,  113,  227,    0,    0
  260,20220605,  164,  130,  214,   97,  259
  260,20220606,  139,  124,  181,   57,  114
  260,20220607,  155,  129,  196,    0,   -1
  260,20220608,  156,  133,  188,   56,   96
  260,20220609,  164,  103,  202,    2,   11
  260,20220610,  177,  102,  221,    0,   -1
  260,20220611,  179,  120,  219,    0,    0
  260,20220612,  160,  102,  210,    0,    0
  260,20220613,  144,   79,  182,    0,   -1
  260,20220614,  152,   60,  211,    0,    0
  260,20220615,  178,   80,  239,    0,    0
  260,20220616,  178,   85,  244,    0,    0
  260,20220617,  221,  120,  289,    0,    0
  260,20220618,  212,  147,  270,    0,    0
  260,20220619,  148,  124,  176,   24,   18
  260,20220620,  150,   82,  191,    0,    0
  260,20220621,  157,   66,  222,    0,    0
  260,20220622,  186,   87,  252,    0,    0
  260,20220623,  228,  129,  298,    0,   -1
  260,20220624,  190,  165,  234,   40,  201
  260,20220625,  184,  154,  230,   36,   52
  260,20220626,  175,  149,  208,    0,   -1
  260,20220627,  162,  123,  199,   28,   63
  260,20220628,  176,  103,  230,    0,    0
  260,20220629,  206,  115,  269,    0,    0
  260,20220630,  178,  138,  236,   28,   95
  260,20220701,  162,  113,  205,    0,    0
  260,20220702,  181,  102,  239,    0,   -1
  260,20220703,  167,  107,  211,    2,    6
  260,20220704,  165,   94,  221,    0,    0
  260,20220705,  157,   98,  207,    0,    0
  260,20220706,  168,   90,  217,    0,   -1
  260,20220707,  164,  146,  189,    9,    6
  260,20220708,  179,   97,  235,    0,    0
  260,20220709,  171,  123,  217,    0,    0
  260,20220710,  173,  129,  211,    0,    0
  260,20220711,  181,  123,  234,    0,    0
  260,20220712,  208,  105,  268,    6,    5
  260,20220713,  215,  136,  272,    0,    0
  260,20220714,  172,   98,  225,    0,    0
  260,20220715,  170,   84,  220,    0,    0
  260,20220716,  172,   96,  216,    0,    0
  260,20220717,  178,   80,  260,    0,    0
  260,20220718,  223,  106,  322,    0,    0
  260,20220719,  269,  142,  355,    0,    0
  260,20220720,  237,  183,  277,   10,    3
  260,20220721,  177,  156,  198,   62,   80
  260,20220722,  175,  127,  207,    0,   -1
  260,20220723,  183,  103,  251,    0,    0
  260,20220724,  228,  135,  294,    0,    0
  260,20220725,  210,  174,  245,    0,   -1
  260,20220726,  171,  105,  202,   14,   39
  260,20220727,  158,   88,  209,    0,    0
  260,20220728,  172,  115,  223,    0,    0
  260,20220729,  189,  145,  245,    0,    0
  260,20220730,  192,  110,  244,    0,   -1
  260,20220731,  191,  161,  220,   31,   19
  260,20220801,  181,  112,  228,   18,   19
  260,20220802,  210,  116,  277,    0,    0
  260,20220803,  230,  171,  295,    0,    0
  260,20220804,  214,  165,  264,    0,    0
  260,20220805,  174,   86,  216,    0,    0
  260,20220806,  157,   72,  227,    0,    0
  260,20220807,  166,   84,  231,    0,    0
  260,20220808,  173,   95,  234,    0,    0
  260,20220809,  194,  112,  257,    0,    0
  260,20220810,  223,  141,  300,    0,    0
  260,20220811,  240,  141,  316,    0,    0
  260,20220812,  238,  156,  323,    0,    0
  260,20220813,  224,  121,  310,    0,    0
  260,20220814,  240,  136,  322,    0,    0
  260,20220815,  224,  175,  262,    0,   -1
  260,20220816,  211,  146,  274,    0,    0
  260,20220817,  194,  175,  212,   59,  428
  260,20220818,  199,  150,  243,    0,   -1
  260,20220819,  193,  132,  242,    0,   -1
  260,20220820,  188,  118,  239,    0,   -1
  260,20220821,  177,  108,  245,    0,    0
  260,20220822,  199,  152,  258,    0,    0
  260,20220823,  217,  156,  285,    0,    0
  260,20220824,  231,  152,  302,    0,    0
  260,20220825,  242,  175,  326,    0,    0
  260,20220826,  192,  157,  209,    0,   -1
  260,20220827,  168,  106,  223,    0,    0
  260,20220828,  156,   82,  220,    0,    0
  260,20220829,  169,   99,  225,    0,    0
  260,20220830,  185,  138,  235,    0,    0
  260,20220831,  184,  139,  238,    0,    0
  260,20220901,  187,  119,  247,    0,    0
  260,20220902,  197,  136,  260,    0,    0
  260,20220903,  195,  132,  268,    0,    0
  260,20220904,  189,  125,  269,    0,    0
  260,20220905,  211,  114,  297,   11,    2
  260,20220906,  209,  153,  272,   28,  100
  260,20220907,  187,  144,  244,   22,   59
  260,20220908,  174,  145,  223,   51,  134
  260,20220909,  158,  129,  182,   14,   16
  260,20220910,  169,  119,  212,   18,   42
  260,20220911,  157,  101,  226,    0,    0
  260,20220912,  174,  103,  244,    0,   -1
  260,20220913,  181,  137,  227,    0,   -1
  260,20220914,  155,  117,  203,    0,   -1
  260,20220915,  149,  107,  197,    8,   26
  260,20220916,  125,  104,  162,   37,   79
  260,20220917,  124,   99,  169,   30,   53
  260,20220918,  111,   86,  133,   90,  147
  260,20220919,  125,   79,  166,   12,   18
  260,20220920,  122,   72,  166,    0,    0
  260,20220921,  103,   45,  180,    0,    0
  260,20220922,  109,   33,  190,    0,    0
  260,20220923,  134,   66,  180,   24,    8
  260,20220924,  127,   71,  146,  117,   74
  260,20220925,  113,   47,  174,    0,   -1
  260,20220926,  115,   99,  135,  107,  174
  260,20220927,   91,   73,  112,   65,   92
  260,20220928,   95,   42,  149,    0,   -1
  260,20220929,   79,   25,  158,    0,    0
  260,20220930,  113,   27,  172,   29,   56
  260,20221001,  142,  110,  180,   41,  124
  260,20221002,  132,   62,  183,    4,   11
  260,20221003,  111,   44,  174,    0,    0
  260,20221004,  143,   86,  184,    0,    0
  260,20221005,  157,  130,  183,   10,   17
  260,20221006,  123,   65,  174,    0,    0
  260,20221007,  134,   70,  171,    0,   -1
  260,20221008,  113,   43,  161,    6,    2
  260,20221009,   97,   33,  165,    0,    0
  260,20221010,   96,   33,  157,   11,    4
  260,20221011,   84,   18,  167,    0,    0
  260,20221012,   89,   25,  155,    0,   -1
  260,20221013,  120,   63,  149,    5,    1
  260,20221014,  126,   81,  161,   47,   28
  260,20221015,  136,   91,  164,   30,   32
  260,20221016,  145,  125,  178,   21,   15
  260,20221017,  155,  125,  178,   44,   81
  260,20221018,  112,   42,  182,    0,    0
  260,20221019,   88,   17,  146,    0,    0
  260,20221020,  122,   74,  156,   26,   33
  260,20221021,  149,  118,  197,    7,   24
  260,20221022,  137,   97,  182,    0,    0
  260,20221023,  151,  102,  186,    4,    4
  260,20221024,  152,  126,  167,    8,    4
  260,20221025,  137,   99,  172,    0,    0
  260,20221026,  150,  103,  194,    3,    3
  260,20221027,  157,  128,  194,    0,   -1
  260,20221028,  160,  103,  205,    0,    0
  260,20221029,  158,   93,  211,    0,    0
  260,20221030,  144,  103,  202,    0,    0
  260,20221031,  128,   67,  162,    9,    1
  260,20221101,  147,  117,  169,   22,   25
  260,20221102,  123,  102,  147,   10,   17
  260,20221103,  126,  108,  162,   46,   70
  260,20221104,   89,   52,  125,   15,   23
  260,20221105,   90,   34,  123,    0,   -1
  260,20221106,  104,   81,  126,   53,   72
  260,20221107,  130,  109,  143,   11,    3
  260,20221108,  131,  107,  154,    0,    0
  260,20221109,  123,  100,  141,    7,    6
  260,20221110,  115,   93,  147,    0,   -1
  260,20221111,   91,   30,  129,    0,    0
  260,20221112,   75,   24,  162,    0,    0
  260,20221113,   69,   17,  161,    0,    0
  260,20221114,   55,   11,   93,    0,    0
  260,20221115,  107,   63,  127,   65,   85
  260,20221116,  106,   92,  123,   51,   59
  260,20221117,  101,   80,  112,  113,  186
  260,20221118,   76,   37,  105,   36,   18
  260,20221119,    4,  -51,   38,    0,   -1
  260,20221120,   -9,  -70,   28,   76,   93
  260,20221121,   51,   14,   86,   60,   69
  260,20221122,   66,   48,   85,    0,   -1
  260,20221123,   83,   73,   98,   29,   33
  260,20221124,   89,   74,  114,   21,   26
  260,20221125,   84,   28,  121,   32,   62
  260,20221126,   66,   23,  105,    0,    0
  260,20221127,   65,   56,   78,  111,  106
  260,20221128,   86,   69,  100,   57,   18
  260,20221129,   73,   51,   92,    6,    5
  260,20221130,   56,   -1,   89,   10,    5
  260,20221201,   35,  -10,   70,    0,    0
  260,20221202,   26,   19,   38,    0,    0
  260,20221203,   12,   -1,   25,    0,   -1
  260,20221204,   11,    0,   30,    0,    0
  260,20221205,   49,   30,   56,    0,   -1
  260,20221206,   50,    9,   75,   14,   12
  260,20221207,   39,   15,   69,    3,    1
  260,20221208,   24,   -5,   40,   71,   72
  260,20221209,    3,  -19,   22,    0,   -1
  260,20221210,   -5,  -16,   11,    0,    0
  260,20221211,   13,    5,   20,    0,    0
  260,20221212,  -23,  -62,    8,    0,    0
  260,20221213,  -42,  -76,  -14,    0,    0
  260,20221214,  -44,  -77,    6,    0,    0
  260,20221215,  -27,  -76,   30,    2,    3
  260,20221216,   -9,  -54,   37,    0,    0
  260,20221217,  -18,  -42,   -3,    0,    0
  260,20221218,  -24,  -64,    7,   43,   22
  260,20221219,   77,    7,  102,   92,   55
  260,20221220,  100,   83,  112,   99,   75
  260,20221221,   79,   65,   92,   17,    7
  260,20221222,   87,   69,  101,   70,   55
  260,20221223,   95,   84,  111,   77,  118
  260,20221224,   91,   69,  110,    3,    2
  260,20221225,   86,   76,   93,  112,   88
  260,20221226,   70,   39,   98,   11,    7
  260,20221227,   57,   39,   73,   18,   10
  260,20221228,   92,   60,  114,   65,   43
  260,20221229,   92,   65,  117,   27,   35
  260,20221230,   85,   46,  129,   67,   52
  260,20221231,  140,  104,  159,  110,  212
  260,20230101,  124,  104,  156,   48,   61
  260,20230102,   88,   43,  128,   28,   38
  260,20230103,   63,   11,   91,   15,   13
  260,20230104,  116,   85,  128,   87,  125
  260,20230105,  108,   96,  120,   12,    8
  260,20230106,  106,   93,  117,   25,   17
  260,20230107,  104,   84,  117,   17,   40
  260,20230108,   84,   66,  101,    9,    4
  260,20230109,   70,   50,   88,   36,   36
  260,20230110,   70,   51,  104,   68,   65
  260,20230111,  100,   84,  116,   52,   61
  260,20230112,  103,   87,  114,  186,  400
  260,20230113,   87,   66,   98,   25,   39
  260,20230114,   84,   57,  115,  117,  155
  260,20230115,   62,   43,   78,   19,   20
  260,20230116,   41,   28,   54,  116,  110
  260,20230117,   14,  -15,   48,    9,   11
  260,20230118,   17,  -35,   51,   26,   49
  260,20230119,   30,   -1,   62,   39,   64
  260,20230120,    4,   -7,   15,   43,   80
  260,20230121,  -14,  -39,    1,    0,    0
  260,20230122,    4,  -22,   15,    0,    0
  260,20230123,   26,   12,   41,    0,   -1
  260,20230124,   17,    3,   31,    0,    0
  260,20230125,   -7,  -13,    3,    0,   -1
  260,20230126,   41,   -5,   81,   32,    5
  260,20230127,   40,   24,   54,    0,    0
  260,20230128,   32,   15,   62,    0,    0
  260,20230129,   43,   30,   66,    0,   -1
  260,20230130,   67,   36,   86,   21,   23
  260,20230131,   64,   32,   97,    0,   -1
  260,20230201,   78,   56,   90,    8,   10
  260,20230202,   83,   65,   94,   49,   28
  260,20230203,   92,   75,  107,    4,    1
  260,20230204,   73,   41,   99,    3,    1
  260,20230205,   65,   27,   83,   11,   11
  260,20230206,   31,  -18,   86,    0,    0
  260,20230207,   -3,  -46,   59,    0,    0
  260,20230208,    1,  -54,   67,    0,    0
  260,20230209,   18,  -18,   53,    0,    0
  260,20230210,   36,  -30,   80,    0,   -1
  260,20230211,   77,   53,  104,    0,    0
  260,20230212,   71,   61,   84,    0,    0
  260,20230213,   67,    1,  115,    0,    0
  260,20230214,   40,   -8,  122,    0,    0
  260,20230215,   53,   -9,  112,    0,    0
  260,20230216,   83,   47,  110,   47,   24
  260,20230217,  104,   88,  119,    2,    1
  260,20230218,  103,   86,  123,   56,   49
  260,20230219,   78,   51,  100,   25,   15
  260,20230220,   81,   59,   92,    0,    0
  260,20230221,   79,   60,   88,    0,   -1
  260,20230222,   70,   43,   95,    9,    8
  260,20230223,   64,   -1,   92,   23,   11
  260,20230224,   44,  -16,   82,   29,   28
  260,20230225,   35,  -21,   72,    7,   24
  260,20230226,   25,  -16,   65,    0,   -1
  260,20230227,   17,  -44,   73,    0,    0
  260,20230228,   23,  -37,   68,    8,    1
  260,20230301,   16,  -58,   78,    0,    0
  260,20230302,   35,   -5,   89,    0,    0
  260,20230303,   43,    1,   79,    0,    0
  260,20230304,   58,   37,   78,    4,    3
  260,20230305,   40,   18,   64,    6,    3
  260,20230306,   40,   12,   68,   54,   31
  260,20230307,   21,  -12,   51,  101,   59
  260,20230308,    4,  -25,   30,   91,   22
  260,20230309,   16,    3,   25,  108,  114
  260,20230310,   17,    0,   26,  140,  144
  260,20230311,   17,  -43,   71,    0,    0
  260,20230312,   70,   14,  116,   34,   15
  260,20230313,  127,   91,  166,   34,   51
  260,20230314,   66,   13,  108,   54,   86
  260,20230315,   49,    5,   88,    0,   -1
  260,20230316,   86,   44,  141,    8,    2
  260,20230317,  116,   72,  164,    0,    0
  260,20230318,  122,   91,  154,   10,    6
  260,20230319,   94,   78,  126,    0,    0
  260,20230320,   83,   66,   97,   85,   31
  260,20230321,  106,   88,  133,   50,   20
  260,20230322,  108,   92,  120,   43,   19
  260,20230323,  127,  105,  153,   78,  119
  260,20230324,  113,   97,  140,   25,   17
  260,20230325,   94,   77,  126,   37,   67
  260,20230326,   72,   28,   91,   47,   59
  260,20230327,   44,    6,   81,    6,   14
  260,20230328,   45,  -19,   89,   22,    4
  260,20230329,  106,   56,  142,    0,   -1
  260,20230330,  129,   99,  154,    2,    1
  260,20230331,  107,   98,  130,  144,  119
  260,20230401,   93,   63,  117,  124,  132
  260,20230402,   58,   24,  100,    0,    0
  260,20230403,   46,   -4,   98,    0,    0
  260,20230404,   47,  -28,  109,    0,    0
  260,20230405,   48,  -25,  116,    0,    0
  260,20230406,   67,    7,   88,   96,   62
  260,20230407,   86,   72,  102,    5,    1
  260,20230408,   91,   48,  141,    0,    0
  260,20230409,  109,   76,  156,    0,    0
  260,20230410,  105,   68,  151,   48,   62
  260,20230411,  104,   77,  133,   10,    3
  260,20230412,   90,   62,  124,   85,   82
  260,20230413,   84,   30,  125,   31,   49
  260,20230414,   91,   17,  152,    0,   -1
  260,20230415,   89,   47,  131,    7,    1
  260,20230416,   89,   77,  109,    0,    0
  260,20230417,  102,   71,  155,    0,    0
  260,20230418,   96,   52,  139,    0,    0
  260,20230419,  109,   69,  150,    0,    0
  260,20230420,   89,   60,  121,   21,    6
  260,20230421,  107,   57,  162,   40,   58
  260,20230422,   89,   36,  172,   36,   30
  260,20230423,  115,   69,  169,   43,   52
  260,20230424,   86,   55,  109,   72,  113
  260,20230425,   64,   21,  107,    4,    3
  260,20230426,   52,   -7,  103,    0,   -1
  260,20230427,   79,  -12,  133,    0,    0
  260,20230428,  106,   82,  136,   42,   17
  260,20230429,  111,   47,  159,    0,   -1
  260,20230430,  110,   25,  179,    0,    0
  260,20230501,  118,   63,  170,    7,    1
  260,20230502,   92,   33,  128,    0,   -1
  260,20230503,   93,    6,  156,    0,    0
  260,20230504,  149,   59,  221,    0,    0
  260,20230505,  138,   99,  188,   46,  106
  260,20230506,  148,   88,  206,   10,    4
  260,20230507,  152,  109,  212,   25,  166
  260,20230508,  148,   92,  201,    0,    0
  260,20230509,  137,  123,  149,  144,  136
  260,20230510,  130,  114,  159,   22,   95
  260,20230511,  132,  100,  165,   11,   15
  260,20230512,  155,  113,  220,   32,   34
  260,20230513,  164,  108,  222,    0,    0
  260,20230514,  146,  105,  200,    0,    0
  260,20230515,  113,   85,  150,    0,   -1
  260,20230516,  107,   56,  152,    0,   -1
  260,20230517,  105,   47,  142,    0,    0
  260,20230518,  102,   35,  155,    0,    0
  260,20230519,  138,   66,  192,    0,    0
  260,20230520,  159,  104,  202,    0,    0
  260,20230521,  169,  140,  214,    0,    0
  260,20230522,  180,  121,  243,    0,   -1
  260,20230523,  124,   68,  155,    0,    0
  260,20230524,  116,   44,  163,    0,    0
  260,20230525,  120,   49,  172,    0,    0
  260,20230526,  124,   65,  182,    0,    0
  260,20230527,  147,   60,  221,    0,    0
  260,20230528,  157,  105,  218,    0,    0
  260,20230529,  128,   87,  177,    0,    0
  260,20230530,  127,   73,  162,    0,    0
  260,20230531,  154,   92,  224,    0,    0
  260,20230601,  125,  100,  165,    0,    0
  260,20230602,  139,  104,  186,    0,    0
  260,20230603,  166,   97,  219,    0,    0
  260,20230604,  159,   99,  218,    0,    0
  260,20230605,  145,   93,  200,    0,    0
  260,20230606,  157,   99,  219,    0,    0
  260,20230607,  159,  102,  224,    0,    0
  260,20230608,  178,  107,  247,    0,    0
  260,20230609,  218,  124,  291,    0,    0
  260,20230610,  236,  171,  298,    0,    0
  260,20230611,  245,  152,  303,    0,    0
  260,20230612,  243,  159,  299,    0,    0
  260,20230613,  224,  146,  275,    0,    0
  260,20230614,  203,  135,  254,    0,    0
  260,20230615,  200,  109,  261,    0,    0
  260,20230616,  191,  103,  265,    0,    0
  260,20230617,  205,   87,  276,    0,    0
  260,20230618,  219,  152,  251,    0,   -1
  260,20230619,  213,  187,  257,    0,    0
  260,20230620,  221,  186,  296,   55,   70
  260,20230621,  208,  149,  257,    0,    0
  260,20230622,  189,  130,  242,   56,   37
  260,20230623,  202,  148,  256,    0,    0
  260,20230624,  213,  127,  283,    0,    0
  260,20230625,  245,  157,  313,    0,    0
  260,20230626,  192,  130,  228,    0,    0
  260,20230627,  177,  128,  222,   37,    9
  260,20230628,  184,  142,  218,   56,   20
  260,20230629,  186,  115,  235,    4,    7
  260,20230630,  176,   85,  229,    0,    0
  260,20230701,  176,  158,  198,   30,   40
  260,20230702,  173,  125,  208,    0,    0
  260,20230703,  166,  130,  197,   27,   78
  260,20230704,  168,  125,  213,   23,   33
  260,20230705,  143,  116,  189,   83,  254
  260,20230706,  169,  110,  220,    3,    2
  260,20230707,  210,   93,  273,    0,    0
  260,20230708,  247,  171,  322,    0,    0
  260,20230709,  220,  174,  296,    5,   24
  260,20230710,  205,  150,  254,    0,    0
  260,20230711,  215,  140,  279,    5,   36
  260,20230712,  188,  160,  226,    9,   24
  260,20230713,  178,  131,  218,   12,   23
  260,20230714,  193,  131,  230,    0,   -1
  260,20230715,  210,  166,  262,    6,   13
  260,20230716,  191,  165,  226,    0,   -1
  260,20230717,  173,  132,  206,    9,   62
  260,20230718,  180,  112,  238,    0,   -1
  260,20230719,  177,  132,  214,    8,   11
  260,20230720,  171,  117,  216,    0,    0
  260,20230721,  156,  108,  211,    5,    9
  260,20230722,  154,  102,  195,   56,   62
  260,20230723,  180,  145,  229,   26,    8
  260,20230724,  169,  100,  214,    3,   43
  260,20230725,  150,   84,  197,    0,   -1
  260,20230726,  154,   85,  207,   13,   52
  260,20230727,  170,  138,  190,  126,  141
  260,20230728,  198,  166,  238,    2,   10
  260,20230729,  188,  162,  227,   11,   19
  260,20230730,  174,  147,  212,   49,  126
  260,20230731,  171,  152,  187,  115,  141
  260,20230801,  171,  146,  205,   15,   53
  260,20230802,  173,  145,  227,   66,  170
  260,20230803,  170,  143,  202,   27,   46
  260,20230804,  165,  120,  203,    3,    1
  260,20230805,  152,  124,  186,   30,   26
  260,20230806,  146,  133,  158,  142,  148
  260,20230807,  154,  133,  186,   18,   25
  260,20230808,  159,  132,  189,   21,   25
  260,20230809,  162,  117,  210,    0,    0
  260,20230810,  178,  115,  238,    0,    0
  260,20230811,  209,  137,  275,    0,   -1
  260,20230812,  195,  168,  235,   36,  198
  260,20230813,  180,  125,  223,    2,    2
  260,20230814,  195,  116,  261,    0,    0
  260,20230815,  186,  118,  241,    0,   -1
  260,20230816,  187,  106,  239,    0,    0
  260,20230817,  181,  159,  203,    0,    0
  260,20230818,  210,  159,  268,    0,    0
  260,20230819,  218,  155,  264,    0,   -1
  260,20230820,  198,  136,  260,    0,    0
  260,20230821,  197,  146,  264,    0,    0
  260,20230822,  182,  122,  240,    0,    0
  260,20230823,  188,  117,  259,    0,    0
  260,20230824,  205,  139,  251,    6,    4
  260,20230825,  192,  139,  230,   12,   27
  260,20230826,  159,  127,  202,   13,   44
  260,20230827,  150,  125,  182,   17,    6
  260,20230828,  158,   93,  216,    0,    0
  260,20230829,  141,   91,  196,    3,   18
  260,20230830,  139,  110,  193,   31,   74
  260,20230831,  152,  116,  198,   32,   94
  260,20230901,  159,  117,  206,   16,   49
  260,20230902,  165,  113,  226,    0,    0
  260,20230903,  161,  103,  234,    0,    0
  260,20230904,  178,   86,  252,    0,    0
  260,20230905,  210,  144,  288,    0,    0
  260,20230906,  217,  146,  296,    0,    0
  260,20230907,  207,  123,  293,    0,    0
  260,20230908,  216,  140,  300,    0,    0
  260,20230909,  207,  127,  295,    0,    0
  260,20230910,  233,  162,  311,    0,    0
  260,20230911,  220,  177,  279,    8,   11
  260,20230912,  197,  159,  243,    0,   -1
  260,20230913,  166,  104,  202,    4,    2
  260,20230914,  141,   77,  209,    0,    0
  260,20230915,  149,   75,  220,    0,    0
  260,20230916,  181,   91,  248,    0,   -1
  260,20230917,  166,  142,  193,   56,  191
  260,20230918,  186,  137,  222,   24,   35
  260,20230919,  166,  136,  189,   14,    3
  260,20230920,  185,  165,  218,    0,    0
  260,20230921,  155,  133,  194,  125,  119
  260,20230922,  140,  115,  177,   27,    8
  260,20230923,  134,   93,  177,   16,   65
  260,20230924,  139,   73,  197,    0,    0
  260,20230925,  158,  115,  217,    0,    0
  260,20230926,  159,  116,  215,    0,    0
  260,20230927,  174,  104,  231,    0,    0
  260,20230928,  170,  129,  195,    0,    0
  260,20230929,  158,   89,  207,    4,   42
  260,20230930,  147,   94,  195,    0,    0
  260,20231001,  176,  134,  236,    0,    0
  260,20231002,  182,  130,  236,    0,    0
  260,20231003,  159,  126,  200,   30,   48
  260,20231004,  146,  117,  177,    0,   -1
  260,20231005,  154,  132,  188,    0,   -1
  260,20231006,  161,  130,  198,    0,    0
  260,20231007,  181,  154,  209,    0,    0
  260,20231008,  150,  116,  176,    0,   -1
  260,20231009,  176,  146,  202,    0,   -1
  260,20231010,  174,  125,  227,    0,    0
  260,20231011,  174,  155,  196,    9,    2
  260,20231012,  155,  131,  173,  134,  367
  260,20231013,  178,  138,  215,  124,  367
  260,20231014,  109,   69,  141,   24,   78
  260,20231015,   75,   49,  113,   62,  111
  260,20231016,   88,   46,  131,   11,    3
  260,20231017,   84,   56,  131,    0,    0
  260,20231018,   94,   54,  136,   41,  113
  260,20231019,  150,  106,  181,   38,   21
  260,20231020,  116,   93,  146,  124,  194
  260,20231021,  130,  111,  156,   52,   44
  260,20231022,  113,   55,  157,   21,   33
  260,20231023,  105,   56,  133,   46,   36
  260,20231024,  114,   93,  134,   54,   38
  260,20231025,   92,   64,  103,  106,  157
  260,20231026,   94,   74,  108,    2,    1
  260,20231027,  104,   74,  119,  138,  110
  260,20231028,  118,   86,  148,   36,   67
  260,20231029,  128,  102,  144,   15,   56
  260,20231030,  110,   96,  136,   87,  168
  260,20231031,  110,   96,  142,  104,  185
  260,20231101,  122,   96,  154,   24,    9
  260,20231102,  109,   80,  142,   71,   91
  260,20231103,   95,   76,  122,   58,   71
  260,20231104,   94,   79,  106,   77,  107
  260,20231105,  104,   92,  122,   45,   62
  260,20231106,   98,   87,  121,   11,    9
  260,20231107,   96,   75,  125,   13,   20
  260,20231108,   93,   77,  106,  116,  204
  260,20231109,   94,   68,  115,   48,   37
  260,20231110,   74,   57,   86,   41,   45
  260,20231111,   75,   55,  102,   42,   61
  260,20231112,   53,   23,   84,    5,    1
  260,20231113,  102,   35,  153,   55,   69
  260,20231114,  119,  100,  135,   65,  132
  260,20231115,  110,   99,  136,   14,   37
  260,20231116,   68,   30,  102,    8,   37
  260,20231117,   51,   22,  103,    0,    0
  260,20231118,   83,   41,  138,   87,  128
  260,20231119,  124,  112,  139,   51,   61
  260,20231120,   98,   43,  123,   47,   83
  260,20231121,   72,   22,  105,   11,    2
  260,20231122,   46,    7,   89,    9,    2
  260,20231123,  112,   84,  133,   12,   10
  260,20231124,   64,   50,   89,   35,   49
  260,20231125,   50,    5,   84,   16,   19
  260,20231126,   50,   -6,   74,   33,   15
  260,20231127,   42,   18,   56,  196,  163
  260,20231128,   21,   -2,   45,   25,   49
  260,20231129,   24,   -4,   46,   24,   18
  260,20231130,   -3,  -18,    9,    0,    0
  260,20231201,  -12,  -34,    8,    0,    0
  260,20231202,   -4,  -41,   26,    0,   -1
  260,20231203,    8,  -13,   25,   35,   22
  260,20231204,   18,    8,   26,   57,   34
  260,20231205,   18,   14,   24,   56,   26
  260,20231206,   25,  -27,   66,    7,    2
  260,20231207,    3,  -34,   26,    0,   -1
  260,20231208,   54,   21,   85,   17,    6
  260,20231209,   81,   57,  111,   72,   77
  260,20231210,   97,   80,  112,   71,   90
  260,20231211,   92,   77,  105,   48,   54
  260,20231212,   80,   39,  106,   45,  110
  260,20231213,   82,   55,   99,   25,   21
  260,20231214,   56,   44,   71,    0,   -1
  260,20231215,   84,   66,  102,    0,   -1
  260,20231216,   87,   66,  105,    0,   -1
  260,20231217,   86,   63,  103,    0,    0
  260,20231218,   75,   63,   92,    0,    0
  260,20231219,   79,   65,   89,  140,  124
  260,20231220,   86,   63,  105,   40,   19
  260,20231221,   98,   57,  122,   42,   89
  260,20231222,   90,   55,  109,   35,   96
  260,20231223,  103,   73,  112,   24,   35
  260,20231224,  116,   95,  129,  121,  189
  260,20231225,  116,  102,  125,   83,  171
  260,20231226,   76,   15,  113,   20,   23
  260,20231227,   70,    6,  107,   40,   34
  260,20231228,  109,  100,  115,    9,    8
  260,20231229,   93,   55,  114,   18,   38
  260,20231230,   81,   55,   97,    0,   -1
  260,20231231,   88,   79,   95,   30,   28
  260,20240101,   74,   64,   91,   83,  103
  260,20240102,  105,   68,  129,  138,  240
  260,20240103,   94,   80,  110,   65,  124
  260,20240104,   76,   60,   92,   66,  106
  260,20240105,   70,   51,   90,   62,   55
  260,20240106,   32,    7,   51,    0,   -1
  260,20240107,   -2,  -20,   14,    0,   -1
  260,20240108,  -18,  -32,    5,    0,   -1
  260,20240109,  -32,  -56,    1,    0,    0
  260,20240110,  -32,  -62,   11,    0,    0
  260,20240111,  -19,  -76,   29,    0,    0
  260,20240112,   33,   13,   53,    0,   -1
  260,20240113,   35,   29,   43,   16,    6
  260,20240114,   28,   16,   36,   42,   29
  260,20240115,   16,   -2,   32,   35,   43
  260,20240116,    8,  -12,   33,   18,    8
  260,20240117,  -15,  -32,    0,    0,    0
  260,20240118,  -17,  -66,   36,    0,   -1
  260,20240119,   15,  -14,   52,    4,   13
  260,20240120,   -4,  -16,   23,    0,    0
  260,20240121,   37,  -10,   92,    5,    2
  260,20240122,   96,   60,  120,   49,   50
  260,20240123,   84,   55,  134,   66,   49
  260,20240124,  104,   79,  134,   16,   11
  260,20240125,   70,   22,  100,   31,   15
  260,20240126,   81,   40,  113,   30,   55
  260,20240127,   38,   -5,   83,    0,    0
  260,20240128,   39,  -14,   87,    0,    0
  260,20240129,   65,   17,  111,    0,    0
  260,20240130,   79,   37,  115,   18,    6
  260,20240131,   66,   43,   80,   16,   35
  260,20240201,   65,   34,   96,   18,   20
  260,20240202,   76,   55,   92,    0,    0
  260,20240203,  101,   90,  114,   10,   13
  260,20240204,  106,   91,  116,    4,    1
  260,20240205,   96,   87,  107,   10,    2
  260,20240206,  106,   55,  123,   60,  148
  260,20240207,   41,   -2,   72,   44,   26
  260,20240208,   28,   -2,   81,  130,  122
  260,20240209,  108,   81,  129,   64,   61
  260,20240210,  103,   89,  122,   16,    5
  260,20240211,   87,   61,  100,   42,   29
  260,20240212,   68,   39,  100,    1,    1
  260,20240213,   67,   38,   96,   39,   18
  260,20240214,  112,   81,  127,  101,   81
  260,20240215,  128,  107,  155,   42,  110
  260,20240216,  109,   90,  130,   18,   32
  260,20240217,  106,   92,  123,    0,   -1
  260,20240218,   94,   85,  109,  159,  142
  260,20240219,   87,   61,  109,   17,   17
  260,20240220,   87,   59,  113,    0,   -1
  260,20240221,   93,   87,  104,   84,   61
  260,20240222,   97,   40,  131,   71,   85
  260,20240223,   61,   38,   90,   39,   78
  260,20240224,   50,   29,   68,   31,   10
  260,20240225,   64,   50,   89,   18,    9
  260,20240226,   50,   36,   62,   51,   16
  260,20240227,   43,    6,   91,    0,    0
  260,20240228,   59,   -2,   91,    0,   -1
  260,20240229,   81,   67,   90,  168,  139
  260,20240301,   82,   55,   99,    8,    7
  260,20240302,   96,   58,  126,   13,    2
  260,20240303,  111,   77,  159,    0,    0
  260,20240304,   75,   15,  118,    0,    0
  260,20240305,   57,   10,   85,   39,   15
  260,20240306,   67,   25,  125,    0,    0
  260,20240307,   51,   15,   97,    0,    0
  260,20240308,   54,    7,  101,    0,    0
  260,20240309,   82,   31,  128,    0,    0
  260,20240310,   93,   60,  132,    0,    0
  260,20240311,   69,   65,   82,  121,  105
  260,20240312,   84,   68,  110,   49,   18
  260,20240313,  110,   87,  125,   37,   14
  260,20240314,  130,   78,  178,    0,    0
  260,20240315,  130,  112,  153,   16,   10
  260,20240316,   75,   26,  113,   21,   12
  260,20240317,   94,   40,  128,   69,   55
  260,20240318,  111,   61,  155,    0,    0
  260,20240319,  115,   64,  171,    0,   -1
  260,20240320,  120,   66,  184,    0,    0
  260,20240321,   95,   78,  113,    0,   -1
  260,20240322,   94,   70,  115,   57,   21
  260,20240323,   69,   45,   95,   14,   20
  260,20240324,   64,   45,   88,   93,  154
  260,20240325,   73,   23,  120,    0,    0
  260,20240326,   87,   40,  117,    0,   -1
  260,20240327,   96,   66,  128,    6,    2
  260,20240328,   91,   65,  126,   30,   35
  260,20240329,  109,   78,  144,   15,    4
  260,20240330,   86,   38,  111,   28,    9
  260,20240331,  105,   39,  166,   30,   97
  260,20240401,  100,   68,  140,    0,    0
  260,20240402,   97,   70,  126,   20,   14
  260,20240403,  110,   93,  145,   60,   70
  260,20240404,  120,   86,  152,   66,  120
  260,20240405,  134,  100,  173,   28,   30
  260,20240406,  180,  109,  241,    0,    0
  260,20240407,  168,  128,  211,   26,    7
  260,20240408,  153,  115,  191,   10,   10
  260,20240409,  114,   88,  148,   33,   39
  260,20240410,  117,   86,  151,   12,    6
  260,20240411,  132,  117,  148,   19,    4
  260,20240412,  161,  132,  200,    0,    0
  260,20240413,  171,  120,  231,    0,    0
  260,20240414,  116,   84,  147,    0,    0
  260,20240415,   80,   43,  108,   55,  133
  260,20240416,   82,   38,  125,   39,   94
  260,20240417,   58,   36,   99,   48,   94
  260,20240418,   75,    8,  121,   23,   25
  260,20240419,   82,   55,  111,  113,  166
  260,20240420,   73,   52,  105,   25,   21
  260,20240421,   62,   16,  111,    8,    7
  260,20240422,   55,    1,  104,    3,    5
  260,20240423,   55,  -19,  109,   13,   23
  260,20240424,   57,   23,  104,   30,   37
  260,20240425,   61,   19,  105,   86,   59
  260,20240426,   88,   56,  129,   22,   14
  260,20240427,  118,   61,  164,    5,    1
  260,20240428,  123,   55,  165,    4,    2
  260,20240429,  125,   42,  197,    0,    0
  260,20240430,  162,  112,  219,    0,   -1
  260,20240501,  190,  138,  244,   10,  202
  260,20240502,  181,  134,  260,   43,  150
  260,20240503,  112,   66,  137,   53,   41
  260,20240504,  112,   52,  182,   63,   90
  260,20240505,  122,   81,  170,   18,   14
  260,20240506,  142,   68,  186,    0,    0
  260,20240507,  148,  109,  194,    0,   -1
  260,20240508,  128,   80,  156,    0,    0
  260,20240509,  132,   54,  184,    0,    0
  260,20240510,  151,   69,  203,    0,    0
  260,20240511,  168,  101,  231,    0,    0
  260,20240512,  199,  127,  252,    0,    0
  260,20240513,  192,  143,  248,    0,    0
  260,20240514,  195,  126,  267,    6,   16
  260,20240515,  164,  119,  216,   63,   86
  260,20240516,  166,  142,  205,    2,    3
  260,20240517,  154,  127,  197,    8,   18
  260,20240518,  170,  123,  235,    0,   -1
  260,20240519,  177,  127,  228,    0,   -1
  260,20240520,  157,  112,  209,    9,   20
  260,20240521,  169,  102,  237,   61,  232
  260,20240522,  156,  135,  195,   19,   29
  260,20240523,  153,  101,  194,    0,   -1
  260,20240524,  145,   86,  181,   75,   68
  260,20240525,  150,   91,  188,   42,   31
  260,20240526,  149,   93,  211,   13,   69
  260,20240527,  142,   97,  181,   34,   63
  260,20240528,  141,   90,  188,   67,  105
  260,20240529,  145,   94,  183,   65,  158
  260,20240530,  145,   98,  184,    6,    1
  260,20240531,  156,  116,  195,    4,    5
  260,20240601,  153,  137,  168,   14,   44
  260,20240602,  143,  122,  175,    0,    0
  260,20240603,  143,  103,  174,    0,    0
  260,20240604,  166,  126,  215,   17,   49
  260,20240605,  126,   67,  170,   12,   12
  260,20240606,  124,   60,  183,    0,    0
  260,20240607,  132,   57,  192,    0,   -1
  260,20240608,  131,   61,  190,    4,    3
  260,20240609,  130,   52,  167,    0,   -1
  260,20240610,  113,   86,  154,  131,  174
  260,20240611,  119,   79,  160,   14,   35
  260,20240612,  115,   89,  153,    7,    8
  260,20240613,  144,   89,  190,    0,    0
  260,20240614,  150,  124,  183,   31,   60
  260,20240615,  143,  111,  176,   24,   28
  260,20240616,  144,  112,  186,   23,   91
  260,20240617,  163,  116,  210,    0,    0
  260,20240618,  152,  106,  179,   44,   31
  260,20240619,  156,   98,  199,    0,    0
  260,20240620,  164,   94,  211,    0,   -1
  260,20240621,  163,  126,  199,   26,   10
  260,20240622,  163,  111,  206,    0,   -1
  260,20240623,  178,  100,  237,    0,    0
  260,20240624,  200,  104,  264,    0,    0
  260,20240625,  226,  147,  283,    0,    0
  260,20240626,  241,  174,  302,    0,    0
  260,20240627,  227,  164,  287,    0,    0
  260,20240628,  172,  107,  215,    0,    0
  260,20240629,  183,   92,  249,   16,    9
  260,20240630,  177,  140,  222,   10,   11
  260,20240701,  163,  121,  190,    0,   -1
  260,20240702,  152,  108,  182,   47,   46
  260,20240703,  136,   83,  174,   57,   80
  260,20240704,  160,  140,  182,   22,   80
  260,20240705,  158,  135,  176,    8,    6
  260,20240706,  165,  123,  205,    8,    8
  260,20240707,  147,  119,  180,   31,   16
  260,20240708,  172,  110,  216,    0,    0
  260,20240709,  210,  166,  282,   29,  131
  260,20240710,  190,  140,  236,    2,   56
  260,20240711,  172,  135,  208,    0,    0
  260,20240712,  144,  136,  154,   73,  253
  260,20240713,  148,  117,  168,   28,   29
  260,20240714,  167,   97,  214,    0,    0
  260,20240715,  188,  101,  246,   22,   24
  260,20240716,  177,  155,  214,   16,   18
  260,20240717,  179,  125,  229,    0,    0
  260,20240718,  202,  114,  270,    0,    0
  260,20240719,  218,  145,  289,    0,   -1
  260,20240720,  230,  152,  300,    0,   -1
  260,20240721,  195,  158,  222,    6,   60
  260,20240722,  194,  121,  238,    0,    0
  260,20240723,  194,  166,  230,   13,   16
  260,20240724,  176,  114,  221,    0,   -1
  260,20240725,  188,  113,  239,   22,   17
  260,20240726,  185,  120,  227,   18,   39
  260,20240727,  179,  100,  231,    0,    0
  260,20240728,  183,  120,  236,    0,    0
  260,20240729,  195,  106,  258,    0,    0
  260,20240730,  228,  140,  295,    0,    0
  260,20240731,  216,  149,  271,    0,    0
  260,20240801,  195,  159,  232,    0,    0
  260,20240802,  199,  141,  265,    0,    0
  260,20240803,  203,  159,  247,   10,   10
  260,20240804,  178,  144,  209,    0,    0
  260,20240805,  192,  131,  242,    0,    0
  260,20240806,  214,  128,  295,    0,    0
  260,20240807,  198,  159,  234,    8,   30
  260,20240808,  206,  166,  241,    0,   -1
  260,20240809,  200,  137,  242,   17,   12
  260,20240810,  203,  160,  248,    0,    0
  260,20240811,  218,  143,  278,    0,    0
  260,20240812,  245,  164,  309,    0,    0
  260,20240813,  244,  194,  307,   23,   41
  260,20240814,  209,  178,  242,    0,   -1
  260,20240815,  212,  164,  255,    0,    0
  260,20240816,  191,  161,  215,   53,   98
  260,20240817,  181,  133,  232,    0,    0
  260,20240818,  170,  106,  233,    0,    0
  260,20240819,  171,   93,  229,    0,    0
  260,20240820,  180,  128,  239,   65,  119
  260,20240821,  161,  123,  199,    2,    1
  260,20240822,  189,  140,  227,    0,   -1
  260,20240823,  188,  127,  234,    3,   17
  260,20240824,  190,  150,  271,   20,   77
  260,20240825,  164,  131,  204,    0,   -1
  260,20240826,  166,  116,  219,    0,    0
  260,20240827,  173,   97,  248,    0,    0
  260,20240828,  201,   99,  287,    0,    0
  260,20240829,  193,  136,  258,    0,    0
  260,20240830,  178,  129,  228,    0,    0
  260,20240831,  184,  151,  231,    0,   -1
  260,20240901,  224,  148,  298,    0,    0
  260,20240902,  228,  168,  290,    0,    0
  260,20240903,  197,  160,  235,   56,   57
  260,20240904,  180,  147,  216,    8,    1
  260,20240905,  222,  142,  287,    0,    0
  260,20240906,  215,  176,  272,   19,  244
  260,20240907,  213,  173,  263,   14,    6
  260,20240908,  183,  121,  219,    7,    2
  260,20240909,  162,  118,  220,    6,   42
  260,20240910,  144,  105,  168,   91,  533
  260,20240911,  110,   78,  151,   60,  113
  260,20240912,  101,   54,  154,    5,    3
  260,20240913,  106,   47,  170,    6,    7
  260,20240914,  106,   34,  181,    0,    0
  260,20240915,  133,   57,  190,    0,    0
  260,20240916,  140,   86,  193,   12,   10
  260,20240917,  163,   97,  200,    0,    0
  260,20240918,  169,  133,  220,    0,    0
  260,20240919,  170,  143,  224,    0,    0
  260,20240920,  178,  142,  228,    0,    0
  260,20240921,  166,  102,  244,    0,    0
  260,20240922,  170,   99,  240,    0,   -1
  260,20240923,  166,  125,  214,    5,   42
  260,20240924,  143,  107,  194,   15,   48
  260,20240925,  151,  138,  181,   15,   17
  260,20240926,  156,  138,  193,   47,  144
  260,20240927,  122,   90,  149,   68,  136
  260,20240928,  103,   66,  149,   10,   22
  260,20240929,   98,   44,  143,    0,   -1
  260,20240930,  120,   87,  148,   78,  135
  260,20241001,  129,  116,  144,   56,   61
  260,20241002,  109,   82,  122,   25,   26
  260,20241003,   93,   35,  151,    0,    0
  260,20241004,   75,   13,  160,    0,    0
  260,20241005,   81,    9,  154,    0,    0
  260,20241006,  110,   41,  155,    0,   -1
  260,20241007,  154,  127,  188,    6,    6
  260,20241008,  159,  131,  182,    2,    4
  260,20241009,  140,  122,  160,   36,   10
  260,20241010,  118,   80,  146,   14,   11
  260,20241011,   77,   20,  131,    3,    9
  260,20241012,   87,   17,  122,   14,   24
  260,20241013,  101,   71,  135,   15,   17
  260,20241014,   72,   21,  121,    0,    0
  260,20241015,   97,   34,  145,    0,    0
  260,20241016,  156,  113,  204,    2,    1
  260,20241017,  168,  147,  200,    7,    5
  260,20241018,  153,  126,  176,   25,   37
  260,20241019,  147,  135,  159,   20,   17
  260,20241020,  155,  135,  179,   18,   12
  260,20241021,  139,  105,  153,   49,  105
  260,20241022,  122,   91,  165,    3,    1
  260,20241023,  101,   63,  153,    0,    0
  260,20241024,  100,   40,  146,    0,    0
  260,20241025,  133,   91,  188,    0,   -1
  260,20241026,  139,   86,  193,    0,    0
  260,20241027,  124,   64,  170,   13,    5
  260,20241028,  123,   78,  146,   43,   37
  260,20241029,  134,  126,  140,   66,   37
  260,20241030,  130,  120,  150,    8,    7
  260,20241031,  115,   52,  148,    0,    0
  260,20241101,  103,   49,  116,    0,    0
  260,20241102,   93,   27,  130,    6,    5
  260,20241103,   57,    4,  134,    0,    0
  260,20241104,   70,    6,  137,    0,    0
  260,20241105,   59,    2,  117,    0,    0
  260,20241106,   82,   64,   99,    0,    0
  260,20241107,   53,   32,   76,    0,    0
  260,20241108,   48,   40,   54,    0,    0
  260,20241109,   66,   51,   77,   43,    5
  260,20241110,   90,   74,  111,    0,    0
  260,20241111,  103,   82,  136,   29,   50
  260,20241112,   79,   24,  109,    0,    0
  260,20241113,   83,   30,  119,    0,    0
  260,20241114,   96,   63,  116,   15,    3
  260,20241115,   85,   42,  102,    0,   -1
  260,20241116,   86,   77,   92,   65,   45
  260,20241117,   74,   43,   97,   50,   73
  260,20241118,   51,   34,   79,   30,   64
  260,20241119,   32,    4,   55,  106,  108
  260,20241120,   26,    8,   57,   99,  129
  260,20241121,    9,  -28,   47,   20,   17
  260,20241122,   33,    0,   62,   54,   91
  260,20241123,   47,   12,  100,   41,   91
  260,20241124,  143,   93,  171,    7,    4
  260,20241125,  119,   78,  165,   70,   41
  260,20241126,   73,   27,  101,    1,    1
  260,20241127,   77,   31,  113,   89,  113
  260,20241128,   67,   42,  102,    9,    8
  260,20241129,   34,   -9,   76,    0,    0
  260,20241130,   41,    6,   68,    0,    0
  260,20241201,   57,   15,   85,   10,   14
  260,20241202,   96,   76,  115,   44,   61
  260,20241203,   57,   12,   84,   11,   15
  260,20241204,   39,   -7,   55,   21,   12
  260,20241205,   70,   47,  114,  109,  203
  260,20241206,   84,   49,  111,   12,    7
  260,20241207,   77,   59,  105,   74,   65
  260,20241208,   65,   57,   71,   22,   10
  260,20241209,   62,   55,   69,    0,   -1
  260,20241210,   50,   46,   57,    0,   -1
  260,20241211,   34,   24,   46,    0,    0
  260,20241212,   34,   25,   45,   26,    5
  260,20241213,   17,    4,   32,    0,    0
  260,20241214,   40,   17,   62,   49,   30
  260,20241215,   80,   38,  109,    5,    2
  260,20241216,   98,   85,  111,   25,    6
  260,20241217,   81,   71,   94,    0,    0
  260,20241218,  106,   64,  130,   30,   15
  260,20241219,   78,   44,  135,   86,  146
  260,20241220,   59,   39,   74,   11,    2
  260,20241221,   82,   69,  104,   61,   55
  260,20241222,   56,   33,   94,   31,   87
  260,20241223,   61,   30,   85,   15,   40
  260,20241224,   56,   25,   81,   94,   27
  260,20241225,   88,   80,   96,   15,    3
  260,20241226,   64,   38,   82,    0,   -1
  260,20241227,   25,   -1,   42,    0,    0
  260,20241228,   10,   -2,   27,    0,    0
  260,20241229,   40,   27,   51,   45,    7
  260,20241230,   69,   46,   82,   11,    2
  260,20241231,   46,   22,   80,    0,   -1
  260,20250101,   78,   48,   99,   72,  150
  260,20250102,   29,   -1,   67,    9,   10
  260,20250103,   22,    1,   41,   32,   38
  260,20250104,   19,    4,   34,    7,   12
  260,20250105,   54,   -1,  116,  166,  213
  260,20250106,   86,   42,  124,   30,   32
  260,20250107,   36,   24,   54,   11,   16
  260,20250108,   25,   12,   40,    2,    1
  260,20250109,   21,  -10,   63,   24,   26
  260,20250110,   22,  -24,   53,   30,   29
  260,20250111,    5,  -45,   58,    0,   -1
  260,20250112,   17,   -6,   60,    4,    1
  260,20250113,    5,  -33,   52,    0,    0
  260,20250114,   28,  -16,   57,    7,    1
  260,20250115,   66,   56,   73,    0,    0
  260,20250116,   34,   12,   62,    0,    0
  260,20250117,    1,  -20,   22,    0,   -1
  260,20250118,  -13,  -22,   -7,    0,   -1
  260,20250119,  -10,  -17,   -7,    0,    0
  260,20250120,   -3,  -16,    4,    0,   -1
  260,20250121,   -5,  -16,    1,    0,    0
  260,20250122,   21,  -13,   45,  104,   65
  260,20250123,   55,   40,   72,   51,   42
  260,20250124,   76,   53,   95,   42,   30
  260,20250125,   50,   20,   72,   73,   42
  260,20250126,   38,   20,   60,   21,   21
  260,20250127,   91,   60,  121,   35,   50
  260,20250128,   79,   58,   93,   25,   24
  260,20250129,   72,   52,   84,   25,   49
  260,20250130,   52,   19,   72,   56,   16
  260,20250131,   17,  -25,   65,    0,   -1
  260,20250201,    0,  -38,   65,    0,    0
  260,20250202,  -13,  -54,   44,    0,    0
  260,20250203,    4,  -51,   61,    0,    0
  260,20250204,   26,  -22,   53,    0,    0
  260,20250205,   49,   21,   78,    0,    0
  260,20250206,   40,   15,   81,    0,    0
  260,20250207,   33,   15,   46,    0,    0
  260,20250208,   40,   15,   70,    0,   -1
  260,20250209,   35,   17,   61,    0,    0
  260,20250210,   18,    5,   33,   36,   40
  260,20250211,   31,   10,   42,  104,  102
  260,20250212,   38,   23,   67,   97,   73
  260,20250213,    4,  -32,   27,    0,   -1
  260,20250214,    0,  -42,   30,    0,    0
  260,20250215,   15,   -5,   37,    0,    0
  260,20250216,    3,  -32,   44,    0,    0
  260,20250217,  -14,  -52,   32,    0,    0
  260,20250218,   -9,  -49,   33,    0,    0
  260,20250219,   14,  -16,   50,    0,    0
  260,20250220,   71,    6,  112,   14,    8
  260,20250221,  130,   90,  179,    0,   -1
  260,20250222,  101,   76,  119,   69,   31
  260,20250223,  104,   71,  147,    0,    0
  260,20250224,  108,   91,  122,   41,   25
  260,20250225,   88,   67,  112,    0,   -1
  260,20250226,   75,   40,  113,   33,   27
  260,20250227,   59,   39,   85,   29,   24
  260,20250228,   48,    9,   72,    9,    5
  260,20250301,   34,  -17,   79,    0,    0
  260,20250302,   18,  -32,   98,    0,    0
  260,20250303,   23,  -43,  106,    0,    0
  260,20250304,   31,  -40,  123,    0,    0
  260,20250305,   54,  -29,  155,    0,    0
  260,20250306,   74,  -14,  178,    0,    0
  260,20250307,   95,   28,  181,    0,    0
  260,20250308,  102,    9,  196,    0,    0
  260,20250309,   90,    5,  182,    0,    0
  260,20250310,   85,    1,  170,    0,    0
  260,20250311,   56,   10,   92,    0,   -1
  260,20250312,   42,  -14,   92,    5,    3
  260,20250313,   29,  -28,   80,    0,   -1
  260,20250314,   24,  -37,   75,    0,   -1
  260,20250315,   35,    2,   77,    0,    0
  260,20250316,   47,  -14,   92,    0,    0
  260,20250317,   59,   16,  101,    0,    0
  260,20250318,   49,  -15,  116,    0,    0
  260,20250319,   69,  -34,  175,    0,    0
  260,20250320,  104,   14,  184,    0,    0
  260,20250321,  150,   52,  219,    0,    0
  260,20250322,  149,  107,  185,    0,   -1
  260,20250323,  133,   97,  177,    3,    3
  260,20250324,   94,   54,  149,    0,    0
  260,20250325,   84,   56,  131,    0,   -1
  260,20250326,   79,    8,  128,    0,    0
  260,20250327,   70,  -14,  162,    0,    0
  260,20250328,   70,    4,  120,    9,    5
  260,20250329,   79,   26,  121,    0,    0
  260,20250330,  100,   71,  131,   13,    4
  260,20250331,   85,   34,  125,    0,    0
  260,20250401,   84,   18,  143,    0,    0
  260,20250402,  121,   58,  180,    0,    0
  260,20250403,  141,   88,  201,    0,    0
  260,20250404,  139,   26,  223,    0,    0
  260,20250405,  103,   53,  163,    0,    0
  260,20250406,   78,   34,  126,    0,    0
  260,20250407,   81,    7,  143,    0,    0
  260,20250408,   88,   18,  158,    0,    0
  260,20250409,   78,   31,  125,    0,    0
  260,20250410,   96,   40,  144,    0,    0
  260,20250411,  104,   11,  184,    0,    0
  260,20250412,  152,   33,  228,    0,    0
  260,20250413,  139,  103,  169,   34,   36
  260,20250414,  128,   89,  174,    6,    8
  260,20250415,  142,   91,  216,    8,   61
  260,20250416,  108,   90,  126,   18,    9
  260,20250417,  104,   85,  129,    0,   -1
  260,20250418,   99,   53,  155,    0,    0
  260,20250419,   96,   33,  151,    0,    0
  260,20250420,  106,   37,  170,   19,   36
  260,20250421,  113,   88,  151,   81,  146
  260,20250422,  119,   70,  170,    0,   -1
  260,20250423,  121,   73,  150,   12,    4
  260,20250424,  110,   93,  130,  141,   72
  260,20250425,  100,   55,  146,    0,    0
  260,20250426,  114,   53,  185,    0,    0
  260,20250427,  129,   39,  205,    0,    0
  260,20250428,  134,   38,  211,    0,    0
  260,20250429,  151,   51,  224,    0,    0
  260,20250430,  171,   79,  250,    0,    0
  260,20250501,  186,   80,  274,    0,    0
  260,20250502,  180,  110,  259,    0,    0
  260,20250503,  126,   82,  182,    0,    0
  260,20250504,  100,   51,  137,    0,   -1
  260,20250505,   92,   17,  153,    0,   -1
  260,20250506,  101,   60,  135,    0,   -1
  260,20250507,  110,   57,  164,    0,    0
  260,20250508,  124,   54,  184,    0,    0
  260,20250509,  134,   20,  201,    0,    0
  260,20250510,  156,   47,  223,    0,    0
  260,20250511,  182,   95,  246,    0,    0
  260,20250512,  184,  112,  245,    0,    0
  260,20250513,  171,  105,  231,    0,    0
  260,20250514,  142,   95,  202,    0,    0
  260,20250515,  140,   89,  191,    0,    0
  260,20250516,  114,   33,  176,    0,    0
  260,20250517,  129,   52,  190,    0,    0
  260,20250518,  136,   68,  186,    2,    1
  260,20250519,  141,   38,  217,    0,    0
  260,20250520,  147,   64,  215,    0,    0
  260,20250521,  127,   61,  183,    0,    0
  260,20250522,  112,   77,  150,    1,    1
  260,20250523,   96,   40,  133,   19,   24
  260,20250524,  126,   47,  152,   67,   70
  260,20250525,  153,  103,  194,   43,   37
  260,20250526,  153,  124,  186,    0,   -1
  260,20250527,  143,  124,  184,   96,  155
  260,20250528,  147,   81,  180,    8,    7
  260,20250529,  148,   74,  198,   28,    8
  260,20250530,  172,  113,  228,    0,    0
  260,20250531,  194,   98,  255,    0,    0
  260,20250601,  172,  134,  198,    0,    0
  260,20250602,  145,   74,  197,    0,   -1
  260,20250603,  167,   74,  225,    0,   -1
  260,20250604,  156,  105,  194,    3,    1
  260,20250605,  153,  118,  189,   45,   79
  260,20250606,  156,  128,  195,   13,   56
  260,20250607,  141,  115,  176,   62,   60
  260,20250608,  128,   97,  150,   43,  117
  260,20250609,  151,  103,  193,    2,    2
  260,20250610,  144,   87,  184,   16,   19
  260,20250611,  147,   58,  210,    0,    0
  260,20250612,  204,  116,  270,    0,    0
  260,20250613,  255,  156,  318,    0,    0
  260,20250614,  227,  173,  273,    0,   -1
  260,20250615,  176,  116,  218,    0,    0
  260,20250616,  175,  106,  229,    0,    0
  260,20250617,  182,   90,  259,    0,    0
  260,20250618,  191,  104,  262,    0,    0
  260,20250619,  183,  110,  238,    0,    0
  260,20250620,  189,  102,  259,    0,    0
  260,20250621,  219,  113,  300,    0,    0
  260,20250622,  222,  151,  285,    6,    4
  260,20250623,  183,  163,  203,    2,    2
  260,20250624,  180,  140,  217,    0,   -1
  260,20250625,  207,  169,  259,    0,    0
  260,20250626,  198,  171,  235,   56,   39
  260,20250627,  188,  137,  234,   21,   26
  260,20250628,  216,  179,  255,    0,    0
  260,20250629,  219,  156,  269,    0,    0
  260,20250630,  230,  135,  301,    0,    0
  260,20250701,  274,  153,  355,    0,    0
  260,20250702,  232,  160,  338,    2,    5
  260,20250703,  172,   97,  220,    0,    0
  260,20250704,  187,   82,  251,    0,    0
  260,20250705,  185,  168,  214,   19,   22
  260,20250706,  171,  158,  195,   68,  254
  260,20250707,  160,  112,  198,    0,   -1
  260,20250708,  152,  108,  190,   24,   20
  260,20250709,  182,  136,  232,    0,    0
  260,20250710,  185,  108,  245,    0,    0
  260,20250711,  191,  123,  245,    0,    0
  260,20250712,  207,  149,  262,    0,    0
  260,20250713,  199,  150,  248,    0,   -1
  260,20250714,  204,  145,  251,    0,    0
  260,20250715,  187,  157,  228,    3,   12
  260,20250716,  171,  142,  207,   26,  112
  260,20250717,  180,  107,  235,    0,    0
  260,20250718,  198,  111,  267,    0,    0
  260,20250719,  227,  164,  294,   17,    7
  260,20250720,  203,  164,  259,   10,   20
  260,20250721,  188,  139,  235,   27,   77
  260,20250722,  191,  165,  229,    6,    7
  260,20250723,  192,  141,  230,   16,   63
  260,20250724,  186,  123,  242,    0,   -1
  260,20250725,  186,  136,  226,    5,    2
  260,20250726,  194,  120,  260,   10,   19
  260,20250727,  173,  117,  214,    0,   -1
  260,20250728,  172,  114,  211,    6,    5
  260,20250729,  180,  138,  223,    0,   -1
  260,20250730,  175,  105,  214,    0,    0
  260,20250731,  181,  135,  225,    9,   24
  260,20250801,  169,  142,  203,   15,   61
  260,20250802,  166,  145,  205,   20,   46
  260,20250803,  187,  151,  223,   18,   23
  260,20250804,  198,  161,  242,   32,   33
  260,20250805,  165,  119,  201,    7,   19
  260,20250806,  166,  109,  211,    0,    0
  260,20250807,  191,  127,  240,    2,    1
  260,20250808,  195,  117,  242,    0,    0
  260,20250809,  169,   98,  243,    0,    0
  260,20250810,  177,  100,  246,    0,    0
  260,20250811,  203,  102,  281,    0,    0
  260,20250812,  230,  153,  310,    0,   -1
  260,20250813,  234,  145,  312,    0,    0
  260,20250814,  233,  175,  314,    0,   -1
  260,20250815,  212,  132,  280,    0,    0
  260,20250816,  175,   96,  210,    0,    0
  260,20250817,  157,   88,  204,    0,    0
  260,20250818,  193,  160,  247,    0,    0
  260,20250819,  194,  133,  267,    0,    0
  260,20250820,  186,  142,  239,    0,    0
  260,20250821,  164,  103,  215,    0,    0
  260,20250822,  154,  133,  180,    5,   29
  260,20250823,  146,   73,  192,   20,   20
  260,20250824,  136,   54,  213,    0,    0
  260,20250825,  154,   62,  239,    0,    0
  260,20250826,  192,   90,  283,    0,    0
  260,20250827,  192,  143,  254,    0,    0
  260,20250828,  172,  112,  245,    5,   34
  260,20250829,  166,  104,  225,    4,    6
  260,20250830,  187,  139,  232,    0,   -1
  260,20250831,  190,  165,  233,   16,    8
  260,20250901,  180,  117,  236,    0,   -1
  260,20250902,  176,  119,  228,    0,   -1
  260,20250903,  190,  166,  230,   24,   77
  260,20250904,  177,  147,  228,    9,   78
  260,20250905,  153,   89,  208,    6,   52
  260,20250906,  161,   71,  225,    0,    0
  260,20250907,  204,  121,  264,    0,    0
  260,20250908,  188,  130,  231,   12,   41
  260,20250909,  126,   69,  158,  101,  182
  260,20250910,  147,   67,  206,    3,    1
  260,20250911,  154,  115,  191,   30,   64
  260,20250912,  150,  119,  194,    2,    2
  260,20250913,  138,  115,  186,   16,   91
  260,20250914,  149,  107,  189,   37,   45
  260,20250915,  169,  144,  201,   27,   41
  260,20250916,  147,  135,  168,   49,  138
  260,20250917,  151,  128,  175,   56,   34
  260,20250918,  186,  173,  203,    5,    2
  260,20250919,  190,  135,  253,    0,    0
  260,20250920,  192,  160,  232,   28,   44
  260,20250921,  133,   61,  191,    3,    4
  260,20250922,  112,   52,  163,    0,    0
  260,20250923,  112,   39,  179,    2,    1
  260,20250924,  117,   74,  163,    0,    0
  260,20250925,  122,   86,  160,    0,   -1
  260,20250926,  117,   81,  152,    0,    0
  260,20250927,  121,   75,  161,   21,    7
  260,20250928,  115,   51,  190,    0,    0
  260,20250929,  115,   57,  191,    0,    0
  260,20250930,  116,   56,  191,    0,    0
  260,20251001,  103,   34,  175,    0,    0
  260,20251002,  117,   61,  169,    0,   -1
  260,20251003,  115,   94,  138,   83,   93
  260,20251004,  131,  103,  166,  121,  286
  260,20251005,  118,   98,  147,   43,   52
  260,20251006,  135,  111,  156,   23,   14
  260,20251007,  148,  134,  176,   20,    4
  260,20251008,  143,  121,  168,   26,   12
  260,20251009,  132,   91,  161,    0,    0
  260,20251010,  148,  118,  177,    0,    0
  260,20251011,  142,  126,  160,    0,   -1
  260,20251012,  142,  124,  160,   21,    9
  260,20251013,  136,  119,  160,    7,    1
  260,20251014,  134,  119,  160,    2,    3
  260,20251015,  124,   78,  150,   10,    5
  260,20251016,  122,   74,  162,    5,    5
  260,20251017,  118,   83,  145,    0,    0
  260,20251018,   98,   72,  133,    0,    0
  260,20251019,  105,   71,  136,    3,    1
  260,20251020,  145,  118,  171,   68,   67
  260,20251021,  135,  121,  162,   47,   72
  260,20251022,  126,   87,  152,    2,    3
  260,20251023,  117,   96,  146,  142,  358
  260,20251024,  101,   86,  127,   14,   12
  260,20251025,   93,   59,  122,   61,  111
  260,20251026,   83,   57,  108,  107,  167
  260,20251027,   92,   58,  118,   59,  249
  260,20251028,  114,   62,  142,   30,   44
  260,20251029,  115,   91,  133,   48,   73
  260,20251030,   96,   68,  132,   14,   23
  260,20251031,   99,   68,  129,    0,    0
  260,20251101,  118,   96,  138,   29,   65
  260,20251102,  104,   69,  136,    6,    6
