"TreeID","WinterYear","TotalNuts","TotalNuts_T1","z_temp_meanMax_4It_T1","z_temp_meanMax_4It_T2","z_temp_meanMean_4It_T0","z_prec_4It_T1","z_prec_4It_T2","z_prec_4It_T0","ord_year"
"842",1976,940,NA,0.00964391343012112,0.296022161904181,2.22045002244295,-0.460708811514782,0.277515803403298,-0.741939512797573,1
"843",1976,416,NA,0.00964391343012112,0.296022161904181,2.22045002244295,-0.460708811514782,0.277515803403298,-0.741939512797573,1
"844",1976,540,NA,0.00964391343012112,0.296022161904181,2.22045002244295,-0.460708811514782,0.277515803403298,-0.741939512797573,1
"849",1976,300,NA,0.00964391343012112,0.296022161904181,2.22045002244295,-0.460708811514782,0.277515803403298,-0.741939512797573,1
"850",1976,632,NA,0.00964391343012112,0.296022161904181,2.22045002244295,-0.460708811514782,0.277515803403298,-0.741939512797573,1
"851",1976,296,NA,0.00964391343012112,0.296022161904181,2.22045002244295,-0.460708811514782,0.277515803403298,-0.741939512797573,1
"852",1976,584,NA,0.00964391343012112,0.296022161904181,2.22045002244295,-0.460708811514782,0.277515803403298,-0.741939512797573,1
"853",1976,388,NA,0.00964391343012112,0.296022161904181,2.22045002244295,-0.460708811514782,0.277515803403298,-0.741939512797573,1
"875",1976,12,NA,0.00964391343012112,0.296022161904181,2.22045002244295,-0.460708811514782,0.277515803403298,-0.741939512797573,1
"876",1976,244,NA,0.00964391343012112,0.296022161904181,2.22045002244295,-0.460708811514782,0.277515803403298,-0.741939512797573,1
"877",1976,52,NA,0.00964391343012112,0.296022161904181,2.22045002244295,-0.460708811514782,0.277515803403298,-0.741939512797573,1
"878",1976,100,NA,0.00964391343012112,0.296022161904181,2.22045002244295,-0.460708811514782,0.277515803403298,-0.741939512797573,1
"879",1976,1196,NA,0.00964391343012112,0.296022161904181,2.22045002244295,-0.460708811514782,0.277515803403298,-0.741939512797573,1
"880",1976,1560,NA,0.00964391343012112,0.296022161904181,2.22045002244295,-0.460708811514782,0.277515803403298,-0.741939512797573,1
"884",1976,528,NA,0.00964391343012112,0.296022161904181,2.22045002244295,-0.460708811514782,0.277515803403298,-0.741939512797573,1
"887",1976,284,NA,0.00964391343012112,0.296022161904181,2.22045002244295,-0.460708811514782,0.277515803403298,-0.741939512797573,1
"888",1976,132,NA,0.00964391343012112,0.296022161904181,2.22045002244295,-0.460708811514782,0.277515803403298,-0.741939512797573,1
"891",1976,88,NA,0.00964391343012112,0.296022161904181,2.22045002244295,-0.460708811514782,0.277515803403298,-0.741939512797573,1
"892",1976,140,NA,0.00964391343012112,0.296022161904181,2.22045002244295,-0.460708811514782,0.277515803403298,-0.741939512797573,1
"893",1976,536,NA,0.00964391343012112,0.296022161904181,2.22045002244295,-0.460708811514782,0.277515803403298,-0.741939512797573,1
"894",1976,80,NA,0.00964391343012112,0.296022161904181,2.22045002244295,-0.460708811514782,0.277515803403298,-0.741939512797573,1
"895",1976,512,NA,0.00964391343012112,0.296022161904181,2.22045002244295,-0.460708811514782,0.277515803403298,-0.741939512797573,1
"896",1976,20,NA,0.00964391343012112,0.296022161904181,2.22045002244295,-0.460708811514782,0.277515803403298,-0.741939512797573,1
"897",1976,28,NA,0.00964391343012112,0.296022161904181,2.22045002244295,-0.460708811514782,0.277515803403298,-0.741939512797573,1
"898",1976,204,NA,0.00964391343012112,0.296022161904181,2.22045002244295,-0.460708811514782,0.277515803403298,-0.741939512797573,1
"905",1976,244,NA,0.00964391343012112,0.296022161904181,2.22045002244295,-0.460708811514782,0.277515803403298,-0.741939512797573,1
"906",1976,492,NA,0.00964391343012112,0.296022161904181,2.22045002244295,-0.460708811514782,0.277515803403298,-0.741939512797573,1
"908",1976,468,NA,0.00964391343012112,0.296022161904181,2.22045002244295,-0.460708811514782,0.277515803403298,-0.741939512797573,1
"909",1976,776,NA,0.00964391343012112,0.296022161904181,2.22045002244295,-0.460708811514782,0.277515803403298,-0.741939512797573,1
"910",1976,984,NA,0.00964391343012112,0.296022161904181,2.22045002244295,-0.460708811514782,0.277515803403298,-0.741939512797573,1
"912",1976,132,NA,0.00964391343012112,0.296022161904181,2.22045002244295,-0.460708811514782,0.277515803403298,-0.741939512797573,1
"913",1976,8,NA,0.00964391343012112,0.296022161904181,2.22045002244295,-0.460708811514782,0.277515803403298,-0.741939512797573,1
"842",1977,0,940,1.895172215456,1.2233854600026,-0.851987861017791,-0.147817366336187,-0.841972231632755,0.416934719957585,2
"843",1977,0,416,1.895172215456,1.2233854600026,-0.851987861017791,-0.147817366336187,-0.841972231632755,0.416934719957585,2
"844",1977,0,540,1.895172215456,1.2233854600026,-0.851987861017791,-0.147817366336187,-0.841972231632755,0.416934719957585,2
"849",1977,0,300,1.895172215456,1.2233854600026,-0.851987861017791,-0.147817366336187,-0.841972231632755,0.416934719957585,2
"850",1977,16,632,1.895172215456,1.2233854600026,-0.851987861017791,-0.147817366336187,-0.841972231632755,0.416934719957585,2
"851",1977,152,296,1.895172215456,1.2233854600026,-0.851987861017791,-0.147817366336187,-0.841972231632755,0.416934719957585,2
"852",1977,8,584,1.895172215456,1.2233854600026,-0.851987861017791,-0.147817366336187,-0.841972231632755,0.416934719957585,2
"853",1977,4,388,1.895172215456,1.2233854600026,-0.851987861017791,-0.147817366336187,-0.841972231632755,0.416934719957585,2
"875",1977,0,12,1.895172215456,1.2233854600026,-0.851987861017791,-0.147817366336187,-0.841972231632755,0.416934719957585,2
"876",1977,4,244,1.895172215456,1.2233854600026,-0.851987861017791,-0.147817366336187,-0.841972231632755,0.416934719957585,2
"877",1977,0,52,1.895172215456,1.2233854600026,-0.851987861017791,-0.147817366336187,-0.841972231632755,0.416934719957585,2
"878",1977,0,100,1.895172215456,1.2233854600026,-0.851987861017791,-0.147817366336187,-0.841972231632755,0.416934719957585,2
"879",1977,0,1196,1.895172215456,1.2233854600026,-0.851987861017791,-0.147817366336187,-0.841972231632755,0.416934719957585,2
"880",1977,4,1560,1.895172215456,1.2233854600026,-0.851987861017791,-0.147817366336187,-0.841972231632755,0.416934719957585,2
"884",1977,4,528,1.895172215456,1.2233854600026,-0.851987861017791,-0.147817366336187,-0.841972231632755,0.416934719957585,2
"887",1977,0,284,1.895172215456,1.2233854600026,-0.851987861017791,-0.147817366336187,-0.841972231632755,0.416934719957585,2
"888",1977,0,132,1.895172215456,1.2233854600026,-0.851987861017791,-0.147817366336187,-0.841972231632755,0.416934719957585,2
"891",1977,20,88,1.895172215456,1.2233854600026,-0.851987861017791,-0.147817366336187,-0.841972231632755,0.416934719957585,2
"892",1977,0,140,1.895172215456,1.2233854600026,-0.851987861017791,-0.147817366336187,-0.841972231632755,0.416934719957585,2
"893",1977,0,536,1.895172215456,1.2233854600026,-0.851987861017791,-0.147817366336187,-0.841972231632755,0.416934719957585,2
"894",1977,4,80,1.895172215456,1.2233854600026,-0.851987861017791,-0.147817366336187,-0.841972231632755,0.416934719957585,2
"895",1977,20,512,1.895172215456,1.2233854600026,-0.851987861017791,-0.147817366336187,-0.841972231632755,0.416934719957585,2
"896",1977,84,20,1.895172215456,1.2233854600026,-0.851987861017791,-0.147817366336187,-0.841972231632755,0.416934719957585,2
"897",1977,0,28,1.895172215456,1.2233854600026,-0.851987861017791,-0.147817366336187,-0.841972231632755,0.416934719957585,2
"898",1977,8,204,1.895172215456,1.2233854600026,-0.851987861017791,-0.147817366336187,-0.841972231632755,0.416934719957585,2
"905",1977,20,244,1.895172215456,1.2233854600026,-0.851987861017791,-0.147817366336187,-0.841972231632755,0.416934719957585,2
"906",1977,4,492,1.895172215456,1.2233854600026,-0.851987861017791,-0.147817366336187,-0.841972231632755,0.416934719957585,2
"908",1977,4,468,1.895172215456,1.2233854600026,-0.851987861017791,-0.147817366336187,-0.841972231632755,0.416934719957585,2
"909",1977,4,776,1.895172215456,1.2233854600026,-0.851987861017791,-0.147817366336187,-0.841972231632755,0.416934719957585,2
"910",1977,20,984,1.895172215456,1.2233854600026,-0.851987861017791,-0.147817366336187,-0.841972231632755,0.416934719957585,2
"912",1977,12,132,1.895172215456,1.2233854600026,-0.851987861017791,-0.147817366336187,-0.841972231632755,0.416934719957585,2
"913",1977,0,8,1.895172215456,1.2233854600026,-0.851987861017791,-0.147817366336187,-0.841972231632755,0.416934719957585,2
"842",1978,0,0,-0.752511700423659,1.51992604951081,-1.79545351333452,-1.15733504795015,-1.03498741008725,-0.687617283137175,3
"843",1978,0,0,-0.752511700423659,1.51992604951081,-1.79545351333452,-1.15733504795015,-1.03498741008725,-0.687617283137175,3
"844",1978,0,0,-0.752511700423659,1.51992604951081,-1.79545351333452,-1.15733504795015,-1.03498741008725,-0.687617283137175,3
"849",1978,0,0,-0.752511700423659,1.51992604951081,-1.79545351333452,-1.15733504795015,-1.03498741008725,-0.687617283137175,3
"850",1978,16,16,-0.752511700423659,1.51992604951081,-1.79545351333452,-1.15733504795015,-1.03498741008725,-0.687617283137175,3
"851",1978,0,152,-0.752511700423659,1.51992604951081,-1.79545351333452,-1.15733504795015,-1.03498741008725,-0.687617283137175,3
"852",1978,0,8,-0.752511700423659,1.51992604951081,-1.79545351333452,-1.15733504795015,-1.03498741008725,-0.687617283137175,3
"853",1978,8,4,-0.752511700423659,1.51992604951081,-1.79545351333452,-1.15733504795015,-1.03498741008725,-0.687617283137175,3
"875",1978,100,0,-0.752511700423659,1.51992604951081,-1.79545351333452,-1.15733504795015,-1.03498741008725,-0.687617283137175,3
"876",1978,0,4,-0.752511700423659,1.51992604951081,-1.79545351333452,-1.15733504795015,-1.03498741008725,-0.687617283137175,3
"877",1978,0,0,-0.752511700423659,1.51992604951081,-1.79545351333452,-1.15733504795015,-1.03498741008725,-0.687617283137175,3
"878",1978,0,0,-0.752511700423659,1.51992604951081,-1.79545351333452,-1.15733504795015,-1.03498741008725,-0.687617283137175,3
"879",1978,0,0,-0.752511700423659,1.51992604951081,-1.79545351333452,-1.15733504795015,-1.03498741008725,-0.687617283137175,3
"880",1978,0,4,-0.752511700423659,1.51992604951081,-1.79545351333452,-1.15733504795015,-1.03498741008725,-0.687617283137175,3
"884",1978,8,4,-0.752511700423659,1.51992604951081,-1.79545351333452,-1.15733504795015,-1.03498741008725,-0.687617283137175,3
"887",1978,0,0,-0.752511700423659,1.51992604951081,-1.79545351333452,-1.15733504795015,-1.03498741008725,-0.687617283137175,3
"888",1978,0,0,-0.752511700423659,1.51992604951081,-1.79545351333452,-1.15733504795015,-1.03498741008725,-0.687617283137175,3
"891",1978,0,20,-0.752511700423659,1.51992604951081,-1.79545351333452,-1.15733504795015,-1.03498741008725,-0.687617283137175,3
"892",1978,0,0,-0.752511700423659,1.51992604951081,-1.79545351333452,-1.15733504795015,-1.03498741008725,-0.687617283137175,3
"893",1978,0,0,-0.752511700423659,1.51992604951081,-1.79545351333452,-1.15733504795015,-1.03498741008725,-0.687617283137175,3
"894",1978,0,4,-0.752511700423659,1.51992604951081,-1.79545351333452,-1.15733504795015,-1.03498741008725,-0.687617283137175,3
"895",1978,0,20,-0.752511700423659,1.51992604951081,-1.79545351333452,-1.15733504795015,-1.03498741008725,-0.687617283137175,3
"896",1978,0,84,-0.752511700423659,1.51992604951081,-1.79545351333452,-1.15733504795015,-1.03498741008725,-0.687617283137175,3
"897",1978,0,0,-0.752511700423659,1.51992604951081,-1.79545351333452,-1.15733504795015,-1.03498741008725,-0.687617283137175,3
"898",1978,0,8,-0.752511700423659,1.51992604951081,-1.79545351333452,-1.15733504795015,-1.03498741008725,-0.687617283137175,3
"905",1978,0,20,-0.752511700423659,1.51992604951081,-1.79545351333452,-1.15733504795015,-1.03498741008725,-0.687617283137175,3
"906",1978,0,4,-0.752511700423659,1.51992604951081,-1.79545351333452,-1.15733504795015,-1.03498741008725,-0.687617283137175,3
"908",1978,0,4,-0.752511700423659,1.51992604951081,-1.79545351333452,-1.15733504795015,-1.03498741008725,-0.687617283137175,3
"909",1978,0,4,-0.752511700423659,1.51992604951081,-1.79545351333452,-1.15733504795015,-1.03498741008725,-0.687617283137175,3
"910",1978,0,20,-0.752511700423659,1.51992604951081,-1.79545351333452,-1.15733504795015,-1.03498741008725,-0.687617283137175,3
"912",1978,0,12,-0.752511700423659,1.51992604951081,-1.79545351333452,-1.15733504795015,-1.03498741008725,-0.687617283137175,3
"913",1978,0,0,-0.752511700423659,1.51992604951081,-1.79545351333452,-1.15733504795015,-1.03498741008725,-0.687617283137175,3
"842",1979,124,0,-1.86471272650344,-0.0975680750794505,-0.760605062233187,-1.22227478185514,-0.796655624517353,-0.675545676545975,4
"843",1979,180,0,-1.86471272650344,-0.0975680750794505,-0.760605062233187,-1.22227478185514,-0.796655624517353,-0.675545676545975,4
"844",1979,80,0,-1.86471272650344,-0.0975680750794505,-0.760605062233187,-1.22227478185514,-0.796655624517353,-0.675545676545975,4
"845",1979,28,NA,-1.86471272650344,-0.0975680750794505,-0.760605062233187,-1.22227478185514,-0.796655624517353,-0.675545676545975,4
"846",1979,40,NA,-1.86471272650344,-0.0975680750794505,-0.760605062233187,-1.22227478185514,-0.796655624517353,-0.675545676545975,4
"847",1979,8,NA,-1.86471272650344,-0.0975680750794505,-0.760605062233187,-1.22227478185514,-0.796655624517353,-0.675545676545975,4
"848",1979,4,NA,-1.86471272650344,-0.0975680750794505,-0.760605062233187,-1.22227478185514,-0.796655624517353,-0.675545676545975,4
"849",1979,28,0,-1.86471272650344,-0.0975680750794505,-0.760605062233187,-1.22227478185514,-0.796655624517353,-0.675545676545975,4
"850",1979,16,16,-1.86471272650344,-0.0975680750794505,-0.760605062233187,-1.22227478185514,-0.796655624517353,-0.675545676545975,4
"852",1979,96,0,-1.86471272650344,-0.0975680750794505,-0.760605062233187,-1.22227478185514,-0.796655624517353,-0.675545676545975,4
"853",1979,52,8,-1.86471272650344,-0.0975680750794505,-0.760605062233187,-1.22227478185514,-0.796655624517353,-0.675545676545975,4
"854",1979,228,NA,-1.86471272650344,-0.0975680750794505,-0.760605062233187,-1.22227478185514,-0.796655624517353,-0.675545676545975,4
"856",1979,108,NA,-1.86471272650344,-0.0975680750794505,-0.760605062233187,-1.22227478185514,-0.796655624517353,-0.675545676545975,4
"858",1979,4,NA,-1.86471272650344,-0.0975680750794505,-0.760605062233187,-1.22227478185514,-0.796655624517353,-0.675545676545975,4
"859",1979,20,NA,-1.86471272650344,-0.0975680750794505,-0.760605062233187,-1.22227478185514,-0.796655624517353,-0.675545676545975,4
"860",1979,68,NA,-1.86471272650344,-0.0975680750794505,-0.760605062233187,-1.22227478185514,-0.796655624517353,-0.675545676545975,4
"861",1979,28,NA,-1.86471272650344,-0.0975680750794505,-0.760605062233187,-1.22227478185514,-0.796655624517353,-0.675545676545975,4
"871",1979,8,NA,-1.86471272650344,-0.0975680750794505,-0.760605062233187,-1.22227478185514,-0.796655624517353,-0.675545676545975,4
"875",1979,420,100,-1.86471272650344,-0.0975680750794505,-0.760605062233187,-1.22227478185514,-0.796655624517353,-0.675545676545975,4
"876",1979,188,0,-1.86471272650344,-0.0975680750794505,-0.760605062233187,-1.22227478185514,-0.796655624517353,-0.675545676545975,4
"877",1979,152,0,-1.86471272650344,-0.0975680750794505,-0.760605062233187,-1.22227478185514,-0.796655624517353,-0.675545676545975,4
"878",1979,36,0,-1.86471272650344,-0.0975680750794505,-0.760605062233187,-1.22227478185514,-0.796655624517353,-0.675545676545975,4
"879",1979,48,0,-1.86471272650344,-0.0975680750794505,-0.760605062233187,-1.22227478185514,-0.796655624517353,-0.675545676545975,4
"880",1979,208,0,-1.86471272650344,-0.0975680750794505,-0.760605062233187,-1.22227478185514,-0.796655624517353,-0.675545676545975,4
"882",1979,116,NA,-1.86471272650344,-0.0975680750794505,-0.760605062233187,-1.22227478185514,-0.796655624517353,-0.675545676545975,4
"884",1979,28,8,-1.86471272650344,-0.0975680750794505,-0.760605062233187,-1.22227478185514,-0.796655624517353,-0.675545676545975,4
"886",1979,48,NA,-1.86471272650344,-0.0975680750794505,-0.760605062233187,-1.22227478185514,-0.796655624517353,-0.675545676545975,4
"887",1979,0,0,-1.86471272650344,-0.0975680750794505,-0.760605062233187,-1.22227478185514,-0.796655624517353,-0.675545676545975,4
"888",1979,24,0,-1.86471272650344,-0.0975680750794505,-0.760605062233187,-1.22227478185514,-0.796655624517353,-0.675545676545975,4
"889",1979,4,NA,-1.86471272650344,-0.0975680750794505,-0.760605062233187,-1.22227478185514,-0.796655624517353,-0.675545676545975,4
"890",1979,0,NA,-1.86471272650344,-0.0975680750794505,-0.760605062233187,-1.22227478185514,-0.796655624517353,-0.675545676545975,4
"891",1979,4,0,-1.86471272650344,-0.0975680750794505,-0.760605062233187,-1.22227478185514,-0.796655624517353,-0.675545676545975,4
"892",1979,0,0,-1.86471272650344,-0.0975680750794505,-0.760605062233187,-1.22227478185514,-0.796655624517353,-0.675545676545975,4
"893",1979,112,0,-1.86471272650344,-0.0975680750794505,-0.760605062233187,-1.22227478185514,-0.796655624517353,-0.675545676545975,4
"894",1979,96,0,-1.86471272650344,-0.0975680750794505,-0.760605062233187,-1.22227478185514,-0.796655624517353,-0.675545676545975,4
"895",1979,20,0,-1.86471272650344,-0.0975680750794505,-0.760605062233187,-1.22227478185514,-0.796655624517353,-0.675545676545975,4
"896",1979,0,0,-1.86471272650344,-0.0975680750794505,-0.760605062233187,-1.22227478185514,-0.796655624517353,-0.675545676545975,4
"897",1979,0,0,-1.86471272650344,-0.0975680750794505,-0.760605062233187,-1.22227478185514,-0.796655624517353,-0.675545676545975,4
"898",1979,136,0,-1.86471272650344,-0.0975680750794505,-0.760605062233187,-1.22227478185514,-0.796655624517353,-0.675545676545975,4
"899",1979,40,NA,-1.86471272650344,-0.0975680750794505,-0.760605062233187,-1.22227478185514,-0.796655624517353,-0.675545676545975,4
"900",1979,44,NA,-1.86471272650344,-0.0975680750794505,-0.760605062233187,-1.22227478185514,-0.796655624517353,-0.675545676545975,4
"901",1979,0,NA,-1.86471272650344,-0.0975680750794505,-0.760605062233187,-1.22227478185514,-0.796655624517353,-0.675545676545975,4
"902",1979,0,NA,-1.86471272650344,-0.0975680750794505,-0.760605062233187,-1.22227478185514,-0.796655624517353,-0.675545676545975,4
"903",1979,0,NA,-1.86471272650344,-0.0975680750794505,-0.760605062233187,-1.22227478185514,-0.796655624517353,-0.675545676545975,4
"904",1979,24,NA,-1.86471272650344,-0.0975680750794505,-0.760605062233187,-1.22227478185514,-0.796655624517353,-0.675545676545975,4
"905",1979,4,0,-1.86471272650344,-0.0975680750794505,-0.760605062233187,-1.22227478185514,-0.796655624517353,-0.675545676545975,4
"906",1979,64,0,-1.86471272650344,-0.0975680750794505,-0.760605062233187,-1.22227478185514,-0.796655624517353,-0.675545676545975,4
"907",1979,36,NA,-1.86471272650344,-0.0975680750794505,-0.760605062233187,-1.22227478185514,-0.796655624517353,-0.675545676545975,4
"908",1979,0,0,-1.86471272650344,-0.0975680750794505,-0.760605062233187,-1.22227478185514,-0.796655624517353,-0.675545676545975,4
"909",1979,196,0,-1.86471272650344,-0.0975680750794505,-0.760605062233187,-1.22227478185514,-0.796655624517353,-0.675545676545975,4
"910",1979,144,0,-1.86471272650344,-0.0975680750794505,-0.760605062233187,-1.22227478185514,-0.796655624517353,-0.675545676545975,4
"911",1979,72,NA,-1.86471272650344,-0.0975680750794505,-0.760605062233187,-1.22227478185514,-0.796655624517353,-0.675545676545975,4
"912",1979,4,0,-1.86471272650344,-0.0975680750794505,-0.760605062233187,-1.22227478185514,-0.796655624517353,-0.675545676545975,4
"913",1979,0,0,-1.86471272650344,-0.0975680750794505,-0.760605062233187,-1.22227478185514,-0.796655624517353,-0.675545676545975,4
"842",1980,0,124,-1.07152471794878,-1.82289514130907,-1.80039312407963,3.63639803667286,-0.187399017743608,0.700617474850774,5
"843",1980,0,180,-1.07152471794878,-1.82289514130907,-1.80039312407963,3.63639803667286,-0.187399017743608,0.700617474850774,5
"844",1980,0,80,-1.07152471794878,-1.82289514130907,-1.80039312407963,3.63639803667286,-0.187399017743608,0.700617474850774,5
"845",1980,0,28,-1.07152471794878,-1.82289514130907,-1.80039312407963,3.63639803667286,-0.187399017743608,0.700617474850774,5
"846",1980,0,40,-1.07152471794878,-1.82289514130907,-1.80039312407963,3.63639803667286,-0.187399017743608,0.700617474850774,5
"847",1980,0,8,-1.07152471794878,-1.82289514130907,-1.80039312407963,3.63639803667286,-0.187399017743608,0.700617474850774,5
"848",1980,0,4,-1.07152471794878,-1.82289514130907,-1.80039312407963,3.63639803667286,-0.187399017743608,0.700617474850774,5
"849",1980,0,28,-1.07152471794878,-1.82289514130907,-1.80039312407963,3.63639803667286,-0.187399017743608,0.700617474850774,5
"850",1980,0,16,-1.07152471794878,-1.82289514130907,-1.80039312407963,3.63639803667286,-0.187399017743608,0.700617474850774,5
"852",1980,0,96,-1.07152471794878,-1.82289514130907,-1.80039312407963,3.63639803667286,-0.187399017743608,0.700617474850774,5
"853",1980,0,52,-1.07152471794878,-1.82289514130907,-1.80039312407963,3.63639803667286,-0.187399017743608,0.700617474850774,5
"854",1980,0,228,-1.07152471794878,-1.82289514130907,-1.80039312407963,3.63639803667286,-0.187399017743608,0.700617474850774,5
"855",1980,0,NA,-1.07152471794878,-1.82289514130907,-1.80039312407963,3.63639803667286,-0.187399017743608,0.700617474850774,5
"856",1980,4,108,-1.07152471794878,-1.82289514130907,-1.80039312407963,3.63639803667286,-0.187399017743608,0.700617474850774,5
"858",1980,0,4,-1.07152471794878,-1.82289514130907,-1.80039312407963,3.63639803667286,-0.187399017743608,0.700617474850774,5
"859",1980,0,20,-1.07152471794878,-1.82289514130907,-1.80039312407963,3.63639803667286,-0.187399017743608,0.700617474850774,5
"860",1980,0,68,-1.07152471794878,-1.82289514130907,-1.80039312407963,3.63639803667286,-0.187399017743608,0.700617474850774,5
"861",1980,0,28,-1.07152471794878,-1.82289514130907,-1.80039312407963,3.63639803667286,-0.187399017743608,0.700617474850774,5
"871",1980,0,8,-1.07152471794878,-1.82289514130907,-1.80039312407963,3.63639803667286,-0.187399017743608,0.700617474850774,5
"875",1980,0,420,-1.07152471794878,-1.82289514130907,-1.80039312407963,3.63639803667286,-0.187399017743608,0.700617474850774,5
"876",1980,0,188,-1.07152471794878,-1.82289514130907,-1.80039312407963,3.63639803667286,-0.187399017743608,0.700617474850774,5
"877",1980,0,152,-1.07152471794878,-1.82289514130907,-1.80039312407963,3.63639803667286,-0.187399017743608,0.700617474850774,5
"878",1980,0,36,-1.07152471794878,-1.82289514130907,-1.80039312407963,3.63639803667286,-0.187399017743608,0.700617474850774,5
"879",1980,0,48,-1.07152471794878,-1.82289514130907,-1.80039312407963,3.63639803667286,-0.187399017743608,0.700617474850774,5
"880",1980,0,208,-1.07152471794878,-1.82289514130907,-1.80039312407963,3.63639803667286,-0.187399017743608,0.700617474850774,5
"882",1980,0,116,-1.07152471794878,-1.82289514130907,-1.80039312407963,3.63639803667286,-0.187399017743608,0.700617474850774,5
"884",1980,0,28,-1.07152471794878,-1.82289514130907,-1.80039312407963,3.63639803667286,-0.187399017743608,0.700617474850774,5
"886",1980,0,48,-1.07152471794878,-1.82289514130907,-1.80039312407963,3.63639803667286,-0.187399017743608,0.700617474850774,5
"887",1980,0,0,-1.07152471794878,-1.82289514130907,-1.80039312407963,3.63639803667286,-0.187399017743608,0.700617474850774,5
"888",1980,0,24,-1.07152471794878,-1.82289514130907,-1.80039312407963,3.63639803667286,-0.187399017743608,0.700617474850774,5
"889",1980,0,4,-1.07152471794878,-1.82289514130907,-1.80039312407963,3.63639803667286,-0.187399017743608,0.700617474850774,5
"890",1980,0,0,-1.07152471794878,-1.82289514130907,-1.80039312407963,3.63639803667286,-0.187399017743608,0.700617474850774,5
"891",1980,0,4,-1.07152471794878,-1.82289514130907,-1.80039312407963,3.63639803667286,-0.187399017743608,0.700617474850774,5
"892",1980,0,0,-1.07152471794878,-1.82289514130907,-1.80039312407963,3.63639803667286,-0.187399017743608,0.700617474850774,5
"893",1980,0,112,-1.07152471794878,-1.82289514130907,-1.80039312407963,3.63639803667286,-0.187399017743608,0.700617474850774,5
"894",1980,0,96,-1.07152471794878,-1.82289514130907,-1.80039312407963,3.63639803667286,-0.187399017743608,0.700617474850774,5
"895",1980,0,20,-1.07152471794878,-1.82289514130907,-1.80039312407963,3.63639803667286,-0.187399017743608,0.700617474850774,5
"896",1980,0,0,-1.07152471794878,-1.82289514130907,-1.80039312407963,3.63639803667286,-0.187399017743608,0.700617474850774,5
"897",1980,0,0,-1.07152471794878,-1.82289514130907,-1.80039312407963,3.63639803667286,-0.187399017743608,0.700617474850774,5
"898",1980,0,136,-1.07152471794878,-1.82289514130907,-1.80039312407963,3.63639803667286,-0.187399017743608,0.700617474850774,5
"899",1980,0,40,-1.07152471794878,-1.82289514130907,-1.80039312407963,3.63639803667286,-0.187399017743608,0.700617474850774,5
"900",1980,0,44,-1.07152471794878,-1.82289514130907,-1.80039312407963,3.63639803667286,-0.187399017743608,0.700617474850774,5
"901",1980,0,0,-1.07152471794878,-1.82289514130907,-1.80039312407963,3.63639803667286,-0.187399017743608,0.700617474850774,5
"902",1980,0,0,-1.07152471794878,-1.82289514130907,-1.80039312407963,3.63639803667286,-0.187399017743608,0.700617474850774,5
"903",1980,0,0,-1.07152471794878,-1.82289514130907,-1.80039312407963,3.63639803667286,-0.187399017743608,0.700617474850774,5
"904",1980,0,24,-1.07152471794878,-1.82289514130907,-1.80039312407963,3.63639803667286,-0.187399017743608,0.700617474850774,5
"905",1980,0,4,-1.07152471794878,-1.82289514130907,-1.80039312407963,3.63639803667286,-0.187399017743608,0.700617474850774,5
"906",1980,4,64,-1.07152471794878,-1.82289514130907,-1.80039312407963,3.63639803667286,-0.187399017743608,0.700617474850774,5
"907",1980,0,36,-1.07152471794878,-1.82289514130907,-1.80039312407963,3.63639803667286,-0.187399017743608,0.700617474850774,5
"908",1980,0,0,-1.07152471794878,-1.82289514130907,-1.80039312407963,3.63639803667286,-0.187399017743608,0.700617474850774,5
"909",1980,0,196,-1.07152471794878,-1.82289514130907,-1.80039312407963,3.63639803667286,-0.187399017743608,0.700617474850774,5
"910",1980,0,144,-1.07152471794878,-1.82289514130907,-1.80039312407963,3.63639803667286,-0.187399017743608,0.700617474850774,5
"911",1980,0,72,-1.07152471794878,-1.82289514130907,-1.80039312407963,3.63639803667286,-0.187399017743608,0.700617474850774,5
"912",1980,0,4,-1.07152471794878,-1.82289514130907,-1.80039312407963,3.63639803667286,-0.187399017743608,0.700617474850774,5
"842",1981,0,0,-1.93546658642146,0.0102648665599006,-1.7164197414127,-0.555166606285679,-0.76812294596321,-0.687617283137175,6
"843",1981,0,0,-1.93546658642146,0.0102648665599006,-1.7164197414127,-0.555166606285679,-0.76812294596321,-0.687617283137175,6
"844",1981,0,0,-1.93546658642146,0.0102648665599006,-1.7164197414127,-0.555166606285679,-0.76812294596321,-0.687617283137175,6
"845",1981,0,0,-1.93546658642146,0.0102648665599006,-1.7164197414127,-0.555166606285679,-0.76812294596321,-0.687617283137175,6
"846",1981,0,0,-1.93546658642146,0.0102648665599006,-1.7164197414127,-0.555166606285679,-0.76812294596321,-0.687617283137175,6
"847",1981,0,0,-1.93546658642146,0.0102648665599006,-1.7164197414127,-0.555166606285679,-0.76812294596321,-0.687617283137175,6
"848",1981,0,0,-1.93546658642146,0.0102648665599006,-1.7164197414127,-0.555166606285679,-0.76812294596321,-0.687617283137175,6
"849",1981,0,0,-1.93546658642146,0.0102648665599006,-1.7164197414127,-0.555166606285679,-0.76812294596321,-0.687617283137175,6
"850",1981,0,0,-1.93546658642146,0.0102648665599006,-1.7164197414127,-0.555166606285679,-0.76812294596321,-0.687617283137175,6
"852",1981,0,0,-1.93546658642146,0.0102648665599006,-1.7164197414127,-0.555166606285679,-0.76812294596321,-0.687617283137175,6
"853",1981,0,0,-1.93546658642146,0.0102648665599006,-1.7164197414127,-0.555166606285679,-0.76812294596321,-0.687617283137175,6
"854",1981,0,0,-1.93546658642146,0.0102648665599006,-1.7164197414127,-0.555166606285679,-0.76812294596321,-0.687617283137175,6
"855",1981,0,0,-1.93546658642146,0.0102648665599006,-1.7164197414127,-0.555166606285679,-0.76812294596321,-0.687617283137175,6
"856",1981,0,4,-1.93546658642146,0.0102648665599006,-1.7164197414127,-0.555166606285679,-0.76812294596321,-0.687617283137175,6
"858",1981,0,0,-1.93546658642146,0.0102648665599006,-1.7164197414127,-0.555166606285679,-0.76812294596321,-0.687617283137175,6
"859",1981,0,0,-1.93546658642146,0.0102648665599006,-1.7164197414127,-0.555166606285679,-0.76812294596321,-0.687617283137175,6
"860",1981,0,0,-1.93546658642146,0.0102648665599006,-1.7164197414127,-0.555166606285679,-0.76812294596321,-0.687617283137175,6
"861",1981,0,0,-1.93546658642146,0.0102648665599006,-1.7164197414127,-0.555166606285679,-0.76812294596321,-0.687617283137175,6
"871",1981,0,0,-1.93546658642146,0.0102648665599006,-1.7164197414127,-0.555166606285679,-0.76812294596321,-0.687617283137175,6
"875",1981,0,0,-1.93546658642146,0.0102648665599006,-1.7164197414127,-0.555166606285679,-0.76812294596321,-0.687617283137175,6
"876",1981,0,0,-1.93546658642146,0.0102648665599006,-1.7164197414127,-0.555166606285679,-0.76812294596321,-0.687617283137175,6
"877",1981,0,0,-1.93546658642146,0.0102648665599006,-1.7164197414127,-0.555166606285679,-0.76812294596321,-0.687617283137175,6
"878",1981,0,0,-1.93546658642146,0.0102648665599006,-1.7164197414127,-0.555166606285679,-0.76812294596321,-0.687617283137175,6
"879",1981,0,0,-1.93546658642146,0.0102648665599006,-1.7164197414127,-0.555166606285679,-0.76812294596321,-0.687617283137175,6
"880",1981,0,0,-1.93546658642146,0.0102648665599006,-1.7164197414127,-0.555166606285679,-0.76812294596321,-0.687617283137175,6
"882",1981,0,0,-1.93546658642146,0.0102648665599006,-1.7164197414127,-0.555166606285679,-0.76812294596321,-0.687617283137175,6
"884",1981,0,0,-1.93546658642146,0.0102648665599006,-1.7164197414127,-0.555166606285679,-0.76812294596321,-0.687617283137175,6
"886",1981,0,0,-1.93546658642146,0.0102648665599006,-1.7164197414127,-0.555166606285679,-0.76812294596321,-0.687617283137175,6
"887",1981,0,0,-1.93546658642146,0.0102648665599006,-1.7164197414127,-0.555166606285679,-0.76812294596321,-0.687617283137175,6
"888",1981,0,0,-1.93546658642146,0.0102648665599006,-1.7164197414127,-0.555166606285679,-0.76812294596321,-0.687617283137175,6
"889",1981,0,0,-1.93546658642146,0.0102648665599006,-1.7164197414127,-0.555166606285679,-0.76812294596321,-0.687617283137175,6
"890",1981,0,0,-1.93546658642146,0.0102648665599006,-1.7164197414127,-0.555166606285679,-0.76812294596321,-0.687617283137175,6
"891",1981,0,0,-1.93546658642146,0.0102648665599006,-1.7164197414127,-0.555166606285679,-0.76812294596321,-0.687617283137175,6
"892",1981,0,0,-1.93546658642146,0.0102648665599006,-1.7164197414127,-0.555166606285679,-0.76812294596321,-0.687617283137175,6
"893",1981,0,0,-1.93546658642146,0.0102648665599006,-1.7164197414127,-0.555166606285679,-0.76812294596321,-0.687617283137175,6
"894",1981,0,0,-1.93546658642146,0.0102648665599006,-1.7164197414127,-0.555166606285679,-0.76812294596321,-0.687617283137175,6
"895",1981,0,0,-1.93546658642146,0.0102648665599006,-1.7164197414127,-0.555166606285679,-0.76812294596321,-0.687617283137175,6
"896",1981,0,0,-1.93546658642146,0.0102648665599006,-1.7164197414127,-0.555166606285679,-0.76812294596321,-0.687617283137175,6
"897",1981,0,0,-1.93546658642146,0.0102648665599006,-1.7164197414127,-0.555166606285679,-0.76812294596321,-0.687617283137175,6
"898",1981,0,0,-1.93546658642146,0.0102648665599006,-1.7164197414127,-0.555166606285679,-0.76812294596321,-0.687617283137175,6
"899",1981,0,0,-1.93546658642146,0.0102648665599006,-1.7164197414127,-0.555166606285679,-0.76812294596321,-0.687617283137175,6
"900",1981,0,0,-1.93546658642146,0.0102648665599006,-1.7164197414127,-0.555166606285679,-0.76812294596321,-0.687617283137175,6
"901",1981,0,0,-1.93546658642146,0.0102648665599006,-1.7164197414127,-0.555166606285679,-0.76812294596321,-0.687617283137175,6
"902",1981,0,0,-1.93546658642146,0.0102648665599006,-1.7164197414127,-0.555166606285679,-0.76812294596321,-0.687617283137175,6
"903",1981,0,0,-1.93546658642146,0.0102648665599006,-1.7164197414127,-0.555166606285679,-0.76812294596321,-0.687617283137175,6
"904",1981,0,0,-1.93546658642146,0.0102648665599006,-1.7164197414127,-0.555166606285679,-0.76812294596321,-0.687617283137175,6
"905",1981,0,0,-1.93546658642146,0.0102648665599006,-1.7164197414127,-0.555166606285679,-0.76812294596321,-0.687617283137175,6
"906",1981,0,4,-1.93546658642146,0.0102648665599006,-1.7164197414127,-0.555166606285679,-0.76812294596321,-0.687617283137175,6
"907",1981,0,0,-1.93546658642146,0.0102648665599006,-1.7164197414127,-0.555166606285679,-0.76812294596321,-0.687617283137175,6
"908",1981,0,0,-1.93546658642146,0.0102648665599006,-1.7164197414127,-0.555166606285679,-0.76812294596321,-0.687617283137175,6
"909",1981,0,0,-1.93546658642146,0.0102648665599006,-1.7164197414127,-0.555166606285679,-0.76812294596321,-0.687617283137175,6
"910",1981,0,0,-1.93546658642146,0.0102648665599006,-1.7164197414127,-0.555166606285679,-0.76812294596321,-0.687617283137175,6
"911",1981,0,0,-1.93546658642146,0.0102648665599006,-1.7164197414127,-0.555166606285679,-0.76812294596321,-0.687617283137175,6
"912",1981,0,0,-1.93546658642146,0.0102648665599006,-1.7164197414127,-0.555166606285679,-0.76812294596321,-0.687617283137175,6
"842",1983,612,NA,0.128808309081526,-0.437241841243407,0.899104148125029,-0.767696644520197,0.440319910447521,-0.754011119388772,8
"843",1983,556,NA,0.128808309081526,-0.437241841243407,0.899104148125029,-0.767696644520197,0.440319910447521,-0.754011119388772,8
"844",1983,360,NA,0.128808309081526,-0.437241841243407,0.899104148125029,-0.767696644520197,0.440319910447521,-0.754011119388772,8
"849",1983,336,NA,0.128808309081526,-0.437241841243407,0.899104148125029,-0.767696644520197,0.440319910447521,-0.754011119388772,8
"852",1983,1048,NA,0.128808309081526,-0.437241841243407,0.899104148125029,-0.767696644520197,0.440319910447521,-0.754011119388772,8
"853",1983,216,NA,0.128808309081526,-0.437241841243407,0.899104148125029,-0.767696644520197,0.440319910447521,-0.754011119388772,8
"854",1983,1048,NA,0.128808309081526,-0.437241841243407,0.899104148125029,-0.767696644520197,0.440319910447521,-0.754011119388772,8
"862",1983,460,NA,0.128808309081526,-0.437241841243407,0.899104148125029,-0.767696644520197,0.440319910447521,-0.754011119388772,8
"863",1983,392,NA,0.128808309081526,-0.437241841243407,0.899104148125029,-0.767696644520197,0.440319910447521,-0.754011119388772,8
"864",1983,472,NA,0.128808309081526,-0.437241841243407,0.899104148125029,-0.767696644520197,0.440319910447521,-0.754011119388772,8
"865",1983,520,NA,0.128808309081526,-0.437241841243407,0.899104148125029,-0.767696644520197,0.440319910447521,-0.754011119388772,8
"866",1983,364,NA,0.128808309081526,-0.437241841243407,0.899104148125029,-0.767696644520197,0.440319910447521,-0.754011119388772,8
"867",1983,672,NA,0.128808309081526,-0.437241841243407,0.899104148125029,-0.767696644520197,0.440319910447521,-0.754011119388772,8
"868",1983,764,NA,0.128808309081526,-0.437241841243407,0.899104148125029,-0.767696644520197,0.440319910447521,-0.754011119388772,8
"869",1983,584,NA,0.128808309081526,-0.437241841243407,0.899104148125029,-0.767696644520197,0.440319910447521,-0.754011119388772,8
"870",1983,420,NA,0.128808309081526,-0.437241841243407,0.899104148125029,-0.767696644520197,0.440319910447521,-0.754011119388772,8
"873",1983,864,NA,0.128808309081526,-0.437241841243407,0.899104148125029,-0.767696644520197,0.440319910447521,-0.754011119388772,8
"875",1983,596,NA,0.128808309081526,-0.437241841243407,0.899104148125029,-0.767696644520197,0.440319910447521,-0.754011119388772,8
"879",1983,1928,NA,0.128808309081526,-0.437241841243407,0.899104148125029,-0.767696644520197,0.440319910447521,-0.754011119388772,8
"880",1983,800,NA,0.128808309081526,-0.437241841243407,0.899104148125029,-0.767696644520197,0.440319910447521,-0.754011119388772,8
"881",1983,700,NA,0.128808309081526,-0.437241841243407,0.899104148125029,-0.767696644520197,0.440319910447521,-0.754011119388772,8
"883",1983,440,NA,0.128808309081526,-0.437241841243407,0.899104148125029,-0.767696644520197,0.440319910447521,-0.754011119388772,8
"884",1983,1024,NA,0.128808309081526,-0.437241841243407,0.899104148125029,-0.767696644520197,0.440319910447521,-0.754011119388772,8
"885",1983,656,NA,0.128808309081526,-0.437241841243407,0.899104148125029,-0.767696644520197,0.440319910447521,-0.754011119388772,8
"887",1983,484,NA,0.128808309081526,-0.437241841243407,0.899104148125029,-0.767696644520197,0.440319910447521,-0.754011119388772,8
"888",1983,336,NA,0.128808309081526,-0.437241841243407,0.899104148125029,-0.767696644520197,0.440319910447521,-0.754011119388772,8
"889",1983,436,NA,0.128808309081526,-0.437241841243407,0.899104148125029,-0.767696644520197,0.440319910447521,-0.754011119388772,8
"890",1983,672,NA,0.128808309081526,-0.437241841243407,0.899104148125029,-0.767696644520197,0.440319910447521,-0.754011119388772,8
"891",1983,916,NA,0.128808309081526,-0.437241841243407,0.899104148125029,-0.767696644520197,0.440319910447521,-0.754011119388772,8
"894",1983,960,NA,0.128808309081526,-0.437241841243407,0.899104148125029,-0.767696644520197,0.440319910447521,-0.754011119388772,8
"895",1983,636,NA,0.128808309081526,-0.437241841243407,0.899104148125029,-0.767696644520197,0.440319910447521,-0.754011119388772,8
"896",1983,292,NA,0.128808309081526,-0.437241841243407,0.899104148125029,-0.767696644520197,0.440319910447521,-0.754011119388772,8
"897",1983,192,NA,0.128808309081526,-0.437241841243407,0.899104148125029,-0.767696644520197,0.440319910447521,-0.754011119388772,8
"898",1983,836,NA,0.128808309081526,-0.437241841243407,0.899104148125029,-0.767696644520197,0.440319910447521,-0.754011119388772,8
"900",1983,140,NA,0.128808309081526,-0.437241841243407,0.899104148125029,-0.767696644520197,0.440319910447521,-0.754011119388772,8
"901",1983,152,NA,0.128808309081526,-0.437241841243407,0.899104148125029,-0.767696644520197,0.440319910447521,-0.754011119388772,8
"902",1983,580,NA,0.128808309081526,-0.437241841243407,0.899104148125029,-0.767696644520197,0.440319910447521,-0.754011119388772,8
"903",1983,148,NA,0.128808309081526,-0.437241841243407,0.899104148125029,-0.767696644520197,0.440319910447521,-0.754011119388772,8
"904",1983,480,NA,0.128808309081526,-0.437241841243407,0.899104148125029,-0.767696644520197,0.440319910447521,-0.754011119388772,8
"905",1983,440,NA,0.128808309081526,-0.437241841243407,0.899104148125029,-0.767696644520197,0.440319910447521,-0.754011119388772,8
"906",1983,328,NA,0.128808309081526,-0.437241841243407,0.899104148125029,-0.767696644520197,0.440319910447521,-0.754011119388772,8
"907",1983,312,NA,0.128808309081526,-0.437241841243407,0.899104148125029,-0.767696644520197,0.440319910447521,-0.754011119388772,8
"908",1983,712,NA,0.128808309081526,-0.437241841243407,0.899104148125029,-0.767696644520197,0.440319910447521,-0.754011119388772,8
"909",1983,1344,NA,0.128808309081526,-0.437241841243407,0.899104148125029,-0.767696644520197,0.440319910447521,-0.754011119388772,8
"910",1983,1940,NA,0.128808309081526,-0.437241841243407,0.899104148125029,-0.767696644520197,0.440319910447521,-0.754011119388772,8
"911",1983,1424,NA,0.128808309081526,-0.437241841243407,0.899104148125029,-0.767696644520197,0.440319910447521,-0.754011119388772,8
"912",1983,1580,NA,0.128808309081526,-0.437241841243407,0.899104148125029,-0.767696644520197,0.440319910447521,-0.754011119388772,8
"842",1984,0,612,1.60843288841981,-1.08423949107951,-1.17306255945018,0.843989478758229,-0.655670624602767,-0.983371644621564,9
"843",1984,0,556,1.60843288841981,-1.08423949107951,-1.17306255945018,0.843989478758229,-0.655670624602767,-0.983371644621564,9
"844",1984,16,360,1.60843288841981,-1.08423949107951,-1.17306255945018,0.843989478758229,-0.655670624602767,-0.983371644621564,9
"845",1984,4,NA,1.60843288841981,-1.08423949107951,-1.17306255945018,0.843989478758229,-0.655670624602767,-0.983371644621564,9
"846",1984,0,NA,1.60843288841981,-1.08423949107951,-1.17306255945018,0.843989478758229,-0.655670624602767,-0.983371644621564,9
"847",1984,24,NA,1.60843288841981,-1.08423949107951,-1.17306255945018,0.843989478758229,-0.655670624602767,-0.983371644621564,9
"848",1984,8,NA,1.60843288841981,-1.08423949107951,-1.17306255945018,0.843989478758229,-0.655670624602767,-0.983371644621564,9
"849",1984,0,336,1.60843288841981,-1.08423949107951,-1.17306255945018,0.843989478758229,-0.655670624602767,-0.983371644621564,9
"850",1984,0,NA,1.60843288841981,-1.08423949107951,-1.17306255945018,0.843989478758229,-0.655670624602767,-0.983371644621564,9
"852",1984,4,1048,1.60843288841981,-1.08423949107951,-1.17306255945018,0.843989478758229,-0.655670624602767,-0.983371644621564,9
"853",1984,40,216,1.60843288841981,-1.08423949107951,-1.17306255945018,0.843989478758229,-0.655670624602767,-0.983371644621564,9
"854",1984,20,1048,1.60843288841981,-1.08423949107951,-1.17306255945018,0.843989478758229,-0.655670624602767,-0.983371644621564,9
"856",1984,4,NA,1.60843288841981,-1.08423949107951,-1.17306255945018,0.843989478758229,-0.655670624602767,-0.983371644621564,9
"858",1984,0,NA,1.60843288841981,-1.08423949107951,-1.17306255945018,0.843989478758229,-0.655670624602767,-0.983371644621564,9
"859",1984,0,NA,1.60843288841981,-1.08423949107951,-1.17306255945018,0.843989478758229,-0.655670624602767,-0.983371644621564,9
"860",1984,0,NA,1.60843288841981,-1.08423949107951,-1.17306255945018,0.843989478758229,-0.655670624602767,-0.983371644621564,9
"871",1984,76,NA,1.60843288841981,-1.08423949107951,-1.17306255945018,0.843989478758229,-0.655670624602767,-0.983371644621564,9
"875",1984,116,596,1.60843288841981,-1.08423949107951,-1.17306255945018,0.843989478758229,-0.655670624602767,-0.983371644621564,9
"876",1984,0,NA,1.60843288841981,-1.08423949107951,-1.17306255945018,0.843989478758229,-0.655670624602767,-0.983371644621564,9
"877",1984,40,NA,1.60843288841981,-1.08423949107951,-1.17306255945018,0.843989478758229,-0.655670624602767,-0.983371644621564,9
"878",1984,88,NA,1.60843288841981,-1.08423949107951,-1.17306255945018,0.843989478758229,-0.655670624602767,-0.983371644621564,9
"879",1984,0,1928,1.60843288841981,-1.08423949107951,-1.17306255945018,0.843989478758229,-0.655670624602767,-0.983371644621564,9
"880",1984,8,800,1.60843288841981,-1.08423949107951,-1.17306255945018,0.843989478758229,-0.655670624602767,-0.983371644621564,9
"882",1984,0,NA,1.60843288841981,-1.08423949107951,-1.17306255945018,0.843989478758229,-0.655670624602767,-0.983371644621564,9
"884",1984,0,1024,1.60843288841981,-1.08423949107951,-1.17306255945018,0.843989478758229,-0.655670624602767,-0.983371644621564,9
"886",1984,72,NA,1.60843288841981,-1.08423949107951,-1.17306255945018,0.843989478758229,-0.655670624602767,-0.983371644621564,9
"887",1984,16,484,1.60843288841981,-1.08423949107951,-1.17306255945018,0.843989478758229,-0.655670624602767,-0.983371644621564,9
"888",1984,0,336,1.60843288841981,-1.08423949107951,-1.17306255945018,0.843989478758229,-0.655670624602767,-0.983371644621564,9
"889",1984,36,436,1.60843288841981,-1.08423949107951,-1.17306255945018,0.843989478758229,-0.655670624602767,-0.983371644621564,9
"890",1984,0,672,1.60843288841981,-1.08423949107951,-1.17306255945018,0.843989478758229,-0.655670624602767,-0.983371644621564,9
"891",1984,0,916,1.60843288841981,-1.08423949107951,-1.17306255945018,0.843989478758229,-0.655670624602767,-0.983371644621564,9
"892",1984,0,NA,1.60843288841981,-1.08423949107951,-1.17306255945018,0.843989478758229,-0.655670624602767,-0.983371644621564,9
"893",1984,0,NA,1.60843288841981,-1.08423949107951,-1.17306255945018,0.843989478758229,-0.655670624602767,-0.983371644621564,9
"894",1984,0,960,1.60843288841981,-1.08423949107951,-1.17306255945018,0.843989478758229,-0.655670624602767,-0.983371644621564,9
"895",1984,0,636,1.60843288841981,-1.08423949107951,-1.17306255945018,0.843989478758229,-0.655670624602767,-0.983371644621564,9
"896",1984,0,292,1.60843288841981,-1.08423949107951,-1.17306255945018,0.843989478758229,-0.655670624602767,-0.983371644621564,9
"897",1984,0,192,1.60843288841981,-1.08423949107951,-1.17306255945018,0.843989478758229,-0.655670624602767,-0.983371644621564,9
"898",1984,0,836,1.60843288841981,-1.08423949107951,-1.17306255945018,0.843989478758229,-0.655670624602767,-0.983371644621564,9
"899",1984,0,NA,1.60843288841981,-1.08423949107951,-1.17306255945018,0.843989478758229,-0.655670624602767,-0.983371644621564,9
"900",1984,0,140,1.60843288841981,-1.08423949107951,-1.17306255945018,0.843989478758229,-0.655670624602767,-0.983371644621564,9
"901",1984,4,152,1.60843288841981,-1.08423949107951,-1.17306255945018,0.843989478758229,-0.655670624602767,-0.983371644621564,9
"902",1984,0,580,1.60843288841981,-1.08423949107951,-1.17306255945018,0.843989478758229,-0.655670624602767,-0.983371644621564,9
"903",1984,0,148,1.60843288841981,-1.08423949107951,-1.17306255945018,0.843989478758229,-0.655670624602767,-0.983371644621564,9
"904",1984,4,480,1.60843288841981,-1.08423949107951,-1.17306255945018,0.843989478758229,-0.655670624602767,-0.983371644621564,9
"905",1984,8,440,1.60843288841981,-1.08423949107951,-1.17306255945018,0.843989478758229,-0.655670624602767,-0.983371644621564,9
"906",1984,0,328,1.60843288841981,-1.08423949107951,-1.17306255945018,0.843989478758229,-0.655670624602767,-0.983371644621564,9
"907",1984,0,312,1.60843288841981,-1.08423949107951,-1.17306255945018,0.843989478758229,-0.655670624602767,-0.983371644621564,9
"908",1984,64,712,1.60843288841981,-1.08423949107951,-1.17306255945018,0.843989478758229,-0.655670624602767,-0.983371644621564,9
"909",1984,0,1344,1.60843288841981,-1.08423949107951,-1.17306255945018,0.843989478758229,-0.655670624602767,-0.983371644621564,9
"910",1984,0,1940,1.60843288841981,-1.08423949107951,-1.17306255945018,0.843989478758229,-0.655670624602767,-0.983371644621564,9
"911",1984,0,1424,1.60843288841981,-1.08423949107951,-1.17306255945018,0.843989478758229,-0.655670624602767,-0.983371644621564,9
"912",1984,0,1580,1.60843288841981,-1.08423949107951,-1.17306255945018,0.843989478758229,-0.655670624602767,-0.983371644621564,9
"913",1984,0,NA,1.60843288841981,-1.08423949107951,-1.17306255945018,0.843989478758229,-0.655670624602767,-0.983371644621564,9
"842",1985,8,0,-1.33716201658837,0.937628164658319,-1.15083431109717,-0.230467936760722,-1.5351484812128,1.52148672305234,10
"843",1985,0,0,-1.33716201658837,0.937628164658319,-1.15083431109717,-0.230467936760722,-1.5351484812128,1.52148672305234,10
"844",1985,8,16,-1.33716201658837,0.937628164658319,-1.15083431109717,-0.230467936760722,-1.5351484812128,1.52148672305234,10
"845",1985,0,4,-1.33716201658837,0.937628164658319,-1.15083431109717,-0.230467936760722,-1.5351484812128,1.52148672305234,10
"846",1985,0,0,-1.33716201658837,0.937628164658319,-1.15083431109717,-0.230467936760722,-1.5351484812128,1.52148672305234,10
"847",1985,8,24,-1.33716201658837,0.937628164658319,-1.15083431109717,-0.230467936760722,-1.5351484812128,1.52148672305234,10
"848",1985,8,8,-1.33716201658837,0.937628164658319,-1.15083431109717,-0.230467936760722,-1.5351484812128,1.52148672305234,10
"849",1985,0,0,-1.33716201658837,0.937628164658319,-1.15083431109717,-0.230467936760722,-1.5351484812128,1.52148672305234,10
"850",1985,4,0,-1.33716201658837,0.937628164658319,-1.15083431109717,-0.230467936760722,-1.5351484812128,1.52148672305234,10
"852",1985,0,4,-1.33716201658837,0.937628164658319,-1.15083431109717,-0.230467936760722,-1.5351484812128,1.52148672305234,10
"853",1985,0,40,-1.33716201658837,0.937628164658319,-1.15083431109717,-0.230467936760722,-1.5351484812128,1.52148672305234,10
"854",1985,52,20,-1.33716201658837,0.937628164658319,-1.15083431109717,-0.230467936760722,-1.5351484812128,1.52148672305234,10
"856",1985,0,4,-1.33716201658837,0.937628164658319,-1.15083431109717,-0.230467936760722,-1.5351484812128,1.52148672305234,10
"858",1985,0,0,-1.33716201658837,0.937628164658319,-1.15083431109717,-0.230467936760722,-1.5351484812128,1.52148672305234,10
"859",1985,24,0,-1.33716201658837,0.937628164658319,-1.15083431109717,-0.230467936760722,-1.5351484812128,1.52148672305234,10
"860",1985,0,0,-1.33716201658837,0.937628164658319,-1.15083431109717,-0.230467936760722,-1.5351484812128,1.52148672305234,10
"861",1985,0,NA,-1.33716201658837,0.937628164658319,-1.15083431109717,-0.230467936760722,-1.5351484812128,1.52148672305234,10
"871",1985,0,76,-1.33716201658837,0.937628164658319,-1.15083431109717,-0.230467936760722,-1.5351484812128,1.52148672305234,10
"873",1985,0,NA,-1.33716201658837,0.937628164658319,-1.15083431109717,-0.230467936760722,-1.5351484812128,1.52148672305234,10
"875",1985,0,116,-1.33716201658837,0.937628164658319,-1.15083431109717,-0.230467936760722,-1.5351484812128,1.52148672305234,10
"876",1985,0,0,-1.33716201658837,0.937628164658319,-1.15083431109717,-0.230467936760722,-1.5351484812128,1.52148672305234,10
"877",1985,88,40,-1.33716201658837,0.937628164658319,-1.15083431109717,-0.230467936760722,-1.5351484812128,1.52148672305234,10
"878",1985,0,88,-1.33716201658837,0.937628164658319,-1.15083431109717,-0.230467936760722,-1.5351484812128,1.52148672305234,10
"879",1985,0,0,-1.33716201658837,0.937628164658319,-1.15083431109717,-0.230467936760722,-1.5351484812128,1.52148672305234,10
"880",1985,24,8,-1.33716201658837,0.937628164658319,-1.15083431109717,-0.230467936760722,-1.5351484812128,1.52148672305234,10
"882",1985,0,0,-1.33716201658837,0.937628164658319,-1.15083431109717,-0.230467936760722,-1.5351484812128,1.52148672305234,10
"884",1985,0,0,-1.33716201658837,0.937628164658319,-1.15083431109717,-0.230467936760722,-1.5351484812128,1.52148672305234,10
"886",1985,0,72,-1.33716201658837,0.937628164658319,-1.15083431109717,-0.230467936760722,-1.5351484812128,1.52148672305234,10
"887",1985,0,16,-1.33716201658837,0.937628164658319,-1.15083431109717,-0.230467936760722,-1.5351484812128,1.52148672305234,10
"888",1985,0,0,-1.33716201658837,0.937628164658319,-1.15083431109717,-0.230467936760722,-1.5351484812128,1.52148672305234,10
"889",1985,0,36,-1.33716201658837,0.937628164658319,-1.15083431109717,-0.230467936760722,-1.5351484812128,1.52148672305234,10
"890",1985,0,0,-1.33716201658837,0.937628164658319,-1.15083431109717,-0.230467936760722,-1.5351484812128,1.52148672305234,10
"891",1985,0,0,-1.33716201658837,0.937628164658319,-1.15083431109717,-0.230467936760722,-1.5351484812128,1.52148672305234,10
"892",1985,24,0,-1.33716201658837,0.937628164658319,-1.15083431109717,-0.230467936760722,-1.5351484812128,1.52148672305234,10
"893",1985,72,0,-1.33716201658837,0.937628164658319,-1.15083431109717,-0.230467936760722,-1.5351484812128,1.52148672305234,10
"894",1985,0,0,-1.33716201658837,0.937628164658319,-1.15083431109717,-0.230467936760722,-1.5351484812128,1.52148672305234,10
"895",1985,0,0,-1.33716201658837,0.937628164658319,-1.15083431109717,-0.230467936760722,-1.5351484812128,1.52148672305234,10
"896",1985,0,0,-1.33716201658837,0.937628164658319,-1.15083431109717,-0.230467936760722,-1.5351484812128,1.52148672305234,10
"897",1985,0,0,-1.33716201658837,0.937628164658319,-1.15083431109717,-0.230467936760722,-1.5351484812128,1.52148672305234,10
"898",1985,0,0,-1.33716201658837,0.937628164658319,-1.15083431109717,-0.230467936760722,-1.5351484812128,1.52148672305234,10
"899",1985,0,0,-1.33716201658837,0.937628164658319,-1.15083431109717,-0.230467936760722,-1.5351484812128,1.52148672305234,10
"900",1985,0,0,-1.33716201658837,0.937628164658319,-1.15083431109717,-0.230467936760722,-1.5351484812128,1.52148672305234,10
"901",1985,0,4,-1.33716201658837,0.937628164658319,-1.15083431109717,-0.230467936760722,-1.5351484812128,1.52148672305234,10
"902",1985,0,0,-1.33716201658837,0.937628164658319,-1.15083431109717,-0.230467936760722,-1.5351484812128,1.52148672305234,10
"903",1985,0,0,-1.33716201658837,0.937628164658319,-1.15083431109717,-0.230467936760722,-1.5351484812128,1.52148672305234,10
"904",1985,0,4,-1.33716201658837,0.937628164658319,-1.15083431109717,-0.230467936760722,-1.5351484812128,1.52148672305234,10
"905",1985,8,8,-1.33716201658837,0.937628164658319,-1.15083431109717,-0.230467936760722,-1.5351484812128,1.52148672305234,10
"906",1985,100,0,-1.33716201658837,0.937628164658319,-1.15083431109717,-0.230467936760722,-1.5351484812128,1.52148672305234,10
"907",1985,0,0,-1.33716201658837,0.937628164658319,-1.15083431109717,-0.230467936760722,-1.5351484812128,1.52148672305234,10
"908",1985,4,64,-1.33716201658837,0.937628164658319,-1.15083431109717,-0.230467936760722,-1.5351484812128,1.52148672305234,10
"909",1985,4,0,-1.33716201658837,0.937628164658319,-1.15083431109717,-0.230467936760722,-1.5351484812128,1.52148672305234,10
"910",1985,4,0,-1.33716201658837,0.937628164658319,-1.15083431109717,-0.230467936760722,-1.5351484812128,1.52148672305234,10
"911",1985,8,0,-1.33716201658837,0.937628164658319,-1.15083431109717,-0.230467936760722,-1.5351484812128,1.52148672305234,10
"912",1985,0,0,-1.33716201658837,0.937628164658319,-1.15083431109717,-0.230467936760722,-1.5351484812128,1.52148672305234,10
"913",1985,0,0,-1.33716201658837,0.937628164658319,-1.15083431109717,-0.230467936760722,-1.5351484812128,1.52148672305234,10
"842",1986,172,8,-0.582454177462799,1.02928616505177,1.42023308173453,-1.30492535227967,-0.373700624773596,-0.850583972118368,11
"843",1986,168,0,-0.582454177462799,1.02928616505177,1.42023308173453,-1.30492535227967,-0.373700624773596,-0.850583972118368,11
"844",1986,72,8,-0.582454177462799,1.02928616505177,1.42023308173453,-1.30492535227967,-0.373700624773596,-0.850583972118368,11
"849",1986,100,0,-0.582454177462799,1.02928616505177,1.42023308173453,-1.30492535227967,-0.373700624773596,-0.850583972118368,11
"850",1986,612,4,-0.582454177462799,1.02928616505177,1.42023308173453,-1.30492535227967,-0.373700624773596,-0.850583972118368,11
"852",1986,188,0,-0.582454177462799,1.02928616505177,1.42023308173453,-1.30492535227967,-0.373700624773596,-0.850583972118368,11
"853",1986,120,0,-0.582454177462799,1.02928616505177,1.42023308173453,-1.30492535227967,-0.373700624773596,-0.850583972118368,11
"854",1986,792,52,-0.582454177462799,1.02928616505177,1.42023308173453,-1.30492535227967,-0.373700624773596,-0.850583972118368,11
"871",1986,752,0,-0.582454177462799,1.02928616505177,1.42023308173453,-1.30492535227967,-0.373700624773596,-0.850583972118368,11
"873",1986,0,0,-0.582454177462799,1.02928616505177,1.42023308173453,-1.30492535227967,-0.373700624773596,-0.850583972118368,11
"875",1986,856,0,-0.582454177462799,1.02928616505177,1.42023308173453,-1.30492535227967,-0.373700624773596,-0.850583972118368,11
"876",1986,304,0,-0.582454177462799,1.02928616505177,1.42023308173453,-1.30492535227967,-0.373700624773596,-0.850583972118368,11
"877",1986,668,88,-0.582454177462799,1.02928616505177,1.42023308173453,-1.30492535227967,-0.373700624773596,-0.850583972118368,11
"879",1986,8,0,-0.582454177462799,1.02928616505177,1.42023308173453,-1.30492535227967,-0.373700624773596,-0.850583972118368,11
"880",1986,424,24,-0.582454177462799,1.02928616505177,1.42023308173453,-1.30492535227967,-0.373700624773596,-0.850583972118368,11
"884",1986,168,0,-0.582454177462799,1.02928616505177,1.42023308173453,-1.30492535227967,-0.373700624773596,-0.850583972118368,11
"887",1986,172,0,-0.582454177462799,1.02928616505177,1.42023308173453,-1.30492535227967,-0.373700624773596,-0.850583972118368,11
"888",1986,28,0,-0.582454177462799,1.02928616505177,1.42023308173453,-1.30492535227967,-0.373700624773596,-0.850583972118368,11
"891",1986,12,0,-0.582454177462799,1.02928616505177,1.42023308173453,-1.30492535227967,-0.373700624773596,-0.850583972118368,11
"894",1986,36,0,-0.582454177462799,1.02928616505177,1.42023308173453,-1.30492535227967,-0.373700624773596,-0.850583972118368,11
"895",1986,28,0,-0.582454177462799,1.02928616505177,1.42023308173453,-1.30492535227967,-0.373700624773596,-0.850583972118368,11
"896",1986,0,0,-0.582454177462799,1.02928616505177,1.42023308173453,-1.30492535227967,-0.373700624773596,-0.850583972118368,11
"897",1986,0,0,-0.582454177462799,1.02928616505177,1.42023308173453,-1.30492535227967,-0.373700624773596,-0.850583972118368,11
"898",1986,4,0,-0.582454177462799,1.02928616505177,1.42023308173453,-1.30492535227967,-0.373700624773596,-0.850583972118368,11
"905",1986,44,8,-0.582454177462799,1.02928616505177,1.42023308173453,-1.30492535227967,-0.373700624773596,-0.850583972118368,11
"906",1986,80,100,-0.582454177462799,1.02928616505177,1.42023308173453,-1.30492535227967,-0.373700624773596,-0.850583972118368,11
"907",1986,124,0,-0.582454177462799,1.02928616505177,1.42023308173453,-1.30492535227967,-0.373700624773596,-0.850583972118368,11
"909",1986,8,4,-0.582454177462799,1.02928616505177,1.42023308173453,-1.30492535227967,-0.373700624773596,-0.850583972118368,11
"910",1986,8,4,-0.582454177462799,1.02928616505177,1.42023308173453,-1.30492535227967,-0.373700624773596,-0.850583972118368,11
"911",1986,48,8,-0.582454177462799,1.02928616505177,1.42023308173453,-1.30492535227967,-0.373700624773596,-0.850583972118368,11
"912",1986,20,0,-0.582454177462799,1.02928616505177,1.42023308173453,-1.30492535227967,-0.373700624773596,-0.850583972118368,11
"842",1987,368,172,0.548366285437517,-0.0975680750794505,-0.113516054623286,-0.744082195827473,0.62662151747751,0.495400162800382,12
"843",1987,336,168,0.548366285437517,-0.0975680750794505,-0.113516054623286,-0.744082195827473,0.62662151747751,0.495400162800382,12
"844",1987,268,72,0.548366285437517,-0.0975680750794505,-0.113516054623286,-0.744082195827473,0.62662151747751,0.495400162800382,12
"849",1987,508,100,0.548366285437517,-0.0975680750794505,-0.113516054623286,-0.744082195827473,0.62662151747751,0.495400162800382,12
"850",1987,140,612,0.548366285437517,-0.0975680750794505,-0.113516054623286,-0.744082195827473,0.62662151747751,0.495400162800382,12
"852",1987,428,188,0.548366285437517,-0.0975680750794505,-0.113516054623286,-0.744082195827473,0.62662151747751,0.495400162800382,12
"853",1987,628,120,0.548366285437517,-0.0975680750794505,-0.113516054623286,-0.744082195827473,0.62662151747751,0.495400162800382,12
"854",1987,908,792,0.548366285437517,-0.0975680750794505,-0.113516054623286,-0.744082195827473,0.62662151747751,0.495400162800382,12
"871",1987,1448,752,0.548366285437517,-0.0975680750794505,-0.113516054623286,-0.744082195827473,0.62662151747751,0.495400162800382,12
"875",1987,64,856,0.548366285437517,-0.0975680750794505,-0.113516054623286,-0.744082195827473,0.62662151747751,0.495400162800382,12
"876",1987,220,304,0.548366285437517,-0.0975680750794505,-0.113516054623286,-0.744082195827473,0.62662151747751,0.495400162800382,12
"877",1987,256,668,0.548366285437517,-0.0975680750794505,-0.113516054623286,-0.744082195827473,0.62662151747751,0.495400162800382,12
"879",1987,1180,8,0.548366285437517,-0.0975680750794505,-0.113516054623286,-0.744082195827473,0.62662151747751,0.495400162800382,12
"880",1987,592,424,0.548366285437517,-0.0975680750794505,-0.113516054623286,-0.744082195827473,0.62662151747751,0.495400162800382,12
"884",1987,380,168,0.548366285437517,-0.0975680750794505,-0.113516054623286,-0.744082195827473,0.62662151747751,0.495400162800382,12
"887",1987,284,172,0.548366285437517,-0.0975680750794505,-0.113516054623286,-0.744082195827473,0.62662151747751,0.495400162800382,12
"888",1987,368,28,0.548366285437517,-0.0975680750794505,-0.113516054623286,-0.744082195827473,0.62662151747751,0.495400162800382,12
"891",1987,432,12,0.548366285437517,-0.0975680750794505,-0.113516054623286,-0.744082195827473,0.62662151747751,0.495400162800382,12
"894",1987,788,36,0.548366285437517,-0.0975680750794505,-0.113516054623286,-0.744082195827473,0.62662151747751,0.495400162800382,12
"895",1987,652,28,0.548366285437517,-0.0975680750794505,-0.113516054623286,-0.744082195827473,0.62662151747751,0.495400162800382,12
"896",1987,212,0,0.548366285437517,-0.0975680750794505,-0.113516054623286,-0.744082195827473,0.62662151747751,0.495400162800382,12
"897",1987,112,0,0.548366285437517,-0.0975680750794505,-0.113516054623286,-0.744082195827473,0.62662151747751,0.495400162800382,12
"898",1987,500,4,0.548366285437517,-0.0975680750794505,-0.113516054623286,-0.744082195827473,0.62662151747751,0.495400162800382,12
"905",1987,308,44,0.548366285437517,-0.0975680750794505,-0.113516054623286,-0.744082195827473,0.62662151747751,0.495400162800382,12
"906",1987,288,80,0.548366285437517,-0.0975680750794505,-0.113516054623286,-0.744082195827473,0.62662151747751,0.495400162800382,12
"907",1987,200,124,0.548366285437517,-0.0975680750794505,-0.113516054623286,-0.744082195827473,0.62662151747751,0.495400162800382,12
"909",1987,1116,8,0.548366285437517,-0.0975680750794505,-0.113516054623286,-0.744082195827473,0.62662151747751,0.495400162800382,12
"910",1987,624,8,0.548366285437517,-0.0975680750794505,-0.113516054623286,-0.744082195827473,0.62662151747751,0.495400162800382,12
"911",1987,648,48,0.548366285437517,-0.0975680750794505,-0.113516054623286,-0.744082195827473,0.62662151747751,0.495400162800382,12
"912",1987,688,20,0.548366285437517,-0.0975680750794505,-0.113516054623286,-0.744082195827473,0.62662151747751,0.495400162800382,12
"842",1988,0,368,-0.578730290098692,-1.89298655337465,-0.56055082705608,0.318567995345116,-1.1994699099876,-0.977335841325964,13
"843",1988,0,336,-0.578730290098692,-1.89298655337465,-0.56055082705608,0.318567995345116,-1.1994699099876,-0.977335841325964,13
"844",1988,0,268,-0.578730290098692,-1.89298655337465,-0.56055082705608,0.318567995345116,-1.1994699099876,-0.977335841325964,13
"849",1988,0,508,-0.578730290098692,-1.89298655337465,-0.56055082705608,0.318567995345116,-1.1994699099876,-0.977335841325964,13
"850",1988,0,140,-0.578730290098692,-1.89298655337465,-0.56055082705608,0.318567995345116,-1.1994699099876,-0.977335841325964,13
"852",1988,0,428,-0.578730290098692,-1.89298655337465,-0.56055082705608,0.318567995345116,-1.1994699099876,-0.977335841325964,13
"853",1988,0,628,-0.578730290098692,-1.89298655337465,-0.56055082705608,0.318567995345116,-1.1994699099876,-0.977335841325964,13
"854",1988,0,908,-0.578730290098692,-1.89298655337465,-0.56055082705608,0.318567995345116,-1.1994699099876,-0.977335841325964,13
"871",1988,0,1448,-0.578730290098692,-1.89298655337465,-0.56055082705608,0.318567995345116,-1.1994699099876,-0.977335841325964,13
"875",1988,0,64,-0.578730290098692,-1.89298655337465,-0.56055082705608,0.318567995345116,-1.1994699099876,-0.977335841325964,13
"876",1988,0,220,-0.578730290098692,-1.89298655337465,-0.56055082705608,0.318567995345116,-1.1994699099876,-0.977335841325964,13
"877",1988,0,256,-0.578730290098692,-1.89298655337465,-0.56055082705608,0.318567995345116,-1.1994699099876,-0.977335841325964,13
"879",1988,0,1180,-0.578730290098692,-1.89298655337465,-0.56055082705608,0.318567995345116,-1.1994699099876,-0.977335841325964,13
"880",1988,0,592,-0.578730290098692,-1.89298655337465,-0.56055082705608,0.318567995345116,-1.1994699099876,-0.977335841325964,13
"884",1988,0,380,-0.578730290098692,-1.89298655337465,-0.56055082705608,0.318567995345116,-1.1994699099876,-0.977335841325964,13
"887",1988,0,284,-0.578730290098692,-1.89298655337465,-0.56055082705608,0.318567995345116,-1.1994699099876,-0.977335841325964,13
"888",1988,0,368,-0.578730290098692,-1.89298655337465,-0.56055082705608,0.318567995345116,-1.1994699099876,-0.977335841325964,13
"891",1988,0,432,-0.578730290098692,-1.89298655337465,-0.56055082705608,0.318567995345116,-1.1994699099876,-0.977335841325964,13
"894",1988,0,788,-0.578730290098692,-1.89298655337465,-0.56055082705608,0.318567995345116,-1.1994699099876,-0.977335841325964,13
"895",1988,0,652,-0.578730290098692,-1.89298655337465,-0.56055082705608,0.318567995345116,-1.1994699099876,-0.977335841325964,13
"896",1988,0,212,-0.578730290098692,-1.89298655337465,-0.56055082705608,0.318567995345116,-1.1994699099876,-0.977335841325964,13
"897",1988,0,112,-0.578730290098692,-1.89298655337465,-0.56055082705608,0.318567995345116,-1.1994699099876,-0.977335841325964,13
"898",1988,0,500,-0.578730290098692,-1.89298655337465,-0.56055082705608,0.318567995345116,-1.1994699099876,-0.977335841325964,13
"905",1988,0,308,-0.578730290098692,-1.89298655337465,-0.56055082705608,0.318567995345116,-1.1994699099876,-0.977335841325964,13
"906",1988,0,288,-0.578730290098692,-1.89298655337465,-0.56055082705608,0.318567995345116,-1.1994699099876,-0.977335841325964,13
"907",1988,0,200,-0.578730290098692,-1.89298655337465,-0.56055082705608,0.318567995345116,-1.1994699099876,-0.977335841325964,13
"909",1988,0,1116,-0.578730290098692,-1.89298655337465,-0.56055082705608,0.318567995345116,-1.1994699099876,-0.977335841325964,13
"910",1988,0,624,-0.578730290098692,-1.89298655337465,-0.56055082705608,0.318567995345116,-1.1994699099876,-0.977335841325964,13
"911",1988,0,648,-0.578730290098692,-1.89298655337465,-0.56055082705608,0.318567995345116,-1.1994699099876,-0.977335841325964,13
"912",1988,0,688,-0.578730290098692,-1.89298655337465,-0.56055082705608,0.318567995345116,-1.1994699099876,-0.977335841325964,13
"842",1989,4,0,-1.15593283153519,-0.501941606227017,-0.313570289800393,0.0765198962446928,1.45742598125989,-0.971300038030364,14
"843",1989,28,0,-1.15593283153519,-0.501941606227017,-0.313570289800393,0.0765198962446928,1.45742598125989,-0.971300038030364,14
"844",1989,32,0,-1.15593283153519,-0.501941606227017,-0.313570289800393,0.0765198962446928,1.45742598125989,-0.971300038030364,14
"849",1989,24,0,-1.15593283153519,-0.501941606227017,-0.313570289800393,0.0765198962446928,1.45742598125989,-0.971300038030364,14
"850",1989,732,0,-1.15593283153519,-0.501941606227017,-0.313570289800393,0.0765198962446928,1.45742598125989,-0.971300038030364,14
"853",1989,24,0,-1.15593283153519,-0.501941606227017,-0.313570289800393,0.0765198962446928,1.45742598125989,-0.971300038030364,14
"854",1989,220,0,-1.15593283153519,-0.501941606227017,-0.313570289800393,0.0765198962446928,1.45742598125989,-0.971300038030364,14
"871",1989,180,0,-1.15593283153519,-0.501941606227017,-0.313570289800393,0.0765198962446928,1.45742598125989,-0.971300038030364,14
"872",1989,172,NA,-1.15593283153519,-0.501941606227017,-0.313570289800393,0.0765198962446928,1.45742598125989,-0.971300038030364,14
"875",1989,1228,0,-1.15593283153519,-0.501941606227017,-0.313570289800393,0.0765198962446928,1.45742598125989,-0.971300038030364,14
"876",1989,276,0,-1.15593283153519,-0.501941606227017,-0.313570289800393,0.0765198962446928,1.45742598125989,-0.971300038030364,14
"877",1989,424,0,-1.15593283153519,-0.501941606227017,-0.313570289800393,0.0765198962446928,1.45742598125989,-0.971300038030364,14
"880",1989,44,0,-1.15593283153519,-0.501941606227017,-0.313570289800393,0.0765198962446928,1.45742598125989,-0.971300038030364,14
"884",1989,48,0,-1.15593283153519,-0.501941606227017,-0.313570289800393,0.0765198962446928,1.45742598125989,-0.971300038030364,14
"887",1989,8,0,-1.15593283153519,-0.501941606227017,-0.313570289800393,0.0765198962446928,1.45742598125989,-0.971300038030364,14
"906",1989,40,0,-1.15593283153519,-0.501941606227017,-0.313570289800393,0.0765198962446928,1.45742598125989,-0.971300038030364,14
"907",1989,36,0,-1.15593283153519,-0.501941606227017,-0.313570289800393,0.0765198962446928,1.45742598125989,-0.971300038030364,14
"909",1989,12,0,-1.15593283153519,-0.501941606227017,-0.313570289800393,0.0765198962446928,1.45742598125989,-0.971300038030364,14
"842",1990,852,4,0.702286963153914,-0.399500311669633,0.150753120240299,-0.466612423687964,0.307726874813566,1.14726691872516,15
"843",1990,756,28,0.702286963153914,-0.399500311669633,0.150753120240299,-0.466612423687964,0.307726874813566,1.14726691872516,15
"844",1990,816,32,0.702286963153914,-0.399500311669633,0.150753120240299,-0.466612423687964,0.307726874813566,1.14726691872516,15
"849",1990,844,24,0.702286963153914,-0.399500311669633,0.150753120240299,-0.466612423687964,0.307726874813566,1.14726691872516,15
"850",1990,240,732,0.702286963153914,-0.399500311669633,0.150753120240299,-0.466612423687964,0.307726874813566,1.14726691872516,15
"852",1990,884,NA,0.702286963153914,-0.399500311669633,0.150753120240299,-0.466612423687964,0.307726874813566,1.14726691872516,15
"853",1990,1820,24,0.702286963153914,-0.399500311669633,0.150753120240299,-0.466612423687964,0.307726874813566,1.14726691872516,15
"854",1990,1088,220,0.702286963153914,-0.399500311669633,0.150753120240299,-0.466612423687964,0.307726874813566,1.14726691872516,15
"871",1990,1780,180,0.702286963153914,-0.399500311669633,0.150753120240299,-0.466612423687964,0.307726874813566,1.14726691872516,15
"875",1990,28,1228,0.702286963153914,-0.399500311669633,0.150753120240299,-0.466612423687964,0.307726874813566,1.14726691872516,15
"876",1990,952,276,0.702286963153914,-0.399500311669633,0.150753120240299,-0.466612423687964,0.307726874813566,1.14726691872516,15
"877",1990,504,424,0.702286963153914,-0.399500311669633,0.150753120240299,-0.466612423687964,0.307726874813566,1.14726691872516,15
"879",1990,2068,NA,0.702286963153914,-0.399500311669633,0.150753120240299,-0.466612423687964,0.307726874813566,1.14726691872516,15
"880",1990,1468,44,0.702286963153914,-0.399500311669633,0.150753120240299,-0.466612423687964,0.307726874813566,1.14726691872516,15
"884",1990,1324,48,0.702286963153914,-0.399500311669633,0.150753120240299,-0.466612423687964,0.307726874813566,1.14726691872516,15
"887",1990,724,8,0.702286963153914,-0.399500311669633,0.150753120240299,-0.466612423687964,0.307726874813566,1.14726691872516,15
"888",1990,1212,NA,0.702286963153914,-0.399500311669633,0.150753120240299,-0.466612423687964,0.307726874813566,1.14726691872516,15
"891",1990,908,NA,0.702286963153914,-0.399500311669633,0.150753120240299,-0.466612423687964,0.307726874813566,1.14726691872516,15
"894",1990,912,NA,0.702286963153914,-0.399500311669633,0.150753120240299,-0.466612423687964,0.307726874813566,1.14726691872516,15
"895",1990,1200,NA,0.702286963153914,-0.399500311669633,0.150753120240299,-0.466612423687964,0.307726874813566,1.14726691872516,15
"896",1990,104,NA,0.702286963153914,-0.399500311669633,0.150753120240299,-0.466612423687964,0.307726874813566,1.14726691872516,15
"897",1990,428,NA,0.702286963153914,-0.399500311669633,0.150753120240299,-0.466612423687964,0.307726874813566,1.14726691872516,15
"898",1990,1732,NA,0.702286963153914,-0.399500311669633,0.150753120240299,-0.466612423687964,0.307726874813566,1.14726691872516,15
"905",1990,416,NA,0.702286963153914,-0.399500311669633,0.150753120240299,-0.466612423687964,0.307726874813566,1.14726691872516,15
"906",1990,388,40,0.702286963153914,-0.399500311669633,0.150753120240299,-0.466612423687964,0.307726874813566,1.14726691872516,15
"907",1990,436,36,0.702286963153914,-0.399500311669633,0.150753120240299,-0.466612423687964,0.307726874813566,1.14726691872516,15
"909",1990,1296,12,0.702286963153914,-0.399500311669633,0.150753120240299,-0.466612423687964,0.307726874813566,1.14726691872516,15
"910",1990,1476,NA,0.702286963153914,-0.399500311669633,0.150753120240299,-0.466612423687964,0.307726874813566,1.14726691872516,15
"911",1990,2224,NA,0.702286963153914,-0.399500311669633,0.150753120240299,-0.466612423687964,0.307726874813566,1.14726691872516,15
"912",1990,1708,NA,0.702286963153914,-0.399500311669633,0.150753120240299,-0.466612423687964,0.307726874813566,1.14726691872516,15
"842",1991,40,852,-0.397501105045514,-0.852398666554908,-0.926082022194497,-0.661431625402938,-0.895680803028787,-0.904906201778766,16
"843",1991,20,756,-0.397501105045514,-0.852398666554908,-0.926082022194497,-0.661431625402938,-0.895680803028787,-0.904906201778766,16
"844",1991,24,816,-0.397501105045514,-0.852398666554908,-0.926082022194497,-0.661431625402938,-0.895680803028787,-0.904906201778766,16
"849",1991,4,844,-0.397501105045514,-0.852398666554908,-0.926082022194497,-0.661431625402938,-0.895680803028787,-0.904906201778766,16
"850",1991,16,240,-0.397501105045514,-0.852398666554908,-0.926082022194497,-0.661431625402938,-0.895680803028787,-0.904906201778766,16
"852",1991,0,884,-0.397501105045514,-0.852398666554908,-0.926082022194497,-0.661431625402938,-0.895680803028787,-0.904906201778766,16
"853",1991,0,1820,-0.397501105045514,-0.852398666554908,-0.926082022194497,-0.661431625402938,-0.895680803028787,-0.904906201778766,16
"854",1991,60,1088,-0.397501105045514,-0.852398666554908,-0.926082022194497,-0.661431625402938,-0.895680803028787,-0.904906201778766,16
"855",1991,12,NA,-0.397501105045514,-0.852398666554908,-0.926082022194497,-0.661431625402938,-0.895680803028787,-0.904906201778766,16
"871",1991,16,1780,-0.397501105045514,-0.852398666554908,-0.926082022194497,-0.661431625402938,-0.895680803028787,-0.904906201778766,16
"875",1991,60,28,-0.397501105045514,-0.852398666554908,-0.926082022194497,-0.661431625402938,-0.895680803028787,-0.904906201778766,16
"876",1991,28,952,-0.397501105045514,-0.852398666554908,-0.926082022194497,-0.661431625402938,-0.895680803028787,-0.904906201778766,16
"877",1991,16,504,-0.397501105045514,-0.852398666554908,-0.926082022194497,-0.661431625402938,-0.895680803028787,-0.904906201778766,16
"879",1991,8,2068,-0.397501105045514,-0.852398666554908,-0.926082022194497,-0.661431625402938,-0.895680803028787,-0.904906201778766,16
"880",1991,0,1468,-0.397501105045514,-0.852398666554908,-0.926082022194497,-0.661431625402938,-0.895680803028787,-0.904906201778766,16
"884",1991,0,1324,-0.397501105045514,-0.852398666554908,-0.926082022194497,-0.661431625402938,-0.895680803028787,-0.904906201778766,16
"887",1991,0,724,-0.397501105045514,-0.852398666554908,-0.926082022194497,-0.661431625402938,-0.895680803028787,-0.904906201778766,16
"888",1991,0,1212,-0.397501105045514,-0.852398666554908,-0.926082022194497,-0.661431625402938,-0.895680803028787,-0.904906201778766,16
"891",1991,0,908,-0.397501105045514,-0.852398666554908,-0.926082022194497,-0.661431625402938,-0.895680803028787,-0.904906201778766,16
"894",1991,0,912,-0.397501105045514,-0.852398666554908,-0.926082022194497,-0.661431625402938,-0.895680803028787,-0.904906201778766,16
"895",1991,8,1200,-0.397501105045514,-0.852398666554908,-0.926082022194497,-0.661431625402938,-0.895680803028787,-0.904906201778766,16
"896",1991,20,104,-0.397501105045514,-0.852398666554908,-0.926082022194497,-0.661431625402938,-0.895680803028787,-0.904906201778766,16
"897",1991,0,428,-0.397501105045514,-0.852398666554908,-0.926082022194497,-0.661431625402938,-0.895680803028787,-0.904906201778766,16
"898",1991,0,1732,-0.397501105045514,-0.852398666554908,-0.926082022194497,-0.661431625402938,-0.895680803028787,-0.904906201778766,16
"905",1991,12,416,-0.397501105045514,-0.852398666554908,-0.926082022194497,-0.661431625402938,-0.895680803028787,-0.904906201778766,16
"906",1991,0,388,-0.397501105045514,-0.852398666554908,-0.926082022194497,-0.661431625402938,-0.895680803028787,-0.904906201778766,16
"907",1991,0,436,-0.397501105045514,-0.852398666554908,-0.926082022194497,-0.661431625402938,-0.895680803028787,-0.904906201778766,16
"909",1991,20,1296,-0.397501105045514,-0.852398666554908,-0.926082022194497,-0.661431625402938,-0.895680803028787,-0.904906201778766,16
"910",1991,132,1476,-0.397501105045514,-0.852398666554908,-0.926082022194497,-0.661431625402938,-0.895680803028787,-0.904906201778766,16
"911",1991,48,2224,-0.397501105045514,-0.852398666554908,-0.926082022194497,-0.661431625402938,-0.895680803028787,-0.904906201778766,16
"912",1991,0,1708,-0.397501105045514,-0.852398666554908,-0.926082022194497,-0.661431625402938,-0.895680803028787,-0.904906201778766,16
"842",1992,136,40,-0.325505949339457,1.07781098878948,0.723747966673493,-1.14552782360378,-0.977922052978962,2.51739426682631,17
"843",1992,308,20,-0.325505949339457,1.07781098878948,0.723747966673493,-1.14552782360378,-0.977922052978962,2.51739426682631,17
"844",1992,464,24,-0.325505949339457,1.07781098878948,0.723747966673493,-1.14552782360378,-0.977922052978962,2.51739426682631,17
"849",1992,396,4,-0.325505949339457,1.07781098878948,0.723747966673493,-1.14552782360378,-0.977922052978962,2.51739426682631,17
"850",1992,852,16,-0.325505949339457,1.07781098878948,0.723747966673493,-1.14552782360378,-0.977922052978962,2.51739426682631,17
"852",1992,464,0,-0.325505949339457,1.07781098878948,0.723747966673493,-1.14552782360378,-0.977922052978962,2.51739426682631,17
"853",1992,360,0,-0.325505949339457,1.07781098878948,0.723747966673493,-1.14552782360378,-0.977922052978962,2.51739426682631,17
"854",1992,860,60,-0.325505949339457,1.07781098878948,0.723747966673493,-1.14552782360378,-0.977922052978962,2.51739426682631,17
"871",1992,1180,16,-0.325505949339457,1.07781098878948,0.723747966673493,-1.14552782360378,-0.977922052978962,2.51739426682631,17
"875",1992,164,60,-0.325505949339457,1.07781098878948,0.723747966673493,-1.14552782360378,-0.977922052978962,2.51739426682631,17
"876",1992,576,28,-0.325505949339457,1.07781098878948,0.723747966673493,-1.14552782360378,-0.977922052978962,2.51739426682631,17
"877",1992,604,16,-0.325505949339457,1.07781098878948,0.723747966673493,-1.14552782360378,-0.977922052978962,2.51739426682631,17
"879",1992,268,8,-0.325505949339457,1.07781098878948,0.723747966673493,-1.14552782360378,-0.977922052978962,2.51739426682631,17
"880",1992,808,0,-0.325505949339457,1.07781098878948,0.723747966673493,-1.14552782360378,-0.977922052978962,2.51739426682631,17
"884",1992,564,0,-0.325505949339457,1.07781098878948,0.723747966673493,-1.14552782360378,-0.977922052978962,2.51739426682631,17
"886",1992,480,NA,-0.325505949339457,1.07781098878948,0.723747966673493,-1.14552782360378,-0.977922052978962,2.51739426682631,17
"887",1992,500,0,-0.325505949339457,1.07781098878948,0.723747966673493,-1.14552782360378,-0.977922052978962,2.51739426682631,17
"888",1992,56,0,-0.325505949339457,1.07781098878948,0.723747966673493,-1.14552782360378,-0.977922052978962,2.51739426682631,17
"891",1992,24,0,-0.325505949339457,1.07781098878948,0.723747966673493,-1.14552782360378,-0.977922052978962,2.51739426682631,17
"894",1992,524,0,-0.325505949339457,1.07781098878948,0.723747966673493,-1.14552782360378,-0.977922052978962,2.51739426682631,17
"895",1992,428,8,-0.325505949339457,1.07781098878948,0.723747966673493,-1.14552782360378,-0.977922052978962,2.51739426682631,17
"896",1992,224,20,-0.325505949339457,1.07781098878948,0.723747966673493,-1.14552782360378,-0.977922052978962,2.51739426682631,17
"897",1992,88,0,-0.325505949339457,1.07781098878948,0.723747966673493,-1.14552782360378,-0.977922052978962,2.51739426682631,17
"898",1992,68,0,-0.325505949339457,1.07781098878948,0.723747966673493,-1.14552782360378,-0.977922052978962,2.51739426682631,17
"905",1992,452,12,-0.325505949339457,1.07781098878948,0.723747966673493,-1.14552782360378,-0.977922052978962,2.51739426682631,17
"906",1992,260,0,-0.325505949339457,1.07781098878948,0.723747966673493,-1.14552782360378,-0.977922052978962,2.51739426682631,17
"907",1992,132,0,-0.325505949339457,1.07781098878948,0.723747966673493,-1.14552782360378,-0.977922052978962,2.51739426682631,17
"909",1992,616,20,-0.325505949339457,1.07781098878948,0.723747966673493,-1.14552782360378,-0.977922052978962,2.51739426682631,17
"910",1992,768,132,-0.325505949339457,1.07781098878948,0.723747966673493,-1.14552782360378,-0.977922052978962,2.51739426682631,17
"911",1992,2548,48,-0.325505949339457,1.07781098878948,0.723747966673493,-1.14552782360378,-0.977922052978962,2.51739426682631,17
"912",1992,504,0,-0.325505949339457,1.07781098878948,0.723747966673493,-1.14552782360378,-0.977922052978962,2.51739426682631,17
"842",1993,160,136,0.385756537204869,1.26112698957637,-1.05698170694001,-0.0356487350457472,1.08817955291216,-0.735903709501973,18
"843",1993,56,308,0.385756537204869,1.26112698957637,-1.05698170694001,-0.0356487350457472,1.08817955291216,-0.735903709501973,18
"844",1993,104,464,0.385756537204869,1.26112698957637,-1.05698170694001,-0.0356487350457472,1.08817955291216,-0.735903709501973,18
"849",1993,0,396,0.385756537204869,1.26112698957637,-1.05698170694001,-0.0356487350457472,1.08817955291216,-0.735903709501973,18
"850",1993,0,852,0.385756537204869,1.26112698957637,-1.05698170694001,-0.0356487350457472,1.08817955291216,-0.735903709501973,18
"852",1993,72,464,0.385756537204869,1.26112698957637,-1.05698170694001,-0.0356487350457472,1.08817955291216,-0.735903709501973,18
"853",1993,20,360,0.385756537204869,1.26112698957637,-1.05698170694001,-0.0356487350457472,1.08817955291216,-0.735903709501973,18
"854",1993,8,860,0.385756537204869,1.26112698957637,-1.05698170694001,-0.0356487350457472,1.08817955291216,-0.735903709501973,18
"871",1993,44,1180,0.385756537204869,1.26112698957637,-1.05698170694001,-0.0356487350457472,1.08817955291216,-0.735903709501973,18
"875",1993,1060,164,0.385756537204869,1.26112698957637,-1.05698170694001,-0.0356487350457472,1.08817955291216,-0.735903709501973,18
"876",1993,112,576,0.385756537204869,1.26112698957637,-1.05698170694001,-0.0356487350457472,1.08817955291216,-0.735903709501973,18
"877",1993,16,604,0.385756537204869,1.26112698957637,-1.05698170694001,-0.0356487350457472,1.08817955291216,-0.735903709501973,18
"879",1993,124,268,0.385756537204869,1.26112698957637,-1.05698170694001,-0.0356487350457472,1.08817955291216,-0.735903709501973,18
"880",1993,36,808,0.385756537204869,1.26112698957637,-1.05698170694001,-0.0356487350457472,1.08817955291216,-0.735903709501973,18
"884",1993,64,564,0.385756537204869,1.26112698957637,-1.05698170694001,-0.0356487350457472,1.08817955291216,-0.735903709501973,18
"887",1993,4,500,0.385756537204869,1.26112698957637,-1.05698170694001,-0.0356487350457472,1.08817955291216,-0.735903709501973,18
"888",1993,52,56,0.385756537204869,1.26112698957637,-1.05698170694001,-0.0356487350457472,1.08817955291216,-0.735903709501973,18
"891",1993,0,24,0.385756537204869,1.26112698957637,-1.05698170694001,-0.0356487350457472,1.08817955291216,-0.735903709501973,18
"894",1993,84,524,0.385756537204869,1.26112698957637,-1.05698170694001,-0.0356487350457472,1.08817955291216,-0.735903709501973,18
"895",1993,4,428,0.385756537204869,1.26112698957637,-1.05698170694001,-0.0356487350457472,1.08817955291216,-0.735903709501973,18
"896",1993,0,224,0.385756537204869,1.26112698957637,-1.05698170694001,-0.0356487350457472,1.08817955291216,-0.735903709501973,18
"897",1993,0,88,0.385756537204869,1.26112698957637,-1.05698170694001,-0.0356487350457472,1.08817955291216,-0.735903709501973,18
"898",1993,0,68,0.385756537204869,1.26112698957637,-1.05698170694001,-0.0356487350457472,1.08817955291216,-0.735903709501973,18
"905",1993,28,452,0.385756537204869,1.26112698957637,-1.05698170694001,-0.0356487350457472,1.08817955291216,-0.735903709501973,18
"906",1993,0,260,0.385756537204869,1.26112698957637,-1.05698170694001,-0.0356487350457472,1.08817955291216,-0.735903709501973,18
"907",1993,12,132,0.385756537204869,1.26112698957637,-1.05698170694001,-0.0356487350457472,1.08817955291216,-0.735903709501973,18
"909",1993,160,616,0.385756537204869,1.26112698957637,-1.05698170694001,-0.0356487350457472,1.08817955291216,-0.735903709501973,18
"910",1993,112,768,0.385756537204869,1.26112698957637,-1.05698170694001,-0.0356487350457472,1.08817955291216,-0.735903709501973,18
"911",1993,88,2548,0.385756537204869,1.26112698957637,-1.05698170694001,-0.0356487350457472,1.08817955291216,-0.735903709501973,18
"912",1993,4,504,0.385756537204869,1.26112698957637,-1.05698170694001,-0.0356487350457472,1.08817955291216,-0.735903709501973,18
"842",1994,32,160,-1.1037984084377,-0.27549242878438,0.531103147614056,0.997483395260936,-0.554967053235206,1.00240763963076,19
"843",1994,16,56,-1.1037984084377,-0.27549242878438,0.531103147614056,0.997483395260936,-0.554967053235206,1.00240763963076,19
"844",1994,20,104,-1.1037984084377,-0.27549242878438,0.531103147614056,0.997483395260936,-0.554967053235206,1.00240763963076,19
"849",1994,24,0,-1.1037984084377,-0.27549242878438,0.531103147614056,0.997483395260936,-0.554967053235206,1.00240763963076,19
"852",1994,20,72,-1.1037984084377,-0.27549242878438,0.531103147614056,0.997483395260936,-0.554967053235206,1.00240763963076,19
"853",1994,20,20,-1.1037984084377,-0.27549242878438,0.531103147614056,0.997483395260936,-0.554967053235206,1.00240763963076,19
"854",1994,188,8,-1.1037984084377,-0.27549242878438,0.531103147614056,0.997483395260936,-0.554967053235206,1.00240763963076,19
"871",1994,336,44,-1.1037984084377,-0.27549242878438,0.531103147614056,0.997483395260936,-0.554967053235206,1.00240763963076,19
"875",1994,0,1060,-1.1037984084377,-0.27549242878438,0.531103147614056,0.997483395260936,-0.554967053235206,1.00240763963076,19
"876",1994,16,112,-1.1037984084377,-0.27549242878438,0.531103147614056,0.997483395260936,-0.554967053235206,1.00240763963076,19
"877",1994,96,16,-1.1037984084377,-0.27549242878438,0.531103147614056,0.997483395260936,-0.554967053235206,1.00240763963076,19
"879",1994,0,124,-1.1037984084377,-0.27549242878438,0.531103147614056,0.997483395260936,-0.554967053235206,1.00240763963076,19
"880",1994,64,36,-1.1037984084377,-0.27549242878438,0.531103147614056,0.997483395260936,-0.554967053235206,1.00240763963076,19
"884",1994,68,64,-1.1037984084377,-0.27549242878438,0.531103147614056,0.997483395260936,-0.554967053235206,1.00240763963076,19
"887",1994,0,4,-1.1037984084377,-0.27549242878438,0.531103147614056,0.997483395260936,-0.554967053235206,1.00240763963076,19
"888",1994,0,52,-1.1037984084377,-0.27549242878438,0.531103147614056,0.997483395260936,-0.554967053235206,1.00240763963076,19
"891",1994,0,0,-1.1037984084377,-0.27549242878438,0.531103147614056,0.997483395260936,-0.554967053235206,1.00240763963076,19
"894",1994,0,84,-1.1037984084377,-0.27549242878438,0.531103147614056,0.997483395260936,-0.554967053235206,1.00240763963076,19
"895",1994,0,4,-1.1037984084377,-0.27549242878438,0.531103147614056,0.997483395260936,-0.554967053235206,1.00240763963076,19
"896",1994,0,0,-1.1037984084377,-0.27549242878438,0.531103147614056,0.997483395260936,-0.554967053235206,1.00240763963076,19
"897",1994,4,0,-1.1037984084377,-0.27549242878438,0.531103147614056,0.997483395260936,-0.554967053235206,1.00240763963076,19
"898",1994,0,0,-1.1037984084377,-0.27549242878438,0.531103147614056,0.997483395260936,-0.554967053235206,1.00240763963076,19
"905",1994,0,28,-1.1037984084377,-0.27549242878438,0.531103147614056,0.997483395260936,-0.554967053235206,1.00240763963076,19
"906",1994,96,0,-1.1037984084377,-0.27549242878438,0.531103147614056,0.997483395260936,-0.554967053235206,1.00240763963076,19
"907",1994,0,12,-1.1037984084377,-0.27549242878438,0.531103147614056,0.997483395260936,-0.554967053235206,1.00240763963076,19
"909",1994,12,160,-1.1037984084377,-0.27549242878438,0.531103147614056,0.997483395260936,-0.554967053235206,1.00240763963076,19
"910",1994,68,112,-1.1037984084377,-0.27549242878438,0.531103147614056,0.997483395260936,-0.554967053235206,1.00240763963076,19
"911",1994,64,88,-1.1037984084377,-0.27549242878438,0.531103147614056,0.997483395260936,-0.554967053235206,1.00240763963076,19
"912",1994,104,4,-1.1037984084377,-0.27549242878438,0.531103147614056,0.997483395260936,-0.554967053235206,1.00240763963076,19
"842",1995,652,32,1.70897784725068,-1.51557125763692,0.832419403065994,0.531098033579633,1.30804901706467,-0.983371644621564,20
"843",1995,356,16,1.70897784725068,-1.51557125763692,0.832419403065994,0.531098033579633,1.30804901706467,-0.983371644621564,20
"844",1995,356,20,1.70897784725068,-1.51557125763692,0.832419403065994,0.531098033579633,1.30804901706467,-0.983371644621564,20
"849",1995,88,24,1.70897784725068,-1.51557125763692,0.832419403065994,0.531098033579633,1.30804901706467,-0.983371644621564,20
"852",1995,160,20,1.70897784725068,-1.51557125763692,0.832419403065994,0.531098033579633,1.30804901706467,-0.983371644621564,20
"853",1995,796,20,1.70897784725068,-1.51557125763692,0.832419403065994,0.531098033579633,1.30804901706467,-0.983371644621564,20
"854",1995,528,188,1.70897784725068,-1.51557125763692,0.832419403065994,0.531098033579633,1.30804901706467,-0.983371644621564,20
"871",1995,528,336,1.70897784725068,-1.51557125763692,0.832419403065994,0.531098033579633,1.30804901706467,-0.983371644621564,20
"875",1995,1036,0,1.70897784725068,-1.51557125763692,0.832419403065994,0.531098033579633,1.30804901706467,-0.983371644621564,20
"876",1995,1168,16,1.70897784725068,-1.51557125763692,0.832419403065994,0.531098033579633,1.30804901706467,-0.983371644621564,20
"877",1995,1244,96,1.70897784725068,-1.51557125763692,0.832419403065994,0.531098033579633,1.30804901706467,-0.983371644621564,20
"879",1995,548,0,1.70897784725068,-1.51557125763692,0.832419403065994,0.531098033579633,1.30804901706467,-0.983371644621564,20
"880",1995,1148,64,1.70897784725068,-1.51557125763692,0.832419403065994,0.531098033579633,1.30804901706467,-0.983371644621564,20
"884",1995,812,68,1.70897784725068,-1.51557125763692,0.832419403065994,0.531098033579633,1.30804901706467,-0.983371644621564,20
"886",1995,528,NA,1.70897784725068,-1.51557125763692,0.832419403065994,0.531098033579633,1.30804901706467,-0.983371644621564,20
"887",1995,88,0,1.70897784725068,-1.51557125763692,0.832419403065994,0.531098033579633,1.30804901706467,-0.983371644621564,20
"888",1995,80,0,1.70897784725068,-1.51557125763692,0.832419403065994,0.531098033579633,1.30804901706467,-0.983371644621564,20
"891",1995,60,0,1.70897784725068,-1.51557125763692,0.832419403065994,0.531098033579633,1.30804901706467,-0.983371644621564,20
"894",1995,408,0,1.70897784725068,-1.51557125763692,0.832419403065994,0.531098033579633,1.30804901706467,-0.983371644621564,20
"895",1995,132,0,1.70897784725068,-1.51557125763692,0.832419403065994,0.531098033579633,1.30804901706467,-0.983371644621564,20
"896",1995,12,0,1.70897784725068,-1.51557125763692,0.832419403065994,0.531098033579633,1.30804901706467,-0.983371644621564,20
"897",1995,84,4,1.70897784725068,-1.51557125763692,0.832419403065994,0.531098033579633,1.30804901706467,-0.983371644621564,20
"898",1995,280,0,1.70897784725068,-1.51557125763692,0.832419403065994,0.531098033579633,1.30804901706467,-0.983371644621564,20
"905",1995,132,0,1.70897784725068,-1.51557125763692,0.832419403065994,0.531098033579633,1.30804901706467,-0.983371644621564,20
"906",1995,212,96,1.70897784725068,-1.51557125763692,0.832419403065994,0.531098033579633,1.30804901706467,-0.983371644621564,20
"907",1995,112,0,1.70897784725068,-1.51557125763692,0.832419403065994,0.531098033579633,1.30804901706467,-0.983371644621564,20
"909",1995,972,12,1.70897784725068,-1.51557125763692,0.832419403065994,0.531098033579633,1.30804901706467,-0.983371644621564,20
"910",1995,1076,68,1.70897784725068,-1.51557125763692,0.832419403065994,0.531098033579633,1.30804901706467,-0.983371644621564,20
"911",1995,872,64,1.70897784725068,-1.51557125763692,0.832419403065994,0.531098033579633,1.30804901706467,-0.983371644621564,20
"912",1995,1292,104,1.70897784725068,-1.51557125763692,0.832419403065994,0.531098033579633,1.30804901706467,-0.983371644621564,20
"842",1996,0,652,1.23852674358524,-0.437241841243407,-1.67937266082434,2.63278396723209,-0.220966874866129,-0.452220954608783,21
"843",1996,0,356,1.23852674358524,-0.437241841243407,-1.67937266082434,2.63278396723209,-0.220966874866129,-0.452220954608783,21
"844",1996,0,356,1.23852674358524,-0.437241841243407,-1.67937266082434,2.63278396723209,-0.220966874866129,-0.452220954608783,21
"849",1996,0,88,1.23852674358524,-0.437241841243407,-1.67937266082434,2.63278396723209,-0.220966874866129,-0.452220954608783,21
"852",1996,0,160,1.23852674358524,-0.437241841243407,-1.67937266082434,2.63278396723209,-0.220966874866129,-0.452220954608783,21
"853",1996,0,796,1.23852674358524,-0.437241841243407,-1.67937266082434,2.63278396723209,-0.220966874866129,-0.452220954608783,21
"854",1996,0,528,1.23852674358524,-0.437241841243407,-1.67937266082434,2.63278396723209,-0.220966874866129,-0.452220954608783,21
"871",1996,0,528,1.23852674358524,-0.437241841243407,-1.67937266082434,2.63278396723209,-0.220966874866129,-0.452220954608783,21
"875",1996,0,1036,1.23852674358524,-0.437241841243407,-1.67937266082434,2.63278396723209,-0.220966874866129,-0.452220954608783,21
"876",1996,0,1168,1.23852674358524,-0.437241841243407,-1.67937266082434,2.63278396723209,-0.220966874866129,-0.452220954608783,21
"877",1996,0,1244,1.23852674358524,-0.437241841243407,-1.67937266082434,2.63278396723209,-0.220966874866129,-0.452220954608783,21
"879",1996,0,548,1.23852674358524,-0.437241841243407,-1.67937266082434,2.63278396723209,-0.220966874866129,-0.452220954608783,21
"880",1996,0,1148,1.23852674358524,-0.437241841243407,-1.67937266082434,2.63278396723209,-0.220966874866129,-0.452220954608783,21
"884",1996,0,812,1.23852674358524,-0.437241841243407,-1.67937266082434,2.63278396723209,-0.220966874866129,-0.452220954608783,21
"886",1996,0,528,1.23852674358524,-0.437241841243407,-1.67937266082434,2.63278396723209,-0.220966874866129,-0.452220954608783,21
"887",1996,0,88,1.23852674358524,-0.437241841243407,-1.67937266082434,2.63278396723209,-0.220966874866129,-0.452220954608783,21
"888",1996,0,80,1.23852674358524,-0.437241841243407,-1.67937266082434,2.63278396723209,-0.220966874866129,-0.452220954608783,21
"891",1996,0,60,1.23852674358524,-0.437241841243407,-1.67937266082434,2.63278396723209,-0.220966874866129,-0.452220954608783,21
"894",1996,0,408,1.23852674358524,-0.437241841243407,-1.67937266082434,2.63278396723209,-0.220966874866129,-0.452220954608783,21
"895",1996,0,132,1.23852674358524,-0.437241841243407,-1.67937266082434,2.63278396723209,-0.220966874866129,-0.452220954608783,21
"896",1996,0,12,1.23852674358524,-0.437241841243407,-1.67937266082434,2.63278396723209,-0.220966874866129,-0.452220954608783,21
"897",1996,0,84,1.23852674358524,-0.437241841243407,-1.67937266082434,2.63278396723209,-0.220966874866129,-0.452220954608783,21
"898",1996,0,280,1.23852674358524,-0.437241841243407,-1.67937266082434,2.63278396723209,-0.220966874866129,-0.452220954608783,21
"905",1996,0,132,1.23852674358524,-0.437241841243407,-1.67937266082434,2.63278396723209,-0.220966874866129,-0.452220954608783,21
"906",1996,0,212,1.23852674358524,-0.437241841243407,-1.67937266082434,2.63278396723209,-0.220966874866129,-0.452220954608783,21
"907",1996,0,112,1.23852674358524,-0.437241841243407,-1.67937266082434,2.63278396723209,-0.220966874866129,-0.452220954608783,21
"909",1996,0,972,1.23852674358524,-0.437241841243407,-1.67937266082434,2.63278396723209,-0.220966874866129,-0.452220954608783,21
"910",1996,0,1076,1.23852674358524,-0.437241841243407,-1.67937266082434,2.63278396723209,-0.220966874866129,-0.452220954608783,21
"911",1996,0,872,1.23852674358524,-0.437241841243407,-1.67937266082434,2.63278396723209,-0.220966874866129,-0.452220954608783,21
"912",1996,0,1292,1.23852674358524,-0.437241841243407,-1.67937266082434,2.63278396723209,-0.220966874866129,-0.452220954608783,21
"842",1997,52,0,-1.3979855102021,-0.717607489505719,-1.11872684125393,0.277242710132848,-0.533147946105568,-0.983371644621564,22
"843",1997,16,0,-1.3979855102021,-0.717607489505719,-1.11872684125393,0.277242710132848,-0.533147946105568,-0.983371644621564,22
"844",1997,56,0,-1.3979855102021,-0.717607489505719,-1.11872684125393,0.277242710132848,-0.533147946105568,-0.983371644621564,22
"849",1997,0,0,-1.3979855102021,-0.717607489505719,-1.11872684125393,0.277242710132848,-0.533147946105568,-0.983371644621564,22
"852",1997,0,0,-1.3979855102021,-0.717607489505719,-1.11872684125393,0.277242710132848,-0.533147946105568,-0.983371644621564,22
"853",1997,12,0,-1.3979855102021,-0.717607489505719,-1.11872684125393,0.277242710132848,-0.533147946105568,-0.983371644621564,22
"854",1997,128,0,-1.3979855102021,-0.717607489505719,-1.11872684125393,0.277242710132848,-0.533147946105568,-0.983371644621564,22
"871",1997,212,0,-1.3979855102021,-0.717607489505719,-1.11872684125393,0.277242710132848,-0.533147946105568,-0.983371644621564,22
"875",1997,0,0,-1.3979855102021,-0.717607489505719,-1.11872684125393,0.277242710132848,-0.533147946105568,-0.983371644621564,22
"876",1997,0,0,-1.3979855102021,-0.717607489505719,-1.11872684125393,0.277242710132848,-0.533147946105568,-0.983371644621564,22
"877",1997,96,0,-1.3979855102021,-0.717607489505719,-1.11872684125393,0.277242710132848,-0.533147946105568,-0.983371644621564,22
"879",1997,0,0,-1.3979855102021,-0.717607489505719,-1.11872684125393,0.277242710132848,-0.533147946105568,-0.983371644621564,22
"880",1997,0,0,-1.3979855102021,-0.717607489505719,-1.11872684125393,0.277242710132848,-0.533147946105568,-0.983371644621564,22
"884",1997,0,0,-1.3979855102021,-0.717607489505719,-1.11872684125393,0.277242710132848,-0.533147946105568,-0.983371644621564,22
"886",1997,0,0,-1.3979855102021,-0.717607489505719,-1.11872684125393,0.277242710132848,-0.533147946105568,-0.983371644621564,22
"887",1997,0,0,-1.3979855102021,-0.717607489505719,-1.11872684125393,0.277242710132848,-0.533147946105568,-0.983371644621564,22
"891",1997,0,0,-1.3979855102021,-0.717607489505719,-1.11872684125393,0.277242710132848,-0.533147946105568,-0.983371644621564,22
"894",1997,4,0,-1.3979855102021,-0.717607489505719,-1.11872684125393,0.277242710132848,-0.533147946105568,-0.983371644621564,22
"895",1997,4,0,-1.3979855102021,-0.717607489505719,-1.11872684125393,0.277242710132848,-0.533147946105568,-0.983371644621564,22
"896",1997,0,0,-1.3979855102021,-0.717607489505719,-1.11872684125393,0.277242710132848,-0.533147946105568,-0.983371644621564,22
"897",1997,0,0,-1.3979855102021,-0.717607489505719,-1.11872684125393,0.277242710132848,-0.533147946105568,-0.983371644621564,22
"898",1997,0,0,-1.3979855102021,-0.717607489505719,-1.11872684125393,0.277242710132848,-0.533147946105568,-0.983371644621564,22
"905",1997,0,0,-1.3979855102021,-0.717607489505719,-1.11872684125393,0.277242710132848,-0.533147946105568,-0.983371644621564,22
"906",1997,12,0,-1.3979855102021,-0.717607489505719,-1.11872684125393,0.277242710132848,-0.533147946105568,-0.983371644621564,22
"907",1997,0,0,-1.3979855102021,-0.717607489505719,-1.11872684125393,0.277242710132848,-0.533147946105568,-0.983371644621564,22
"909",1997,0,0,-1.3979855102021,-0.717607489505719,-1.11872684125393,0.277242710132848,-0.533147946105568,-0.983371644621564,22
"910",1997,0,0,-1.3979855102021,-0.717607489505719,-1.11872684125393,0.277242710132848,-0.533147946105568,-0.983371644621564,22
"911",1997,4,0,-1.3979855102021,-0.717607489505719,-1.11872684125393,0.277242710132848,-0.533147946105568,-0.983371644621564,22
"912",1997,0,0,-1.3979855102021,-0.717607489505719,-1.11872684125393,0.277242710132848,-0.533147946105568,-0.983371644621564,22
"842",1998,92,52,-0.612245276375651,-0.609774547866368,0.498995677770816,-1.32263618879922,-1.05848491007301,-0.935085218256765,23
"843",1998,152,16,-0.612245276375651,-0.609774547866368,0.498995677770816,-1.32263618879922,-1.05848491007301,-0.935085218256765,23
"844",1998,212,56,-0.612245276375651,-0.609774547866368,0.498995677770816,-1.32263618879922,-1.05848491007301,-0.935085218256765,23
"849",1998,0,0,-0.612245276375651,-0.609774547866368,0.498995677770816,-1.32263618879922,-1.05848491007301,-0.935085218256765,23
"852",1998,72,0,-0.612245276375651,-0.609774547866368,0.498995677770816,-1.32263618879922,-1.05848491007301,-0.935085218256765,23
"853",1998,84,12,-0.612245276375651,-0.609774547866368,0.498995677770816,-1.32263618879922,-1.05848491007301,-0.935085218256765,23
"854",1998,280,128,-0.612245276375651,-0.609774547866368,0.498995677770816,-1.32263618879922,-1.05848491007301,-0.935085218256765,23
"871",1998,172,212,-0.612245276375651,-0.609774547866368,0.498995677770816,-1.32263618879922,-1.05848491007301,-0.935085218256765,23
"875",1998,264,0,-0.612245276375651,-0.609774547866368,0.498995677770816,-1.32263618879922,-1.05848491007301,-0.935085218256765,23
"876",1998,88,0,-0.612245276375651,-0.609774547866368,0.498995677770816,-1.32263618879922,-1.05848491007301,-0.935085218256765,23
"877",1998,16,96,-0.612245276375651,-0.609774547866368,0.498995677770816,-1.32263618879922,-1.05848491007301,-0.935085218256765,23
"879",1998,4,0,-0.612245276375651,-0.609774547866368,0.498995677770816,-1.32263618879922,-1.05848491007301,-0.935085218256765,23
"880",1998,20,0,-0.612245276375651,-0.609774547866368,0.498995677770816,-1.32263618879922,-1.05848491007301,-0.935085218256765,23
"884",1998,36,0,-0.612245276375651,-0.609774547866368,0.498995677770816,-1.32263618879922,-1.05848491007301,-0.935085218256765,23
"887",1998,44,0,-0.612245276375651,-0.609774547866368,0.498995677770816,-1.32263618879922,-1.05848491007301,-0.935085218256765,23
"891",1998,0,0,-0.612245276375651,-0.609774547866368,0.498995677770816,-1.32263618879922,-1.05848491007301,-0.935085218256765,23
"894",1998,8,4,-0.612245276375651,-0.609774547866368,0.498995677770816,-1.32263618879922,-1.05848491007301,-0.935085218256765,23
"895",1998,8,4,-0.612245276375651,-0.609774547866368,0.498995677770816,-1.32263618879922,-1.05848491007301,-0.935085218256765,23
"896",1998,0,0,-0.612245276375651,-0.609774547866368,0.498995677770816,-1.32263618879922,-1.05848491007301,-0.935085218256765,23
"897",1998,0,0,-0.612245276375651,-0.609774547866368,0.498995677770816,-1.32263618879922,-1.05848491007301,-0.935085218256765,23
"898",1998,0,0,-0.612245276375651,-0.609774547866368,0.498995677770816,-1.32263618879922,-1.05848491007301,-0.935085218256765,23
"905",1998,20,0,-0.612245276375651,-0.609774547866368,0.498995677770816,-1.32263618879922,-1.05848491007301,-0.935085218256765,23
"906",1998,44,12,-0.612245276375651,-0.609774547866368,0.498995677770816,-1.32263618879922,-1.05848491007301,-0.935085218256765,23
"907",1998,32,0,-0.612245276375651,-0.609774547866368,0.498995677770816,-1.32263618879922,-1.05848491007301,-0.935085218256765,23
"909",1998,148,0,-0.612245276375651,-0.609774547866368,0.498995677770816,-1.32263618879922,-1.05848491007301,-0.935085218256765,23
"910",1998,60,0,-0.612245276375651,-0.609774547866368,0.498995677770816,-1.32263618879922,-1.05848491007301,-0.935085218256765,23
"911",1998,280,4,-0.612245276375651,-0.609774547866368,0.498995677770816,-1.32263618879922,-1.05848491007301,-0.935085218256765,23
"912",1998,236,0,-0.612245276375651,-0.609774547866368,0.498995677770816,-1.32263618879922,-1.05848491007301,-0.935085218256765,23
"842",1999,168,92,-0.628382121620112,0.506296398100915,-0.879155720115916,1.24543510653454,-0.0900522320882997,1.20158914838556,24
"843",1999,124,152,-0.628382121620112,0.506296398100915,-0.879155720115916,1.24543510653454,-0.0900522320882997,1.20158914838556,24
"844",1999,108,212,-0.628382121620112,0.506296398100915,-0.879155720115916,1.24543510653454,-0.0900522320882997,1.20158914838556,24
"849",1999,0,0,-0.628382121620112,0.506296398100915,-0.879155720115916,1.24543510653454,-0.0900522320882997,1.20158914838556,24
"852",1999,0,72,-0.628382121620112,0.506296398100915,-0.879155720115916,1.24543510653454,-0.0900522320882997,1.20158914838556,24
"853",1999,48,84,-0.628382121620112,0.506296398100915,-0.879155720115916,1.24543510653454,-0.0900522320882997,1.20158914838556,24
"854",1999,204,280,-0.628382121620112,0.506296398100915,-0.879155720115916,1.24543510653454,-0.0900522320882997,1.20158914838556,24
"871",1999,140,172,-0.628382121620112,0.506296398100915,-0.879155720115916,1.24543510653454,-0.0900522320882997,1.20158914838556,24
"875",1999,176,264,-0.628382121620112,0.506296398100915,-0.879155720115916,1.24543510653454,-0.0900522320882997,1.20158914838556,24
"876",1999,52,88,-0.628382121620112,0.506296398100915,-0.879155720115916,1.24543510653454,-0.0900522320882997,1.20158914838556,24
"877",1999,292,16,-0.628382121620112,0.506296398100915,-0.879155720115916,1.24543510653454,-0.0900522320882997,1.20158914838556,24
"879",1999,0,4,-0.628382121620112,0.506296398100915,-0.879155720115916,1.24543510653454,-0.0900522320882997,1.20158914838556,24
"880",1999,0,20,-0.628382121620112,0.506296398100915,-0.879155720115916,1.24543510653454,-0.0900522320882997,1.20158914838556,24
"884",1999,20,36,-0.628382121620112,0.506296398100915,-0.879155720115916,1.24543510653454,-0.0900522320882997,1.20158914838556,24
"886",1999,36,NA,-0.628382121620112,0.506296398100915,-0.879155720115916,1.24543510653454,-0.0900522320882997,1.20158914838556,24
"887",1999,44,44,-0.628382121620112,0.506296398100915,-0.879155720115916,1.24543510653454,-0.0900522320882997,1.20158914838556,24
"891",1999,32,0,-0.628382121620112,0.506296398100915,-0.879155720115916,1.24543510653454,-0.0900522320882997,1.20158914838556,24
"894",1999,8,8,-0.628382121620112,0.506296398100915,-0.879155720115916,1.24543510653454,-0.0900522320882997,1.20158914838556,24
"895",1999,4,8,-0.628382121620112,0.506296398100915,-0.879155720115916,1.24543510653454,-0.0900522320882997,1.20158914838556,24
"896",1999,0,0,-0.628382121620112,0.506296398100915,-0.879155720115916,1.24543510653454,-0.0900522320882997,1.20158914838556,24
"897",1999,0,0,-0.628382121620112,0.506296398100915,-0.879155720115916,1.24543510653454,-0.0900522320882997,1.20158914838556,24
"898",1999,0,0,-0.628382121620112,0.506296398100915,-0.879155720115916,1.24543510653454,-0.0900522320882997,1.20158914838556,24
"905",1999,20,20,-0.628382121620112,0.506296398100915,-0.879155720115916,1.24543510653454,-0.0900522320882997,1.20158914838556,24
"906",1999,0,44,-0.628382121620112,0.506296398100915,-0.879155720115916,1.24543510653454,-0.0900522320882997,1.20158914838556,24
"907",1999,40,32,-0.628382121620112,0.506296398100915,-0.879155720115916,1.24543510653454,-0.0900522320882997,1.20158914838556,24
"909",1999,40,148,-0.628382121620112,0.506296398100915,-0.879155720115916,1.24543510653454,-0.0900522320882997,1.20158914838556,24
"910",1999,96,60,-0.628382121620112,0.506296398100915,-0.879155720115916,1.24543510653454,-0.0900522320882997,1.20158914838556,24
"911",1999,284,280,-0.628382121620112,0.506296398100915,-0.879155720115916,1.24543510653454,-0.0900522320882997,1.20158914838556,24
"912",1999,136,236,-0.628382121620112,0.506296398100915,-0.879155720115916,1.24543510653454,-0.0900522320882997,1.20158914838556,24
"842",2000,160,168,0.275281212069712,-1.73123714091562,-0.493866081997045,-0.319022119358437,1.84345633816887,-0.80833334904917,25
"843",2000,304,124,0.275281212069712,-1.73123714091562,-0.493866081997045,-0.319022119358437,1.84345633816887,-0.80833334904917,25
"844",2000,264,108,0.275281212069712,-1.73123714091562,-0.493866081997045,-0.319022119358437,1.84345633816887,-0.80833334904917,25
"849",2000,580,0,0.275281212069712,-1.73123714091562,-0.493866081997045,-0.319022119358437,1.84345633816887,-0.80833334904917,25
"852",2000,364,0,0.275281212069712,-1.73123714091562,-0.493866081997045,-0.319022119358437,1.84345633816887,-0.80833334904917,25
"853",2000,640,48,0.275281212069712,-1.73123714091562,-0.493866081997045,-0.319022119358437,1.84345633816887,-0.80833334904917,25
"854",2000,1464,204,0.275281212069712,-1.73123714091562,-0.493866081997045,-0.319022119358437,1.84345633816887,-0.80833334904917,25
"871",2000,1252,140,0.275281212069712,-1.73123714091562,-0.493866081997045,-0.319022119358437,1.84345633816887,-0.80833334904917,25
"875",2000,1016,176,0.275281212069712,-1.73123714091562,-0.493866081997045,-0.319022119358437,1.84345633816887,-0.80833334904917,25
"876",2000,460,52,0.275281212069712,-1.73123714091562,-0.493866081997045,-0.319022119358437,1.84345633816887,-0.80833334904917,25
"877",2000,180,292,0.275281212069712,-1.73123714091562,-0.493866081997045,-0.319022119358437,1.84345633816887,-0.80833334904917,25
"879",2000,692,0,0.275281212069712,-1.73123714091562,-0.493866081997045,-0.319022119358437,1.84345633816887,-0.80833334904917,25
"880",2000,640,0,0.275281212069712,-1.73123714091562,-0.493866081997045,-0.319022119358437,1.84345633816887,-0.80833334904917,25
"884",2000,408,20,0.275281212069712,-1.73123714091562,-0.493866081997045,-0.319022119358437,1.84345633816887,-0.80833334904917,25
"886",2000,476,36,0.275281212069712,-1.73123714091562,-0.493866081997045,-0.319022119358437,1.84345633816887,-0.80833334904917,25
"887",2000,196,44,0.275281212069712,-1.73123714091562,-0.493866081997045,-0.319022119358437,1.84345633816887,-0.80833334904917,25
"891",2000,0,32,0.275281212069712,-1.73123714091562,-0.493866081997045,-0.319022119358437,1.84345633816887,-0.80833334904917,25
"894",2000,476,8,0.275281212069712,-1.73123714091562,-0.493866081997045,-0.319022119358437,1.84345633816887,-0.80833334904917,25
"895",2000,164,4,0.275281212069712,-1.73123714091562,-0.493866081997045,-0.319022119358437,1.84345633816887,-0.80833334904917,25
"897",2000,44,0,0.275281212069712,-1.73123714091562,-0.493866081997045,-0.319022119358437,1.84345633816887,-0.80833334904917,25
"898",2000,176,0,0.275281212069712,-1.73123714091562,-0.493866081997045,-0.319022119358437,1.84345633816887,-0.80833334904917,25
"905",2000,12,20,0.275281212069712,-1.73123714091562,-0.493866081997045,-0.319022119358437,1.84345633816887,-0.80833334904917,25
"906",2000,224,0,0.275281212069712,-1.73123714091562,-0.493866081997045,-0.319022119358437,1.84345633816887,-0.80833334904917,25
"907",2000,452,40,0.275281212069712,-1.73123714091562,-0.493866081997045,-0.319022119358437,1.84345633816887,-0.80833334904917,25
"909",2000,1636,40,0.275281212069712,-1.73123714091562,-0.493866081997045,-0.319022119358437,1.84345633816887,-0.80833334904917,25
"910",2000,1744,96,0.275281212069712,-1.73123714091562,-0.493866081997045,-0.319022119358437,1.84345633816887,-0.80833334904917,25
"911",2000,2028,284,0.275281212069712,-1.73123714091562,-0.493866081997045,-0.319022119358437,1.84345633816887,-0.80833334904917,25
"912",2000,1028,136,0.275281212069712,-1.73123714091562,-0.493866081997045,-0.319022119358437,1.84345633816887,-0.80833334904917,25
"842",2001,0,160,-1.07028342216074,0.808228634691099,0.778083684869743,1.53471210302041,-0.477760981853409,-0.880762988596367,26
"843",2001,0,304,-1.07028342216074,0.808228634691099,0.778083684869743,1.53471210302041,-0.477760981853409,-0.880762988596367,26
"844",2001,0,264,-1.07028342216074,0.808228634691099,0.778083684869743,1.53471210302041,-0.477760981853409,-0.880762988596367,26
"849",2001,0,580,-1.07028342216074,0.808228634691099,0.778083684869743,1.53471210302041,-0.477760981853409,-0.880762988596367,26
"852",2001,0,364,-1.07028342216074,0.808228634691099,0.778083684869743,1.53471210302041,-0.477760981853409,-0.880762988596367,26
"853",2001,0,640,-1.07028342216074,0.808228634691099,0.778083684869743,1.53471210302041,-0.477760981853409,-0.880762988596367,26
"854",2001,0,1464,-1.07028342216074,0.808228634691099,0.778083684869743,1.53471210302041,-0.477760981853409,-0.880762988596367,26
"871",2001,0,1252,-1.07028342216074,0.808228634691099,0.778083684869743,1.53471210302041,-0.477760981853409,-0.880762988596367,26
"875",2001,0,1016,-1.07028342216074,0.808228634691099,0.778083684869743,1.53471210302041,-0.477760981853409,-0.880762988596367,26
"876",2001,0,460,-1.07028342216074,0.808228634691099,0.778083684869743,1.53471210302041,-0.477760981853409,-0.880762988596367,26
"877",2001,0,180,-1.07028342216074,0.808228634691099,0.778083684869743,1.53471210302041,-0.477760981853409,-0.880762988596367,26
"879",2001,0,692,-1.07028342216074,0.808228634691099,0.778083684869743,1.53471210302041,-0.477760981853409,-0.880762988596367,26
"880",2001,0,640,-1.07028342216074,0.808228634691099,0.778083684869743,1.53471210302041,-0.477760981853409,-0.880762988596367,26
"884",2001,0,408,-1.07028342216074,0.808228634691099,0.778083684869743,1.53471210302041,-0.477760981853409,-0.880762988596367,26
"886",2001,0,476,-1.07028342216074,0.808228634691099,0.778083684869743,1.53471210302041,-0.477760981853409,-0.880762988596367,26
"887",2001,0,196,-1.07028342216074,0.808228634691099,0.778083684869743,1.53471210302041,-0.477760981853409,-0.880762988596367,26
"891",2001,0,0,-1.07028342216074,0.808228634691099,0.778083684869743,1.53471210302041,-0.477760981853409,-0.880762988596367,26
"894",2001,0,476,-1.07028342216074,0.808228634691099,0.778083684869743,1.53471210302041,-0.477760981853409,-0.880762988596367,26
"895",2001,0,164,-1.07028342216074,0.808228634691099,0.778083684869743,1.53471210302041,-0.477760981853409,-0.880762988596367,26
"897",2001,0,44,-1.07028342216074,0.808228634691099,0.778083684869743,1.53471210302041,-0.477760981853409,-0.880762988596367,26
"898",2001,0,176,-1.07028342216074,0.808228634691099,0.778083684869743,1.53471210302041,-0.477760981853409,-0.880762988596367,26
"905",2001,0,12,-1.07028342216074,0.808228634691099,0.778083684869743,1.53471210302041,-0.477760981853409,-0.880762988596367,26
"906",2001,0,224,-1.07028342216074,0.808228634691099,0.778083684869743,1.53471210302041,-0.477760981853409,-0.880762988596367,26
"907",2001,0,452,-1.07028342216074,0.808228634691099,0.778083684869743,1.53471210302041,-0.477760981853409,-0.880762988596367,26
"909",2001,0,1636,-1.07028342216074,0.808228634691099,0.778083684869743,1.53471210302041,-0.477760981853409,-0.880762988596367,26
"910",2001,0,1744,-1.07028342216074,0.808228634691099,0.778083684869743,1.53471210302041,-0.477760981853409,-0.880762988596367,26
"911",2001,0,2028,-1.07028342216074,0.808228634691099,0.778083684869743,1.53471210302041,-0.477760981853409,-0.880762988596367,26
"912",2001,0,1028,-1.07028342216074,0.808228634691099,0.778083684869743,1.53471210302041,-0.477760981853409,-0.880762988596367,26
"842",2002,192,0,0.521057778100736,0.0911395727894138,-0.716148565527163,-0.0592631837384713,0.275837410547172,-0.886798791891967,27
"843",2002,200,0,0.521057778100736,0.0911395727894138,-0.716148565527163,-0.0592631837384713,0.275837410547172,-0.886798791891967,27
"844",2002,188,0,0.521057778100736,0.0911395727894138,-0.716148565527163,-0.0592631837384713,0.275837410547172,-0.886798791891967,27
"849",2002,68,0,0.521057778100736,0.0911395727894138,-0.716148565527163,-0.0592631837384713,0.275837410547172,-0.886798791891967,27
"852",2002,176,0,0.521057778100736,0.0911395727894138,-0.716148565527163,-0.0592631837384713,0.275837410547172,-0.886798791891967,27
"853",2002,428,0,0.521057778100736,0.0911395727894138,-0.716148565527163,-0.0592631837384713,0.275837410547172,-0.886798791891967,27
"854",2002,288,0,0.521057778100736,0.0911395727894138,-0.716148565527163,-0.0592631837384713,0.275837410547172,-0.886798791891967,27
"871",2002,504,0,0.521057778100736,0.0911395727894138,-0.716148565527163,-0.0592631837384713,0.275837410547172,-0.886798791891967,27
"875",2002,468,0,0.521057778100736,0.0911395727894138,-0.716148565527163,-0.0592631837384713,0.275837410547172,-0.886798791891967,27
"876",2002,464,0,0.521057778100736,0.0911395727894138,-0.716148565527163,-0.0592631837384713,0.275837410547172,-0.886798791891967,27
"877",2002,560,0,0.521057778100736,0.0911395727894138,-0.716148565527163,-0.0592631837384713,0.275837410547172,-0.886798791891967,27
"879",2002,0,0,0.521057778100736,0.0911395727894138,-0.716148565527163,-0.0592631837384713,0.275837410547172,-0.886798791891967,27
"880",2002,300,0,0.521057778100736,0.0911395727894138,-0.716148565527163,-0.0592631837384713,0.275837410547172,-0.886798791891967,27
"884",2002,376,0,0.521057778100736,0.0911395727894138,-0.716148565527163,-0.0592631837384713,0.275837410547172,-0.886798791891967,27
"886",2002,148,0,0.521057778100736,0.0911395727894138,-0.716148565527163,-0.0592631837384713,0.275837410547172,-0.886798791891967,27
"887",2002,40,0,0.521057778100736,0.0911395727894138,-0.716148565527163,-0.0592631837384713,0.275837410547172,-0.886798791891967,27
"891",2002,20,0,0.521057778100736,0.0911395727894138,-0.716148565527163,-0.0592631837384713,0.275837410547172,-0.886798791891967,27
"894",2002,0,0,0.521057778100736,0.0911395727894138,-0.716148565527163,-0.0592631837384713,0.275837410547172,-0.886798791891967,27
"895",2002,0,0,0.521057778100736,0.0911395727894138,-0.716148565527163,-0.0592631837384713,0.275837410547172,-0.886798791891967,27
"896",2002,0,NA,0.521057778100736,0.0911395727894138,-0.716148565527163,-0.0592631837384713,0.275837410547172,-0.886798791891967,27
"897",2002,0,0,0.521057778100736,0.0911395727894138,-0.716148565527163,-0.0592631837384713,0.275837410547172,-0.886798791891967,27
"898",2002,44,0,0.521057778100736,0.0911395727894138,-0.716148565527163,-0.0592631837384713,0.275837410547172,-0.886798791891967,27
"905",2002,8,0,0.521057778100736,0.0911395727894138,-0.716148565527163,-0.0592631837384713,0.275837410547172,-0.886798791891967,27
"906",2002,216,0,0.521057778100736,0.0911395727894138,-0.716148565527163,-0.0592631837384713,0.275837410547172,-0.886798791891967,27
"907",2002,320,0,0.521057778100736,0.0911395727894138,-0.716148565527163,-0.0592631837384713,0.275837410547172,-0.886798791891967,27
"909",2002,108,0,0.521057778100736,0.0911395727894138,-0.716148565527163,-0.0592631837384713,0.275837410547172,-0.886798791891967,27
"910",2002,228,0,0.521057778100736,0.0911395727894138,-0.716148565527163,-0.0592631837384713,0.275837410547172,-0.886798791891967,27
"911",2002,132,0,0.521057778100736,0.0911395727894138,-0.716148565527163,-0.0592631837384713,0.275837410547172,-0.886798791891967,27
"912",2002,284,0,0.521057778100736,0.0911395727894138,-0.716148565527163,-0.0592631837384713,0.275837410547172,-0.886798791891967,27
"842",2003,48,192,-0.594867135343154,0.695004045969779,0.0840683751812625,-0.56107021845886,-0.395519731903234,-0.947156824847965,28
"843",2003,48,200,-0.594867135343154,0.695004045969779,0.0840683751812625,-0.56107021845886,-0.395519731903234,-0.947156824847965,28
"844",2003,52,188,-0.594867135343154,0.695004045969779,0.0840683751812625,-0.56107021845886,-0.395519731903234,-0.947156824847965,28
"849",2003,0,68,-0.594867135343154,0.695004045969779,0.0840683751812625,-0.56107021845886,-0.395519731903234,-0.947156824847965,28
"852",2003,0,176,-0.594867135343154,0.695004045969779,0.0840683751812625,-0.56107021845886,-0.395519731903234,-0.947156824847965,28
"853",2003,4,428,-0.594867135343154,0.695004045969779,0.0840683751812625,-0.56107021845886,-0.395519731903234,-0.947156824847965,28
"854",2003,20,288,-0.594867135343154,0.695004045969779,0.0840683751812625,-0.56107021845886,-0.395519731903234,-0.947156824847965,28
"871",2003,8,504,-0.594867135343154,0.695004045969779,0.0840683751812625,-0.56107021845886,-0.395519731903234,-0.947156824847965,28
"875",2003,0,468,-0.594867135343154,0.695004045969779,0.0840683751812625,-0.56107021845886,-0.395519731903234,-0.947156824847965,28
"876",2003,16,464,-0.594867135343154,0.695004045969779,0.0840683751812625,-0.56107021845886,-0.395519731903234,-0.947156824847965,28
"877",2003,8,560,-0.594867135343154,0.695004045969779,0.0840683751812625,-0.56107021845886,-0.395519731903234,-0.947156824847965,28
"879",2003,8,0,-0.594867135343154,0.695004045969779,0.0840683751812625,-0.56107021845886,-0.395519731903234,-0.947156824847965,28
"880",2003,0,300,-0.594867135343154,0.695004045969779,0.0840683751812625,-0.56107021845886,-0.395519731903234,-0.947156824847965,28
"884",2003,0,376,-0.594867135343154,0.695004045969779,0.0840683751812625,-0.56107021845886,-0.395519731903234,-0.947156824847965,28
"886",2003,8,148,-0.594867135343154,0.695004045969779,0.0840683751812625,-0.56107021845886,-0.395519731903234,-0.947156824847965,28
"887",2003,0,40,-0.594867135343154,0.695004045969779,0.0840683751812625,-0.56107021845886,-0.395519731903234,-0.947156824847965,28
"891",2003,0,20,-0.594867135343154,0.695004045969779,0.0840683751812625,-0.56107021845886,-0.395519731903234,-0.947156824847965,28
"894",2003,0,0,-0.594867135343154,0.695004045969779,0.0840683751812625,-0.56107021845886,-0.395519731903234,-0.947156824847965,28
"895",2003,0,0,-0.594867135343154,0.695004045969779,0.0840683751812625,-0.56107021845886,-0.395519731903234,-0.947156824847965,28
"896",2003,0,0,-0.594867135343154,0.695004045969779,0.0840683751812625,-0.56107021845886,-0.395519731903234,-0.947156824847965,28
"897",2003,0,0,-0.594867135343154,0.695004045969779,0.0840683751812625,-0.56107021845886,-0.395519731903234,-0.947156824847965,28
"898",2003,0,44,-0.594867135343154,0.695004045969779,0.0840683751812625,-0.56107021845886,-0.395519731903234,-0.947156824847965,28
"905",2003,0,8,-0.594867135343154,0.695004045969779,0.0840683751812625,-0.56107021845886,-0.395519731903234,-0.947156824847965,28
"906",2003,0,216,-0.594867135343154,0.695004045969779,0.0840683751812625,-0.56107021845886,-0.395519731903234,-0.947156824847965,28
"907",2003,0,320,-0.594867135343154,0.695004045969779,0.0840683751812625,-0.56107021845886,-0.395519731903234,-0.947156824847965,28
"909",2003,76,108,-0.594867135343154,0.695004045969779,0.0840683751812625,-0.56107021845886,-0.395519731903234,-0.947156824847965,28
"910",2003,12,228,-0.594867135343154,0.695004045969779,0.0840683751812625,-0.56107021845886,-0.395519731903234,-0.947156824847965,28
"911",2003,36,132,-0.594867135343154,0.695004045969779,0.0840683751812625,-0.56107021845886,-0.395519731903234,-0.947156824847965,28
"912",2003,8,284,-0.594867135343154,0.695004045969779,0.0840683751812625,-0.56107021845886,-0.395519731903234,-0.947156824847965,28
"842",2004,276,48,0.815244879865142,0.544037927674688,-1.1434248949795,-0.460708811514782,0.658510981743904,2.13713865920352,29
"843",2004,316,48,0.815244879865142,0.544037927674688,-1.1434248949795,-0.460708811514782,0.658510981743904,2.13713865920352,29
"844",2004,408,52,0.815244879865142,0.544037927674688,-1.1434248949795,-0.460708811514782,0.658510981743904,2.13713865920352,29
"849",2004,736,0,0.815244879865142,0.544037927674688,-1.1434248949795,-0.460708811514782,0.658510981743904,2.13713865920352,29
"852",2004,1020,0,0.815244879865142,0.544037927674688,-1.1434248949795,-0.460708811514782,0.658510981743904,2.13713865920352,29
"853",2004,500,4,0.815244879865142,0.544037927674688,-1.1434248949795,-0.460708811514782,0.658510981743904,2.13713865920352,29
"854",2004,1328,20,0.815244879865142,0.544037927674688,-1.1434248949795,-0.460708811514782,0.658510981743904,2.13713865920352,29
"871",2004,1648,8,0.815244879865142,0.544037927674688,-1.1434248949795,-0.460708811514782,0.658510981743904,2.13713865920352,29
"875",2004,544,0,0.815244879865142,0.544037927674688,-1.1434248949795,-0.460708811514782,0.658510981743904,2.13713865920352,29
"876",2004,580,16,0.815244879865142,0.544037927674688,-1.1434248949795,-0.460708811514782,0.658510981743904,2.13713865920352,29
"877",2004,584,8,0.815244879865142,0.544037927674688,-1.1434248949795,-0.460708811514782,0.658510981743904,2.13713865920352,29
"879",2004,1468,8,0.815244879865142,0.544037927674688,-1.1434248949795,-0.460708811514782,0.658510981743904,2.13713865920352,29
"880",2004,1072,0,0.815244879865142,0.544037927674688,-1.1434248949795,-0.460708811514782,0.658510981743904,2.13713865920352,29
"884",2004,708,0,0.815244879865142,0.544037927674688,-1.1434248949795,-0.460708811514782,0.658510981743904,2.13713865920352,29
"886",2004,1168,8,0.815244879865142,0.544037927674688,-1.1434248949795,-0.460708811514782,0.658510981743904,2.13713865920352,29
"887",2004,152,0,0.815244879865142,0.544037927674688,-1.1434248949795,-0.460708811514782,0.658510981743904,2.13713865920352,29
"891",2004,204,0,0.815244879865142,0.544037927674688,-1.1434248949795,-0.460708811514782,0.658510981743904,2.13713865920352,29
"898",2004,164,0,0.815244879865142,0.544037927674688,-1.1434248949795,-0.460708811514782,0.658510981743904,2.13713865920352,29
"905",2004,112,0,0.815244879865142,0.544037927674688,-1.1434248949795,-0.460708811514782,0.658510981743904,2.13713865920352,29
"906",2004,316,0,0.815244879865142,0.544037927674688,-1.1434248949795,-0.460708811514782,0.658510981743904,2.13713865920352,29
"907",2004,180,0,0.815244879865142,0.544037927674688,-1.1434248949795,-0.460708811514782,0.658510981743904,2.13713865920352,29
"909",2004,1252,76,0.815244879865142,0.544037927674688,-1.1434248949795,-0.460708811514782,0.658510981743904,2.13713865920352,29
"910",2004,1056,12,0.815244879865142,0.544037927674688,-1.1434248949795,-0.460708811514782,0.658510981743904,2.13713865920352,29
"911",2004,2052,36,0.815244879865142,0.544037927674688,-1.1434248949795,-0.460708811514782,0.658510981743904,2.13713865920352,29
"912",2004,712,8,0.815244879865142,0.544037927674688,-1.1434248949795,-0.460708811514782,0.658510981743904,2.13713865920352,29
"842",2005,0,276,-0.851815363466496,-0.437241841243407,1.40788405487174,0.0588090597251496,-1.5418620526373,-0.174574003011193,30
"843",2005,0,316,-0.851815363466496,-0.437241841243407,1.40788405487174,0.0588090597251496,-1.5418620526373,-0.174574003011193,30
"844",2005,0,408,-0.851815363466496,-0.437241841243407,1.40788405487174,0.0588090597251496,-1.5418620526373,-0.174574003011193,30
"849",2005,0,736,-0.851815363466496,-0.437241841243407,1.40788405487174,0.0588090597251496,-1.5418620526373,-0.174574003011193,30
"852",2005,0,1020,-0.851815363466496,-0.437241841243407,1.40788405487174,0.0588090597251496,-1.5418620526373,-0.174574003011193,30
"853",2005,0,500,-0.851815363466496,-0.437241841243407,1.40788405487174,0.0588090597251496,-1.5418620526373,-0.174574003011193,30
"854",2005,0,1328,-0.851815363466496,-0.437241841243407,1.40788405487174,0.0588090597251496,-1.5418620526373,-0.174574003011193,30
"871",2005,0,1648,-0.851815363466496,-0.437241841243407,1.40788405487174,0.0588090597251496,-1.5418620526373,-0.174574003011193,30
"875",2005,0,544,-0.851815363466496,-0.437241841243407,1.40788405487174,0.0588090597251496,-1.5418620526373,-0.174574003011193,30
"876",2005,0,580,-0.851815363466496,-0.437241841243407,1.40788405487174,0.0588090597251496,-1.5418620526373,-0.174574003011193,30
"877",2005,0,584,-0.851815363466496,-0.437241841243407,1.40788405487174,0.0588090597251496,-1.5418620526373,-0.174574003011193,30
"879",2005,0,1468,-0.851815363466496,-0.437241841243407,1.40788405487174,0.0588090597251496,-1.5418620526373,-0.174574003011193,30
"880",2005,0,1072,-0.851815363466496,-0.437241841243407,1.40788405487174,0.0588090597251496,-1.5418620526373,-0.174574003011193,30
"884",2005,0,708,-0.851815363466496,-0.437241841243407,1.40788405487174,0.0588090597251496,-1.5418620526373,-0.174574003011193,30
"886",2005,0,1168,-0.851815363466496,-0.437241841243407,1.40788405487174,0.0588090597251496,-1.5418620526373,-0.174574003011193,30
"887",2005,0,152,-0.851815363466496,-0.437241841243407,1.40788405487174,0.0588090597251496,-1.5418620526373,-0.174574003011193,30
"891",2005,0,204,-0.851815363466496,-0.437241841243407,1.40788405487174,0.0588090597251496,-1.5418620526373,-0.174574003011193,30
"898",2005,0,164,-0.851815363466496,-0.437241841243407,1.40788405487174,0.0588090597251496,-1.5418620526373,-0.174574003011193,30
"905",2005,0,112,-0.851815363466496,-0.437241841243407,1.40788405487174,0.0588090597251496,-1.5418620526373,-0.174574003011193,30
"906",2005,0,316,-0.851815363466496,-0.437241841243407,1.40788405487174,0.0588090597251496,-1.5418620526373,-0.174574003011193,30
"907",2005,0,180,-0.851815363466496,-0.437241841243407,1.40788405487174,0.0588090597251496,-1.5418620526373,-0.174574003011193,30
"909",2005,0,1252,-0.851815363466496,-0.437241841243407,1.40788405487174,0.0588090597251496,-1.5418620526373,-0.174574003011193,30
"910",2005,0,1056,-0.851815363466496,-0.437241841243407,1.40788405487174,0.0588090597251496,-1.5418620526373,-0.174574003011193,30
"911",2005,0,2052,-0.851815363466496,-0.437241841243407,1.40788405487174,0.0588090597251496,-1.5418620526373,-0.174574003011193,30
"912",2005,0,712,-0.851815363466496,-0.437241841243407,1.40788405487174,0.0588090597251496,-1.5418620526373,-0.174574003011193,30
"842",2006,236,0,0.679943638969277,-0.798482195735232,-0.106106638505617,-0.017937898526204,0.645083838894896,0.682510064963975,31
"843",2006,272,0,0.679943638969277,-0.798482195735232,-0.106106638505617,-0.017937898526204,0.645083838894896,0.682510064963975,31
"844",2006,100,0,0.679943638969277,-0.798482195735232,-0.106106638505617,-0.017937898526204,0.645083838894896,0.682510064963975,31
"849",2006,184,0,0.679943638969277,-0.798482195735232,-0.106106638505617,-0.017937898526204,0.645083838894896,0.682510064963975,31
"852",2006,12,0,0.679943638969277,-0.798482195735232,-0.106106638505617,-0.017937898526204,0.645083838894896,0.682510064963975,31
"853",2006,292,0,0.679943638969277,-0.798482195735232,-0.106106638505617,-0.017937898526204,0.645083838894896,0.682510064963975,31
"854",2006,0,0,0.679943638969277,-0.798482195735232,-0.106106638505617,-0.017937898526204,0.645083838894896,0.682510064963975,31
"871",2006,804,0,0.679943638969277,-0.798482195735232,-0.106106638505617,-0.017937898526204,0.645083838894896,0.682510064963975,31
"875",2006,680,0,0.679943638969277,-0.798482195735232,-0.106106638505617,-0.017937898526204,0.645083838894896,0.682510064963975,31
"876",2006,504,0,0.679943638969277,-0.798482195735232,-0.106106638505617,-0.017937898526204,0.645083838894896,0.682510064963975,31
"877",2006,732,0,0.679943638969277,-0.798482195735232,-0.106106638505617,-0.017937898526204,0.645083838894896,0.682510064963975,31
"879",2006,32,0,0.679943638969277,-0.798482195735232,-0.106106638505617,-0.017937898526204,0.645083838894896,0.682510064963975,31
"880",2006,332,0,0.679943638969277,-0.798482195735232,-0.106106638505617,-0.017937898526204,0.645083838894896,0.682510064963975,31
"884",2006,120,0,0.679943638969277,-0.798482195735232,-0.106106638505617,-0.017937898526204,0.645083838894896,0.682510064963975,31
"886",2006,168,0,0.679943638969277,-0.798482195735232,-0.106106638505617,-0.017937898526204,0.645083838894896,0.682510064963975,31
"887",2006,12,0,0.679943638969277,-0.798482195735232,-0.106106638505617,-0.017937898526204,0.645083838894896,0.682510064963975,31
"891",2006,0,0,0.679943638969277,-0.798482195735232,-0.106106638505617,-0.017937898526204,0.645083838894896,0.682510064963975,31
"898",2006,32,0,0.679943638969277,-0.798482195735232,-0.106106638505617,-0.017937898526204,0.645083838894896,0.682510064963975,31
"905",2006,8,0,0.679943638969277,-0.798482195735232,-0.106106638505617,-0.017937898526204,0.645083838894896,0.682510064963975,31
"906",2006,384,0,0.679943638969277,-0.798482195735232,-0.106106638505617,-0.017937898526204,0.645083838894896,0.682510064963975,31
"907",2006,296,0,0.679943638969277,-0.798482195735232,-0.106106638505617,-0.017937898526204,0.645083838894896,0.682510064963975,31
"909",2006,216,0,0.679943638969277,-0.798482195735232,-0.106106638505617,-0.017937898526204,0.645083838894896,0.682510064963975,31
"910",2006,116,0,0.679943638969277,-0.798482195735232,-0.106106638505617,-0.017937898526204,0.645083838894896,0.682510064963975,31
"911",2006,336,0,0.679943638969277,-0.798482195735232,-0.106106638505617,-0.017937898526204,0.645083838894896,0.682510064963975,31
"912",2006,60,0,0.679943638969277,-0.798482195735232,-0.106106638505617,-0.017937898526204,0.645083838894896,0.682510064963975,31
"842",2007,100,236,2.21046134561701,0.711178987215682,-0.446939779918464,1.08603757785865,0.943837767285326,0.561793999051979,32
"843",2007,236,272,2.21046134561701,0.711178987215682,-0.446939779918464,1.08603757785865,0.943837767285326,0.561793999051979,32
"844",2007,216,100,2.21046134561701,0.711178987215682,-0.446939779918464,1.08603757785865,0.943837767285326,0.561793999051979,32
"849",2007,240,184,2.21046134561701,0.711178987215682,-0.446939779918464,1.08603757785865,0.943837767285326,0.561793999051979,32
"852",2007,260,12,2.21046134561701,0.711178987215682,-0.446939779918464,1.08603757785865,0.943837767285326,0.561793999051979,32
"853",2007,192,292,2.21046134561701,0.711178987215682,-0.446939779918464,1.08603757785865,0.943837767285326,0.561793999051979,32
"854",2007,456,0,2.21046134561701,0.711178987215682,-0.446939779918464,1.08603757785865,0.943837767285326,0.561793999051979,32
"871",2007,144,804,2.21046134561701,0.711178987215682,-0.446939779918464,1.08603757785865,0.943837767285326,0.561793999051979,32
"875",2007,116,680,2.21046134561701,0.711178987215682,-0.446939779918464,1.08603757785865,0.943837767285326,0.561793999051979,32
"876",2007,100,504,2.21046134561701,0.711178987215682,-0.446939779918464,1.08603757785865,0.943837767285326,0.561793999051979,32
"877",2007,92,732,2.21046134561701,0.711178987215682,-0.446939779918464,1.08603757785865,0.943837767285326,0.561793999051979,32
"884",2007,152,120,2.21046134561701,0.711178987215682,-0.446939779918464,1.08603757785865,0.943837767285326,0.561793999051979,32
"887",2007,308,12,2.21046134561701,0.711178987215682,-0.446939779918464,1.08603757785865,0.943837767285326,0.561793999051979,32
"891",2007,32,0,2.21046134561701,0.711178987215682,-0.446939779918464,1.08603757785865,0.943837767285326,0.561793999051979,32
"898",2007,64,32,2.21046134561701,0.711178987215682,-0.446939779918464,1.08603757785865,0.943837767285326,0.561793999051979,32
"905",2007,40,8,2.21046134561701,0.711178987215682,-0.446939779918464,1.08603757785865,0.943837767285326,0.561793999051979,32
"906",2007,96,384,2.21046134561701,0.711178987215682,-0.446939779918464,1.08603757785865,0.943837767285326,0.561793999051979,32
"907",2007,8,296,2.21046134561701,0.711178987215682,-0.446939779918464,1.08603757785865,0.943837767285326,0.561793999051979,32
"909",2007,280,216,2.21046134561701,0.711178987215682,-0.446939779918464,1.08603757785865,0.943837767285326,0.561793999051979,32
"910",2007,1280,116,2.21046134561701,0.711178987215682,-0.446939779918464,1.08603757785865,0.943837767285326,0.561793999051979,32
"911",2007,496,336,2.21046134561701,0.711178987215682,-0.446939779918464,1.08603757785865,0.943837767285326,0.561793999051979,32
"912",2007,644,60,2.21046134561701,0.711178987215682,-0.446939779918464,1.08603757785865,0.943837767285326,0.561793999051979,32
"842",2008,12,100,-0.511700317544778,-0.868573607800811,0.269303778123028,0.45435107532828,-1.39584187415434,0.948085409970365,33
"843",2008,32,236,-0.511700317544778,-0.868573607800811,0.269303778123028,0.45435107532828,-1.39584187415434,0.948085409970365,33
"844",2008,28,216,-0.511700317544778,-0.868573607800811,0.269303778123028,0.45435107532828,-1.39584187415434,0.948085409970365,33
"849",2008,20,240,-0.511700317544778,-0.868573607800811,0.269303778123028,0.45435107532828,-1.39584187415434,0.948085409970365,33
"853",2008,36,192,-0.511700317544778,-0.868573607800811,0.269303778123028,0.45435107532828,-1.39584187415434,0.948085409970365,33
"871",2008,0,144,-0.511700317544778,-0.868573607800811,0.269303778123028,0.45435107532828,-1.39584187415434,0.948085409970365,33
"875",2008,32,116,-0.511700317544778,-0.868573607800811,0.269303778123028,0.45435107532828,-1.39584187415434,0.948085409970365,33
"877",2008,4,92,-0.511700317544778,-0.868573607800811,0.269303778123028,0.45435107532828,-1.39584187415434,0.948085409970365,33
"884",2008,4,152,-0.511700317544778,-0.868573607800811,0.269303778123028,0.45435107532828,-1.39584187415434,0.948085409970365,33
"886",2008,28,NA,-0.511700317544778,-0.868573607800811,0.269303778123028,0.45435107532828,-1.39584187415434,0.948085409970365,33
"887",2008,20,308,-0.511700317544778,-0.868573607800811,0.269303778123028,0.45435107532828,-1.39584187415434,0.948085409970365,33
"897",2008,12,NA,-0.511700317544778,-0.868573607800811,0.269303778123028,0.45435107532828,-1.39584187415434,0.948085409970365,33
"899",2008,4,NA,-0.511700317544778,-0.868573607800811,0.269303778123028,0.45435107532828,-1.39584187415434,0.948085409970365,33
"909",2008,72,280,-0.511700317544778,-0.868573607800811,0.269303778123028,0.45435107532828,-1.39584187415434,0.948085409970365,33
"910",2008,4,1280,-0.511700317544778,-0.868573607800811,0.269303778123028,0.45435107532828,-1.39584187415434,0.948085409970365,33
"911",2008,76,496,-0.511700317544778,-0.868573607800811,0.269303778123028,0.45435107532828,-1.39584187415434,0.948085409970365,33
"842",2009,60,12,-0.0623512422759361,-0.453416782489309,0.825009986948323,0.808567805719142,1.76625026678707,-0.983371644621564,34
"843",2009,140,32,-0.0623512422759361,-0.453416782489309,0.825009986948323,0.808567805719142,1.76625026678707,-0.983371644621564,34
"844",2009,64,28,-0.0623512422759361,-0.453416782489309,0.825009986948323,0.808567805719142,1.76625026678707,-0.983371644621564,34
"849",2009,84,20,-0.0623512422759361,-0.453416782489309,0.825009986948323,0.808567805719142,1.76625026678707,-0.983371644621564,34
"852",2009,8,NA,-0.0623512422759361,-0.453416782489309,0.825009986948323,0.808567805719142,1.76625026678707,-0.983371644621564,34
"853",2009,544,36,-0.0623512422759361,-0.453416782489309,0.825009986948323,0.808567805719142,1.76625026678707,-0.983371644621564,34
"854",2009,120,NA,-0.0623512422759361,-0.453416782489309,0.825009986948323,0.808567805719142,1.76625026678707,-0.983371644621564,34
"871",2009,400,0,-0.0623512422759361,-0.453416782489309,0.825009986948323,0.808567805719142,1.76625026678707,-0.983371644621564,34
"875",2009,392,32,-0.0623512422759361,-0.453416782489309,0.825009986948323,0.808567805719142,1.76625026678707,-0.983371644621564,34
"876",2009,24,NA,-0.0623512422759361,-0.453416782489309,0.825009986948323,0.808567805719142,1.76625026678707,-0.983371644621564,34
"877",2009,104,4,-0.0623512422759361,-0.453416782489309,0.825009986948323,0.808567805719142,1.76625026678707,-0.983371644621564,34
"880",2009,20,NA,-0.0623512422759361,-0.453416782489309,0.825009986948323,0.808567805719142,1.76625026678707,-0.983371644621564,34
"884",2009,52,4,-0.0623512422759361,-0.453416782489309,0.825009986948323,0.808567805719142,1.76625026678707,-0.983371644621564,34
"886",2009,108,28,-0.0623512422759361,-0.453416782489309,0.825009986948323,0.808567805719142,1.76625026678707,-0.983371644621564,34
"887",2009,84,20,-0.0623512422759361,-0.453416782489309,0.825009986948323,0.808567805719142,1.76625026678707,-0.983371644621564,34
"891",2009,4,NA,-0.0623512422759361,-0.453416782489309,0.825009986948323,0.808567805719142,1.76625026678707,-0.983371644621564,34
"899",2009,0,4,-0.0623512422759361,-0.453416782489309,0.825009986948323,0.808567805719142,1.76625026678707,-0.983371644621564,34
"900",2009,4,NA,-0.0623512422759361,-0.453416782489309,0.825009986948323,0.808567805719142,1.76625026678707,-0.983371644621564,34
"905",2009,0,NA,-0.0623512422759361,-0.453416782489309,0.825009986948323,0.808567805719142,1.76625026678707,-0.983371644621564,34
"906",2009,176,NA,-0.0623512422759361,-0.453416782489309,0.825009986948323,0.808567805719142,1.76625026678707,-0.983371644621564,34
"907",2009,344,NA,-0.0623512422759361,-0.453416782489309,0.825009986948323,0.808567805719142,1.76625026678707,-0.983371644621564,34
"908",2009,24,NA,-0.0623512422759361,-0.453416782489309,0.825009986948323,0.808567805719142,1.76625026678707,-0.983371644621564,34
"909",2009,248,72,-0.0623512422759361,-0.453416782489309,0.825009986948323,0.808567805719142,1.76625026678707,-0.983371644621564,34
"911",2009,468,76,-0.0623512422759361,-0.453416782489309,0.825009986948323,0.808567805719142,1.76625026678707,-0.983371644621564,34
"912",2009,428,NA,-0.0623512422759361,-0.453416782489309,0.825009986948323,0.808567805719142,1.76625026678707,-0.983371644621564,34
"913",2009,12,NA,-0.0623512422759361,-0.453416782489309,0.825009986948323,0.808567805719142,1.76625026678707,-0.983371644621564,34
"842",2010,40,60,0.28397028258596,0.215147455674668,0.662002832359571,0.182784915361951,0.185204196316367,0.573865605643179,35
"843",2010,52,140,0.28397028258596,0.215147455674668,0.662002832359571,0.182784915361951,0.185204196316367,0.573865605643179,35
"844",2010,28,64,0.28397028258596,0.215147455674668,0.662002832359571,0.182784915361951,0.185204196316367,0.573865605643179,35
"849",2010,44,84,0.28397028258596,0.215147455674668,0.662002832359571,0.182784915361951,0.185204196316367,0.573865605643179,35
"852",2010,28,8,0.28397028258596,0.215147455674668,0.662002832359571,0.182784915361951,0.185204196316367,0.573865605643179,35
"853",2010,36,544,0.28397028258596,0.215147455674668,0.662002832359571,0.182784915361951,0.185204196316367,0.573865605643179,35
"854",2010,20,120,0.28397028258596,0.215147455674668,0.662002832359571,0.182784915361951,0.185204196316367,0.573865605643179,35
"855",2010,20,NA,0.28397028258596,0.215147455674668,0.662002832359571,0.182784915361951,0.185204196316367,0.573865605643179,35
"871",2010,0,400,0.28397028258596,0.215147455674668,0.662002832359571,0.182784915361951,0.185204196316367,0.573865605643179,35
"875",2010,0,392,0.28397028258596,0.215147455674668,0.662002832359571,0.182784915361951,0.185204196316367,0.573865605643179,35
"876",2010,0,24,0.28397028258596,0.215147455674668,0.662002832359571,0.182784915361951,0.185204196316367,0.573865605643179,35
"877",2010,24,104,0.28397028258596,0.215147455674668,0.662002832359571,0.182784915361951,0.185204196316367,0.573865605643179,35
"880",2010,0,20,0.28397028258596,0.215147455674668,0.662002832359571,0.182784915361951,0.185204196316367,0.573865605643179,35
"884",2010,0,52,0.28397028258596,0.215147455674668,0.662002832359571,0.182784915361951,0.185204196316367,0.573865605643179,35
"886",2010,68,108,0.28397028258596,0.215147455674668,0.662002832359571,0.182784915361951,0.185204196316367,0.573865605643179,35
"887",2010,12,84,0.28397028258596,0.215147455674668,0.662002832359571,0.182784915361951,0.185204196316367,0.573865605643179,35
"891",2010,0,4,0.28397028258596,0.215147455674668,0.662002832359571,0.182784915361951,0.185204196316367,0.573865605643179,35
"899",2010,0,0,0.28397028258596,0.215147455674668,0.662002832359571,0.182784915361951,0.185204196316367,0.573865605643179,35
"900",2010,0,4,0.28397028258596,0.215147455674668,0.662002832359571,0.182784915361951,0.185204196316367,0.573865605643179,35
"905",2010,0,0,0.28397028258596,0.215147455674668,0.662002832359571,0.182784915361951,0.185204196316367,0.573865605643179,35
"906",2010,32,176,0.28397028258596,0.215147455674668,0.662002832359571,0.182784915361951,0.185204196316367,0.573865605643179,35
"907",2010,0,344,0.28397028258596,0.215147455674668,0.662002832359571,0.182784915361951,0.185204196316367,0.573865605643179,35
"909",2010,40,248,0.28397028258596,0.215147455674668,0.662002832359571,0.182784915361951,0.185204196316367,0.573865605643179,35
"911",2010,52,468,0.28397028258596,0.215147455674668,0.662002832359571,0.182784915361951,0.185204196316367,0.573865605643179,35
"912",2010,4,428,0.28397028258596,0.215147455674668,0.662002832359571,0.182784915361951,0.185204196316367,0.573865605643179,35
"842",2011,336,40,1.39865390024181,0.128881102363186,0.587908671182864,-0.442997974995239,0.416822410461758,0.622152032007977,36
"843",2011,724,52,1.39865390024181,0.128881102363186,0.587908671182864,-0.442997974995239,0.416822410461758,0.622152032007977,36
"844",2011,316,28,1.39865390024181,0.128881102363186,0.587908671182864,-0.442997974995239,0.416822410461758,0.622152032007977,36
"849",2011,596,44,1.39865390024181,0.128881102363186,0.587908671182864,-0.442997974995239,0.416822410461758,0.622152032007977,36
"852",2011,120,28,1.39865390024181,0.128881102363186,0.587908671182864,-0.442997974995239,0.416822410461758,0.622152032007977,36
"853",2011,1640,36,1.39865390024181,0.128881102363186,0.587908671182864,-0.442997974995239,0.416822410461758,0.622152032007977,36
"854",2011,1276,20,1.39865390024181,0.128881102363186,0.587908671182864,-0.442997974995239,0.416822410461758,0.622152032007977,36
"871",2011,1240,0,1.39865390024181,0.128881102363186,0.587908671182864,-0.442997974995239,0.416822410461758,0.622152032007977,36
"875",2011,1100,0,1.39865390024181,0.128881102363186,0.587908671182864,-0.442997974995239,0.416822410461758,0.622152032007977,36
"876",2011,652,0,1.39865390024181,0.128881102363186,0.587908671182864,-0.442997974995239,0.416822410461758,0.622152032007977,36
"877",2011,244,24,1.39865390024181,0.128881102363186,0.587908671182864,-0.442997974995239,0.416822410461758,0.622152032007977,36
"880",2011,832,0,1.39865390024181,0.128881102363186,0.587908671182864,-0.442997974995239,0.416822410461758,0.622152032007977,36
"884",2011,340,0,1.39865390024181,0.128881102363186,0.587908671182864,-0.442997974995239,0.416822410461758,0.622152032007977,36
"886",2011,656,68,1.39865390024181,0.128881102363186,0.587908671182864,-0.442997974995239,0.416822410461758,0.622152032007977,36
"887",2011,528,12,1.39865390024181,0.128881102363186,0.587908671182864,-0.442997974995239,0.416822410461758,0.622152032007977,36
"891",2011,36,0,1.39865390024181,0.128881102363186,0.587908671182864,-0.442997974995239,0.416822410461758,0.622152032007977,36
"899",2011,12,0,1.39865390024181,0.128881102363186,0.587908671182864,-0.442997974995239,0.416822410461758,0.622152032007977,36
"900",2011,96,0,1.39865390024181,0.128881102363186,0.587908671182864,-0.442997974995239,0.416822410461758,0.622152032007977,36
"905",2011,60,0,1.39865390024181,0.128881102363186,0.587908671182864,-0.442997974995239,0.416822410461758,0.622152032007977,36
"906",2011,220,32,1.39865390024181,0.128881102363186,0.587908671182864,-0.442997974995239,0.416822410461758,0.622152032007977,36
"907",2011,980,0,1.39865390024181,0.128881102363186,0.587908671182864,-0.442997974995239,0.416822410461758,0.622152032007977,36
"908",2011,152,NA,1.39865390024181,0.128881102363186,0.587908671182864,-0.442997974995239,0.416822410461758,0.622152032007977,36
"909",2011,1120,40,1.39865390024181,0.128881102363186,0.587908671182864,-0.442997974995239,0.416822410461758,0.622152032007977,36
"911",2011,1992,52,1.39865390024181,0.128881102363186,0.587908671182864,-0.442997974995239,0.416822410461758,0.622152032007977,36
"912",2011,1188,4,1.39865390024181,0.128881102363186,0.587908671182864,-0.442997974995239,0.416822410461758,0.622152032007977,36
"913",2011,56,NA,1.39865390024181,0.128881102363186,0.587908671182864,-0.442997974995239,0.416822410461758,0.622152032007977,36
"842",2012,96,336,-0.880365166591313,-1.21363902104673,0.175451173965866,-0.820829154078826,-0.794977231661227,-0.886798791891967,37
"843",2012,328,724,-0.880365166591313,-1.21363902104673,0.175451173965866,-0.820829154078826,-0.794977231661227,-0.886798791891967,37
"844",2012,132,316,-0.880365166591313,-1.21363902104673,0.175451173965866,-0.820829154078826,-0.794977231661227,-0.886798791891967,37
"849",2012,268,596,-0.880365166591313,-1.21363902104673,0.175451173965866,-0.820829154078826,-0.794977231661227,-0.886798791891967,37
"852",2012,44,120,-0.880365166591313,-1.21363902104673,0.175451173965866,-0.820829154078826,-0.794977231661227,-0.886798791891967,37
"853",2012,500,1640,-0.880365166591313,-1.21363902104673,0.175451173965866,-0.820829154078826,-0.794977231661227,-0.886798791891967,37
"854",2012,312,1276,-0.880365166591313,-1.21363902104673,0.175451173965866,-0.820829154078826,-0.794977231661227,-0.886798791891967,37
"871",2012,320,1240,-0.880365166591313,-1.21363902104673,0.175451173965866,-0.820829154078826,-0.794977231661227,-0.886798791891967,37
"875",2012,112,1100,-0.880365166591313,-1.21363902104673,0.175451173965866,-0.820829154078826,-0.794977231661227,-0.886798791891967,37
"876",2012,332,652,-0.880365166591313,-1.21363902104673,0.175451173965866,-0.820829154078826,-0.794977231661227,-0.886798791891967,37
"877",2012,252,244,-0.880365166591313,-1.21363902104673,0.175451173965866,-0.820829154078826,-0.794977231661227,-0.886798791891967,37
"880",2012,96,832,-0.880365166591313,-1.21363902104673,0.175451173965866,-0.820829154078826,-0.794977231661227,-0.886798791891967,37
"884",2012,188,340,-0.880365166591313,-1.21363902104673,0.175451173965866,-0.820829154078826,-0.794977231661227,-0.886798791891967,37
"886",2012,128,656,-0.880365166591313,-1.21363902104673,0.175451173965866,-0.820829154078826,-0.794977231661227,-0.886798791891967,37
"887",2012,48,528,-0.880365166591313,-1.21363902104673,0.175451173965866,-0.820829154078826,-0.794977231661227,-0.886798791891967,37
"891",2012,56,36,-0.880365166591313,-1.21363902104673,0.175451173965866,-0.820829154078826,-0.794977231661227,-0.886798791891967,37
"899",2012,24,12,-0.880365166591313,-1.21363902104673,0.175451173965866,-0.820829154078826,-0.794977231661227,-0.886798791891967,37
"900",2012,80,96,-0.880365166591313,-1.21363902104673,0.175451173965866,-0.820829154078826,-0.794977231661227,-0.886798791891967,37
"905",2012,16,60,-0.880365166591313,-1.21363902104673,0.175451173965866,-0.820829154078826,-0.794977231661227,-0.886798791891967,37
"906",2012,8,220,-0.880365166591313,-1.21363902104673,0.175451173965866,-0.820829154078826,-0.794977231661227,-0.886798791891967,37
"907",2012,300,980,-0.880365166591313,-1.21363902104673,0.175451173965866,-0.820829154078826,-0.794977231661227,-0.886798791891967,37
"908",2012,148,152,-0.880365166591313,-1.21363902104673,0.175451173965866,-0.820829154078826,-0.794977231661227,-0.886798791891967,37
"909",2012,364,1120,-0.880365166591313,-1.21363902104673,0.175451173965866,-0.820829154078826,-0.794977231661227,-0.886798791891967,37
"911",2012,360,1992,-0.880365166591313,-1.21363902104673,0.175451173965866,-0.820829154078826,-0.794977231661227,-0.886798791891967,37
"912",2012,464,1188,-0.880365166591313,-1.21363902104673,0.175451173965866,-0.820829154078826,-0.794977231661227,-0.886798791891967,37
"913",2012,12,56,-0.880365166591313,-1.21363902104673,0.175451173965866,-0.820829154078826,-0.794977231661227,-0.886798791891967,37
"842",2013,132,96,-0.303162625154817,-1.0195397260959,-1.17059275407763,0.690495562255522,2.48795919492126,-0.216824626080392,38
"843",2013,400,328,-0.303162625154817,-1.0195397260959,-1.17059275407763,0.690495562255522,2.48795919492126,-0.216824626080392,38
"844",2013,212,132,-0.303162625154817,-1.0195397260959,-1.17059275407763,0.690495562255522,2.48795919492126,-0.216824626080392,38
"849",2013,228,268,-0.303162625154817,-1.0195397260959,-1.17059275407763,0.690495562255522,2.48795919492126,-0.216824626080392,38
"853",2013,832,500,-0.303162625154817,-1.0195397260959,-1.17059275407763,0.690495562255522,2.48795919492126,-0.216824626080392,38
"854",2013,380,312,-0.303162625154817,-1.0195397260959,-1.17059275407763,0.690495562255522,2.48795919492126,-0.216824626080392,38
"871",2013,236,320,-0.303162625154817,-1.0195397260959,-1.17059275407763,0.690495562255522,2.48795919492126,-0.216824626080392,38
"875",2013,108,112,-0.303162625154817,-1.0195397260959,-1.17059275407763,0.690495562255522,2.48795919492126,-0.216824626080392,38
"876",2013,224,332,-0.303162625154817,-1.0195397260959,-1.17059275407763,0.690495562255522,2.48795919492126,-0.216824626080392,38
"877",2013,1296,252,-0.303162625154817,-1.0195397260959,-1.17059275407763,0.690495562255522,2.48795919492126,-0.216824626080392,38
"880",2013,248,96,-0.303162625154817,-1.0195397260959,-1.17059275407763,0.690495562255522,2.48795919492126,-0.216824626080392,38
"884",2013,204,188,-0.303162625154817,-1.0195397260959,-1.17059275407763,0.690495562255522,2.48795919492126,-0.216824626080392,38
"886",2013,288,128,-0.303162625154817,-1.0195397260959,-1.17059275407763,0.690495562255522,2.48795919492126,-0.216824626080392,38
"887",2013,80,48,-0.303162625154817,-1.0195397260959,-1.17059275407763,0.690495562255522,2.48795919492126,-0.216824626080392,38
"891",2013,36,56,-0.303162625154817,-1.0195397260959,-1.17059275407763,0.690495562255522,2.48795919492126,-0.216824626080392,38
"899",2013,4,24,-0.303162625154817,-1.0195397260959,-1.17059275407763,0.690495562255522,2.48795919492126,-0.216824626080392,38
"900",2013,0,80,-0.303162625154817,-1.0195397260959,-1.17059275407763,0.690495562255522,2.48795919492126,-0.216824626080392,38
"905",2013,12,16,-0.303162625154817,-1.0195397260959,-1.17059275407763,0.690495562255522,2.48795919492126,-0.216824626080392,38
"906",2013,196,8,-0.303162625154817,-1.0195397260959,-1.17059275407763,0.690495562255522,2.48795919492126,-0.216824626080392,38
"907",2013,312,300,-0.303162625154817,-1.0195397260959,-1.17059275407763,0.690495562255522,2.48795919492126,-0.216824626080392,38
"908",2013,152,148,-0.303162625154817,-1.0195397260959,-1.17059275407763,0.690495562255522,2.48795919492126,-0.216824626080392,38
"909",2013,32,364,-0.303162625154817,-1.0195397260959,-1.17059275407763,0.690495562255522,2.48795919492126,-0.216824626080392,38
"911",2013,300,360,-0.303162625154817,-1.0195397260959,-1.17059275407763,0.690495562255522,2.48795919492126,-0.216824626080392,38
"912",2013,916,464,-0.303162625154817,-1.0195397260959,-1.17059275407763,0.690495562255522,2.48795919492126,-0.216824626080392,38
"913",2013,28,12,-0.303162625154817,-1.0195397260959,-1.17059275407763,0.690495562255522,2.48795919492126,-0.216824626080392,38
"842",2014,304,132,0.344793776199699,0.0695729844615433,-0.444469974545908,-0.909383336676542,0.984119195832351,1.65427439555554,39
"843",2014,732,400,0.344793776199699,0.0695729844615433,-0.444469974545908,-0.909383336676542,0.984119195832351,1.65427439555554,39
"844",2014,196,212,0.344793776199699,0.0695729844615433,-0.444469974545908,-0.909383336676542,0.984119195832351,1.65427439555554,39
"849",2014,352,228,0.344793776199699,0.0695729844615433,-0.444469974545908,-0.909383336676542,0.984119195832351,1.65427439555554,39
"852",2014,160,NA,0.344793776199699,0.0695729844615433,-0.444469974545908,-0.909383336676542,0.984119195832351,1.65427439555554,39
"853",2014,1216,832,0.344793776199699,0.0695729844615433,-0.444469974545908,-0.909383336676542,0.984119195832351,1.65427439555554,39
"854",2014,576,380,0.344793776199699,0.0695729844615433,-0.444469974545908,-0.909383336676542,0.984119195832351,1.65427439555554,39
"871",2014,828,236,0.344793776199699,0.0695729844615433,-0.444469974545908,-0.909383336676542,0.984119195832351,1.65427439555554,39
"875",2014,892,108,0.344793776199699,0.0695729844615433,-0.444469974545908,-0.909383336676542,0.984119195832351,1.65427439555554,39
"876",2014,400,224,0.344793776199699,0.0695729844615433,-0.444469974545908,-0.909383336676542,0.984119195832351,1.65427439555554,39
"877",2014,1084,1296,0.344793776199699,0.0695729844615433,-0.444469974545908,-0.909383336676542,0.984119195832351,1.65427439555554,39
"880",2014,896,248,0.344793776199699,0.0695729844615433,-0.444469974545908,-0.909383336676542,0.984119195832351,1.65427439555554,39
"884",2014,456,204,0.344793776199699,0.0695729844615433,-0.444469974545908,-0.909383336676542,0.984119195832351,1.65427439555554,39
"886",2014,988,288,0.344793776199699,0.0695729844615433,-0.444469974545908,-0.909383336676542,0.984119195832351,1.65427439555554,39
"887",2014,396,80,0.344793776199699,0.0695729844615433,-0.444469974545908,-0.909383336676542,0.984119195832351,1.65427439555554,39
"891",2014,120,36,0.344793776199699,0.0695729844615433,-0.444469974545908,-0.909383336676542,0.984119195832351,1.65427439555554,39
"899",2014,40,4,0.344793776199699,0.0695729844615433,-0.444469974545908,-0.909383336676542,0.984119195832351,1.65427439555554,39
"900",2014,116,0,0.344793776199699,0.0695729844615433,-0.444469974545908,-0.909383336676542,0.984119195832351,1.65427439555554,39
"905",2014,208,12,0.344793776199699,0.0695729844615433,-0.444469974545908,-0.909383336676542,0.984119195832351,1.65427439555554,39
"906",2014,40,196,0.344793776199699,0.0695729844615433,-0.444469974545908,-0.909383336676542,0.984119195832351,1.65427439555554,39
"907",2014,300,312,0.344793776199699,0.0695729844615433,-0.444469974545908,-0.909383336676542,0.984119195832351,1.65427439555554,39
"908",2014,292,152,0.344793776199699,0.0695729844615433,-0.444469974545908,-0.909383336676542,0.984119195832351,1.65427439555554,39
"909",2014,864,32,0.344793776199699,0.0695729844615433,-0.444469974545908,-0.909383336676542,0.984119195832351,1.65427439555554,39
"911",2014,1140,300,0.344793776199699,0.0695729844615433,-0.444469974545908,-0.909383336676542,0.984119195832351,1.65427439555554,39
"912",2014,1144,916,0.344793776199699,0.0695729844615433,-0.444469974545908,-0.909383336676542,0.984119195832351,1.65427439555554,39
"913",2014,428,28,0.344793776199699,0.0695729844615433,-0.444469974545908,-0.909383336676542,0.984119195832351,1.65427439555554,39
"842",2015,44,304,0.534712031769126,0.56021286892059,-0.187610215799994,0.45435107532828,-0.929248660151308,2.07678062624752,40
"843",2015,332,732,0.534712031769126,0.56021286892059,-0.187610215799994,0.45435107532828,-0.929248660151308,2.07678062624752,40
"844",2015,40,196,0.534712031769126,0.56021286892059,-0.187610215799994,0.45435107532828,-0.929248660151308,2.07678062624752,40
"849",2015,28,352,0.534712031769126,0.56021286892059,-0.187610215799994,0.45435107532828,-0.929248660151308,2.07678062624752,40
"852",2015,224,160,0.534712031769126,0.56021286892059,-0.187610215799994,0.45435107532828,-0.929248660151308,2.07678062624752,40
"853",2015,196,1216,0.534712031769126,0.56021286892059,-0.187610215799994,0.45435107532828,-0.929248660151308,2.07678062624752,40
"854",2015,148,576,0.534712031769126,0.56021286892059,-0.187610215799994,0.45435107532828,-0.929248660151308,2.07678062624752,40
"871",2015,48,828,0.534712031769126,0.56021286892059,-0.187610215799994,0.45435107532828,-0.929248660151308,2.07678062624752,40
"875",2015,40,892,0.534712031769126,0.56021286892059,-0.187610215799994,0.45435107532828,-0.929248660151308,2.07678062624752,40
"876",2015,96,400,0.534712031769126,0.56021286892059,-0.187610215799994,0.45435107532828,-0.929248660151308,2.07678062624752,40
"877",2015,144,1084,0.534712031769126,0.56021286892059,-0.187610215799994,0.45435107532828,-0.929248660151308,2.07678062624752,40
"880",2015,148,896,0.534712031769126,0.56021286892059,-0.187610215799994,0.45435107532828,-0.929248660151308,2.07678062624752,40
"884",2015,84,456,0.534712031769126,0.56021286892059,-0.187610215799994,0.45435107532828,-0.929248660151308,2.07678062624752,40
"886",2015,76,988,0.534712031769126,0.56021286892059,-0.187610215799994,0.45435107532828,-0.929248660151308,2.07678062624752,40
"887",2015,36,396,0.534712031769126,0.56021286892059,-0.187610215799994,0.45435107532828,-0.929248660151308,2.07678062624752,40
"891",2015,16,120,0.534712031769126,0.56021286892059,-0.187610215799994,0.45435107532828,-0.929248660151308,2.07678062624752,40
"899",2015,0,40,0.534712031769126,0.56021286892059,-0.187610215799994,0.45435107532828,-0.929248660151308,2.07678062624752,40
"900",2015,4,116,0.534712031769126,0.56021286892059,-0.187610215799994,0.45435107532828,-0.929248660151308,2.07678062624752,40
"905",2015,12,208,0.534712031769126,0.56021286892059,-0.187610215799994,0.45435107532828,-0.929248660151308,2.07678062624752,40
"906",2015,80,40,0.534712031769126,0.56021286892059,-0.187610215799994,0.45435107532828,-0.929248660151308,2.07678062624752,40
"907",2015,184,300,0.534712031769126,0.56021286892059,-0.187610215799994,0.45435107532828,-0.929248660151308,2.07678062624752,40
"908",2015,56,292,0.534712031769126,0.56021286892059,-0.187610215799994,0.45435107532828,-0.929248660151308,2.07678062624752,40
"909",2015,68,864,0.534712031769126,0.56021286892059,-0.187610215799994,0.45435107532828,-0.929248660151308,2.07678062624752,40
"911",2015,176,1140,0.534712031769126,0.56021286892059,-0.187610215799994,0.45435107532828,-0.929248660151308,2.07678062624752,40
"912",2015,100,1144,0.534712031769126,0.56021286892059,-0.187610215799994,0.45435107532828,-0.929248660151308,2.07678062624752,40
"913",2015,88,428,0.534712031769126,0.56021286892059,-0.187610215799994,0.45435107532828,-0.929248660151308,2.07678062624752,40
"842",2016,276,44,0.287694169950066,-0.82544043114507,0.303881053338824,-0.38986546543661,0.829707053068757,-0.886798791891967,41
"843",2016,372,332,0.287694169950066,-0.82544043114507,0.303881053338824,-0.38986546543661,0.829707053068757,-0.886798791891967,41
"844",2016,164,40,0.287694169950066,-0.82544043114507,0.303881053338824,-0.38986546543661,0.829707053068757,-0.886798791891967,41
"849",2016,456,28,0.287694169950066,-0.82544043114507,0.303881053338824,-0.38986546543661,0.829707053068757,-0.886798791891967,41
"852",2016,576,224,0.287694169950066,-0.82544043114507,0.303881053338824,-0.38986546543661,0.829707053068757,-0.886798791891967,41
"853",2016,1960,196,0.287694169950066,-0.82544043114507,0.303881053338824,-0.38986546543661,0.829707053068757,-0.886798791891967,41
"854",2016,436,148,0.287694169950066,-0.82544043114507,0.303881053338824,-0.38986546543661,0.829707053068757,-0.886798791891967,41
"871",2016,1068,48,0.287694169950066,-0.82544043114507,0.303881053338824,-0.38986546543661,0.829707053068757,-0.886798791891967,41
"875",2016,108,40,0.287694169950066,-0.82544043114507,0.303881053338824,-0.38986546543661,0.829707053068757,-0.886798791891967,41
"876",2016,1132,96,0.287694169950066,-0.82544043114507,0.303881053338824,-0.38986546543661,0.829707053068757,-0.886798791891967,41
"877",2016,704,144,0.287694169950066,-0.82544043114507,0.303881053338824,-0.38986546543661,0.829707053068757,-0.886798791891967,41
"880",2016,608,148,0.287694169950066,-0.82544043114507,0.303881053338824,-0.38986546543661,0.829707053068757,-0.886798791891967,41
"884",2016,380,84,0.287694169950066,-0.82544043114507,0.303881053338824,-0.38986546543661,0.829707053068757,-0.886798791891967,41
"886",2016,564,76,0.287694169950066,-0.82544043114507,0.303881053338824,-0.38986546543661,0.829707053068757,-0.886798791891967,41
"887",2016,352,36,0.287694169950066,-0.82544043114507,0.303881053338824,-0.38986546543661,0.829707053068757,-0.886798791891967,41
"891",2016,16,16,0.287694169950066,-0.82544043114507,0.303881053338824,-0.38986546543661,0.829707053068757,-0.886798791891967,41
"899",2016,12,0,0.287694169950066,-0.82544043114507,0.303881053338824,-0.38986546543661,0.829707053068757,-0.886798791891967,41
"900",2016,4,4,0.287694169950066,-0.82544043114507,0.303881053338824,-0.38986546543661,0.829707053068757,-0.886798791891967,41
"905",2016,104,12,0.287694169950066,-0.82544043114507,0.303881053338824,-0.38986546543661,0.829707053068757,-0.886798791891967,41
"906",2016,292,80,0.287694169950066,-0.82544043114507,0.303881053338824,-0.38986546543661,0.829707053068757,-0.886798791891967,41
"907",2016,172,184,0.287694169950066,-0.82544043114507,0.303881053338824,-0.38986546543661,0.829707053068757,-0.886798791891967,41
"908",2016,236,56,0.287694169950066,-0.82544043114507,0.303881053338824,-0.38986546543661,0.829707053068757,-0.886798791891967,41
"909",2016,128,68,0.287694169950066,-0.82544043114507,0.303881053338824,-0.38986546543661,0.829707053068757,-0.886798791891967,41
"911",2016,372,176,0.287694169950066,-0.82544043114507,0.303881053338824,-0.38986546543661,0.829707053068757,-0.886798791891967,41
"912",2016,920,100,0.287694169950066,-0.82544043114507,0.303881053338824,-0.38986546543661,0.829707053068757,-0.886798791891967,41
"913",2016,60,88,0.287694169950066,-0.82544043114507,0.303881053338824,-0.38986546543661,0.829707053068757,-0.886798791891967,41
"842",2017,56,276,-0.00028645287416245,0.463163221445175,0.98554733616452,0.247724649266943,-0.400554910471613,0.247932227680791,42
"843",2017,116,372,-0.00028645287416245,0.463163221445175,0.98554733616452,0.247724649266943,-0.400554910471613,0.247932227680791,42
"844",2017,104,164,-0.00028645287416245,0.463163221445175,0.98554733616452,0.247724649266943,-0.400554910471613,0.247932227680791,42
"849",2017,60,456,-0.00028645287416245,0.463163221445175,0.98554733616452,0.247724649266943,-0.400554910471613,0.247932227680791,42
"852",2017,72,576,-0.00028645287416245,0.463163221445175,0.98554733616452,0.247724649266943,-0.400554910471613,0.247932227680791,42
"853",2017,320,1960,-0.00028645287416245,0.463163221445175,0.98554733616452,0.247724649266943,-0.400554910471613,0.247932227680791,42
"854",2017,84,436,-0.00028645287416245,0.463163221445175,0.98554733616452,0.247724649266943,-0.400554910471613,0.247932227680791,42
"871",2017,92,1068,-0.00028645287416245,0.463163221445175,0.98554733616452,0.247724649266943,-0.400554910471613,0.247932227680791,42
"875",2017,12,108,-0.00028645287416245,0.463163221445175,0.98554733616452,0.247724649266943,-0.400554910471613,0.247932227680791,42
"876",2017,104,1132,-0.00028645287416245,0.463163221445175,0.98554733616452,0.247724649266943,-0.400554910471613,0.247932227680791,42
"877",2017,372,704,-0.00028645287416245,0.463163221445175,0.98554733616452,0.247724649266943,-0.400554910471613,0.247932227680791,42
"880",2017,48,608,-0.00028645287416245,0.463163221445175,0.98554733616452,0.247724649266943,-0.400554910471613,0.247932227680791,42
"884",2017,124,380,-0.00028645287416245,0.463163221445175,0.98554733616452,0.247724649266943,-0.400554910471613,0.247932227680791,42
"886",2017,56,564,-0.00028645287416245,0.463163221445175,0.98554733616452,0.247724649266943,-0.400554910471613,0.247932227680791,42
"887",2017,20,352,-0.00028645287416245,0.463163221445175,0.98554733616452,0.247724649266943,-0.400554910471613,0.247932227680791,42
"891",2017,4,16,-0.00028645287416245,0.463163221445175,0.98554733616452,0.247724649266943,-0.400554910471613,0.247932227680791,42
"899",2017,8,12,-0.00028645287416245,0.463163221445175,0.98554733616452,0.247724649266943,-0.400554910471613,0.247932227680791,42
"900",2017,0,4,-0.00028645287416245,0.463163221445175,0.98554733616452,0.247724649266943,-0.400554910471613,0.247932227680791,42
"905",2017,20,104,-0.00028645287416245,0.463163221445175,0.98554733616452,0.247724649266943,-0.400554910471613,0.247932227680791,42
"906",2017,0,292,-0.00028645287416245,0.463163221445175,0.98554733616452,0.247724649266943,-0.400554910471613,0.247932227680791,42
"907",2017,64,172,-0.00028645287416245,0.463163221445175,0.98554733616452,0.247724649266943,-0.400554910471613,0.247932227680791,42
"908",2017,28,236,-0.00028645287416245,0.463163221445175,0.98554733616452,0.247724649266943,-0.400554910471613,0.247932227680791,42
"909",2017,84,128,-0.00028645287416245,0.463163221445175,0.98554733616452,0.247724649266943,-0.400554910471613,0.247932227680791,42
"911",2017,132,372,-0.00028645287416245,0.463163221445175,0.98554733616452,0.247724649266943,-0.400554910471613,0.247932227680791,42
"912",2017,428,920,-0.00028645287416245,0.463163221445175,0.98554733616452,0.247724649266943,-0.400554910471613,0.247932227680791,42
"913",2017,24,60,-0.00028645287416245,0.463163221445175,0.98554733616452,0.247724649266943,-0.400554910471613,0.247932227680791,42
"842",2018,476,56,0.378308762476656,2.06448240478954,0.0470212945929098,-1.20456394533559,1.46917473125277,0.0487507189259983,43
"843",2018,616,116,0.378308762476656,2.06448240478954,0.0470212945929098,-1.20456394533559,1.46917473125277,0.0487507189259983,43
"844",2018,452,104,0.378308762476656,2.06448240478954,0.0470212945929098,-1.20456394533559,1.46917473125277,0.0487507189259983,43
"849",2018,248,60,0.378308762476656,2.06448240478954,0.0470212945929098,-1.20456394533559,1.46917473125277,0.0487507189259983,43
"852",2018,208,72,0.378308762476656,2.06448240478954,0.0470212945929098,-1.20456394533559,1.46917473125277,0.0487507189259983,43
"853",2018,1092,320,0.378308762476656,2.06448240478954,0.0470212945929098,-1.20456394533559,1.46917473125277,0.0487507189259983,43
"854",2018,736,84,0.378308762476656,2.06448240478954,0.0470212945929098,-1.20456394533559,1.46917473125277,0.0487507189259983,43
"871",2018,1284,92,0.378308762476656,2.06448240478954,0.0470212945929098,-1.20456394533559,1.46917473125277,0.0487507189259983,43
"875",2018,608,12,0.378308762476656,2.06448240478954,0.0470212945929098,-1.20456394533559,1.46917473125277,0.0487507189259983,43
"876",2018,412,104,0.378308762476656,2.06448240478954,0.0470212945929098,-1.20456394533559,1.46917473125277,0.0487507189259983,43
"877",2018,980,372,0.378308762476656,2.06448240478954,0.0470212945929098,-1.20456394533559,1.46917473125277,0.0487507189259983,43
"880",2018,892,48,0.378308762476656,2.06448240478954,0.0470212945929098,-1.20456394533559,1.46917473125277,0.0487507189259983,43
"884",2018,492,124,0.378308762476656,2.06448240478954,0.0470212945929098,-1.20456394533559,1.46917473125277,0.0487507189259983,43
"886",2018,576,56,0.378308762476656,2.06448240478954,0.0470212945929098,-1.20456394533559,1.46917473125277,0.0487507189259983,43
"887",2018,260,20,0.378308762476656,2.06448240478954,0.0470212945929098,-1.20456394533559,1.46917473125277,0.0487507189259983,43
"891",2018,116,4,0.378308762476656,2.06448240478954,0.0470212945929098,-1.20456394533559,1.46917473125277,0.0487507189259983,43
"899",2018,0,8,0.378308762476656,2.06448240478954,0.0470212945929098,-1.20456394533559,1.46917473125277,0.0487507189259983,43
"900",2018,16,0,0.378308762476656,2.06448240478954,0.0470212945929098,-1.20456394533559,1.46917473125277,0.0487507189259983,43
"905",2018,244,20,0.378308762476656,2.06448240478954,0.0470212945929098,-1.20456394533559,1.46917473125277,0.0487507189259983,43
"906",2018,232,0,0.378308762476656,2.06448240478954,0.0470212945929098,-1.20456394533559,1.46917473125277,0.0487507189259983,43
"907",2018,528,64,0.378308762476656,2.06448240478954,0.0470212945929098,-1.20456394533559,1.46917473125277,0.0487507189259983,43
"908",2018,432,28,0.378308762476656,2.06448240478954,0.0470212945929098,-1.20456394533559,1.46917473125277,0.0487507189259983,43
"909",2018,936,84,0.378308762476656,2.06448240478954,0.0470212945929098,-1.20456394533559,1.46917473125277,0.0487507189259983,43
"911",2018,1604,132,0.378308762476656,2.06448240478954,0.0470212945929098,-1.20456394533559,1.46917473125277,0.0487507189259983,43
"912",2018,492,428,0.378308762476656,2.06448240478954,0.0470212945929098,-1.20456394533559,1.46917473125277,0.0487507189259983,43
"913",2018,40,24,0.378308762476656,2.06448240478954,0.0470212945929098,-1.20456394533559,1.46917473125277,0.0487507189259983,43
"842",2019,128,476,1.55629846532232,1.05624440046161,1.61781751153908,0.277242710132848,0.807887945939119,1.00240763963076,44
"843",2019,180,616,1.55629846532232,1.05624440046161,1.61781751153908,0.277242710132848,0.807887945939119,1.00240763963076,44
"844",2019,228,452,1.55629846532232,1.05624440046161,1.61781751153908,0.277242710132848,0.807887945939119,1.00240763963076,44
"849",2019,100,248,1.55629846532232,1.05624440046161,1.61781751153908,0.277242710132848,0.807887945939119,1.00240763963076,44
"853",2019,368,1092,1.55629846532232,1.05624440046161,1.61781751153908,0.277242710132848,0.807887945939119,1.00240763963076,44
"854",2019,192,736,1.55629846532232,1.05624440046161,1.61781751153908,0.277242710132848,0.807887945939119,1.00240763963076,44
"871",2019,532,1284,1.55629846532232,1.05624440046161,1.61781751153908,0.277242710132848,0.807887945939119,1.00240763963076,44
"875",2019,132,608,1.55629846532232,1.05624440046161,1.61781751153908,0.277242710132848,0.807887945939119,1.00240763963076,44
"876",2019,160,412,1.55629846532232,1.05624440046161,1.61781751153908,0.277242710132848,0.807887945939119,1.00240763963076,44
"877",2019,404,980,1.55629846532232,1.05624440046161,1.61781751153908,0.277242710132848,0.807887945939119,1.00240763963076,44
"880",2019,144,892,1.55629846532232,1.05624440046161,1.61781751153908,0.277242710132848,0.807887945939119,1.00240763963076,44
"884",2019,28,492,1.55629846532232,1.05624440046161,1.61781751153908,0.277242710132848,0.807887945939119,1.00240763963076,44
"886",2019,124,576,1.55629846532232,1.05624440046161,1.61781751153908,0.277242710132848,0.807887945939119,1.00240763963076,44
"887",2019,20,260,1.55629846532232,1.05624440046161,1.61781751153908,0.277242710132848,0.807887945939119,1.00240763963076,44
"891",2019,20,116,1.55629846532232,1.05624440046161,1.61781751153908,0.277242710132848,0.807887945939119,1.00240763963076,44
"899",2019,0,0,1.55629846532232,1.05624440046161,1.61781751153908,0.277242710132848,0.807887945939119,1.00240763963076,44
"900",2019,0,16,1.55629846532232,1.05624440046161,1.61781751153908,0.277242710132848,0.807887945939119,1.00240763963076,44
"905",2019,68,244,1.55629846532232,1.05624440046161,1.61781751153908,0.277242710132848,0.807887945939119,1.00240763963076,44
"906",2019,52,232,1.55629846532232,1.05624440046161,1.61781751153908,0.277242710132848,0.807887945939119,1.00240763963076,44
"907",2019,184,528,1.55629846532232,1.05624440046161,1.61781751153908,0.277242710132848,0.807887945939119,1.00240763963076,44
"908",2019,124,432,1.55629846532232,1.05624440046161,1.61781751153908,0.277242710132848,0.807887945939119,1.00240763963076,44
"909",2019,160,936,1.55629846532232,1.05624440046161,1.61781751153908,0.277242710132848,0.807887945939119,1.00240763963076,44
"911",2019,232,1604,1.55629846532232,1.05624440046161,1.61781751153908,0.277242710132848,0.807887945939119,1.00240763963076,44
"912",2019,152,492,1.55629846532232,1.05624440046161,1.61781751153908,0.277242710132848,0.807887945939119,1.00240763963076,44
"913",2019,72,40,1.55629846532232,1.05624440046161,1.61781751153908,0.277242710132848,0.807887945939119,1.00240763963076,44
"1051",2019,280,NA,1.55629846532232,1.05624440046161,1.61781751153908,0.277242710132848,0.807887945939119,1.00240763963076,44
"842",2020,168,128,1.05109107959188,-0.830832078227037,1.46962918918567,0.0706162840715116,-2.25350062363473,0.942049606674765,45
"843",2020,228,180,1.05109107959188,-0.830832078227037,1.46962918918567,0.0706162840715116,-2.25350062363473,0.942049606674765,45
"844",2020,104,228,1.05109107959188,-0.830832078227037,1.46962918918567,0.0706162840715116,-2.25350062363473,0.942049606674765,45
"849",2020,364,100,1.05109107959188,-0.830832078227037,1.46962918918567,0.0706162840715116,-2.25350062363473,0.942049606674765,45
"853",2020,500,368,1.05109107959188,-0.830832078227037,1.46962918918567,0.0706162840715116,-2.25350062363473,0.942049606674765,45
"854",2020,248,192,1.05109107959188,-0.830832078227037,1.46962918918567,0.0706162840715116,-2.25350062363473,0.942049606674765,45
"871",2020,164,532,1.05109107959188,-0.830832078227037,1.46962918918567,0.0706162840715116,-2.25350062363473,0.942049606674765,45
"875",2020,36,132,1.05109107959188,-0.830832078227037,1.46962918918567,0.0706162840715116,-2.25350062363473,0.942049606674765,45
"876",2020,196,160,1.05109107959188,-0.830832078227037,1.46962918918567,0.0706162840715116,-2.25350062363473,0.942049606674765,45
"877",2020,540,404,1.05109107959188,-0.830832078227037,1.46962918918567,0.0706162840715116,-2.25350062363473,0.942049606674765,45
"880",2020,336,144,1.05109107959188,-0.830832078227037,1.46962918918567,0.0706162840715116,-2.25350062363473,0.942049606674765,45
"884",2020,88,28,1.05109107959188,-0.830832078227037,1.46962918918567,0.0706162840715116,-2.25350062363473,0.942049606674765,45
"886",2020,112,124,1.05109107959188,-0.830832078227037,1.46962918918567,0.0706162840715116,-2.25350062363473,0.942049606674765,45
"887",2020,56,20,1.05109107959188,-0.830832078227037,1.46962918918567,0.0706162840715116,-2.25350062363473,0.942049606674765,45
"891",2020,32,20,1.05109107959188,-0.830832078227037,1.46962918918567,0.0706162840715116,-2.25350062363473,0.942049606674765,45
"899",2020,4,0,1.05109107959188,-0.830832078227037,1.46962918918567,0.0706162840715116,-2.25350062363473,0.942049606674765,45
"900",2020,0,0,1.05109107959188,-0.830832078227037,1.46962918918567,0.0706162840715116,-2.25350062363473,0.942049606674765,45
"905",2020,300,68,1.05109107959188,-0.830832078227037,1.46962918918567,0.0706162840715116,-2.25350062363473,0.942049606674765,45
"906",2020,296,52,1.05109107959188,-0.830832078227037,1.46962918918567,0.0706162840715116,-2.25350062363473,0.942049606674765,45
"907",2020,176,184,1.05109107959188,-0.830832078227037,1.46962918918567,0.0706162840715116,-2.25350062363473,0.942049606674765,45
"908",2020,280,124,1.05109107959188,-0.830832078227037,1.46962918918567,0.0706162840715116,-2.25350062363473,0.942049606674765,45
"909",2020,124,160,1.05109107959188,-0.830832078227037,1.46962918918567,0.0706162840715116,-2.25350062363473,0.942049606674765,45
"911",2020,280,232,1.05109107959188,-0.830832078227037,1.46962918918567,0.0706162840715116,-2.25350062363473,0.942049606674765,45
"912",2020,228,152,1.05109107959188,-0.830832078227037,1.46962918918567,0.0706162840715116,-2.25350062363473,0.942049606674765,45
"913",2020,24,72,1.05109107959188,-0.830832078227037,1.46962918918567,0.0706162840715116,-2.25350062363473,0.942049606674765,45
"1051",2020,208,280,1.05109107959188,-0.830832078227037,1.46962918918567,0.0706162840715116,-2.25350062363473,0.942049606674765,45
"842",2021,68,168,-0.0909010454007524,2.51198911259284,-0.130804692231185,-1.18685310881605,0.67697330316129,-0.186645609602393,46
"843",2021,80,228,-0.0909010454007524,2.51198911259284,-0.130804692231185,-1.18685310881605,0.67697330316129,-0.186645609602393,46
"844",2021,84,104,-0.0909010454007524,2.51198911259284,-0.130804692231185,-1.18685310881605,0.67697330316129,-0.186645609602393,46
"849",2021,36,364,-0.0909010454007524,2.51198911259284,-0.130804692231185,-1.18685310881605,0.67697330316129,-0.186645609602393,46
"853",2021,352,500,-0.0909010454007524,2.51198911259284,-0.130804692231185,-1.18685310881605,0.67697330316129,-0.186645609602393,46
"854",2021,244,248,-0.0909010454007524,2.51198911259284,-0.130804692231185,-1.18685310881605,0.67697330316129,-0.186645609602393,46
"871",2021,64,164,-0.0909010454007524,2.51198911259284,-0.130804692231185,-1.18685310881605,0.67697330316129,-0.186645609602393,46
"875",2021,92,36,-0.0909010454007524,2.51198911259284,-0.130804692231185,-1.18685310881605,0.67697330316129,-0.186645609602393,46
"876",2021,144,196,-0.0909010454007524,2.51198911259284,-0.130804692231185,-1.18685310881605,0.67697330316129,-0.186645609602393,46
"877",2021,320,540,-0.0909010454007524,2.51198911259284,-0.130804692231185,-1.18685310881605,0.67697330316129,-0.186645609602393,46
"880",2021,228,336,-0.0909010454007524,2.51198911259284,-0.130804692231185,-1.18685310881605,0.67697330316129,-0.186645609602393,46
"884",2021,60,88,-0.0909010454007524,2.51198911259284,-0.130804692231185,-1.18685310881605,0.67697330316129,-0.186645609602393,46
"886",2021,136,112,-0.0909010454007524,2.51198911259284,-0.130804692231185,-1.18685310881605,0.67697330316129,-0.186645609602393,46
"887",2021,44,56,-0.0909010454007524,2.51198911259284,-0.130804692231185,-1.18685310881605,0.67697330316129,-0.186645609602393,46
"891",2021,8,32,-0.0909010454007524,2.51198911259284,-0.130804692231185,-1.18685310881605,0.67697330316129,-0.186645609602393,46
"899",2021,8,4,-0.0909010454007524,2.51198911259284,-0.130804692231185,-1.18685310881605,0.67697330316129,-0.186645609602393,46
"900",2021,4,0,-0.0909010454007524,2.51198911259284,-0.130804692231185,-1.18685310881605,0.67697330316129,-0.186645609602393,46
"905",2021,28,300,-0.0909010454007524,2.51198911259284,-0.130804692231185,-1.18685310881605,0.67697330316129,-0.186645609602393,46
"906",2021,12,296,-0.0909010454007524,2.51198911259284,-0.130804692231185,-1.18685310881605,0.67697330316129,-0.186645609602393,46
"907",2021,140,176,-0.0909010454007524,2.51198911259284,-0.130804692231185,-1.18685310881605,0.67697330316129,-0.186645609602393,46
"908",2021,52,280,-0.0909010454007524,2.51198911259284,-0.130804692231185,-1.18685310881605,0.67697330316129,-0.186645609602393,46
"909",2021,296,124,-0.0909010454007524,2.51198911259284,-0.130804692231185,-1.18685310881605,0.67697330316129,-0.186645609602393,46
"911",2021,164,280,-0.0909010454007524,2.51198911259284,-0.130804692231185,-1.18685310881605,0.67697330316129,-0.186645609602393,46
"912",2021,88,228,-0.0909010454007524,2.51198911259284,-0.130804692231185,-1.18685310881605,0.67697330316129,-0.186645609602393,46
"913",2021,12,24,-0.0909010454007524,2.51198911259284,-0.130804692231185,-1.18685310881605,0.67697330316129,-0.186645609602393,46
"1051",2021,116,208,-0.0909010454007524,2.51198911259284,-0.130804692231185,-1.18685310881605,0.67697330316129,-0.186645609602393,46
"842",2022,228,68,-0.16289620110681,-0.755349019079491,0.7805534902423,0.519290809233271,-0.272997053406036,1.59995216589514,47
"843",2022,220,80,-0.16289620110681,-0.755349019079491,0.7805534902423,0.519290809233271,-0.272997053406036,1.59995216589514,47
"844",2022,156,84,-0.16289620110681,-0.755349019079491,0.7805534902423,0.519290809233271,-0.272997053406036,1.59995216589514,47
"849",2022,80,36,-0.16289620110681,-0.755349019079491,0.7805534902423,0.519290809233271,-0.272997053406036,1.59995216589514,47
"853",2022,632,352,-0.16289620110681,-0.755349019079491,0.7805534902423,0.519290809233271,-0.272997053406036,1.59995216589514,47
"854",2022,512,244,-0.16289620110681,-0.755349019079491,0.7805534902423,0.519290809233271,-0.272997053406036,1.59995216589514,47
"871",2022,216,64,-0.16289620110681,-0.755349019079491,0.7805534902423,0.519290809233271,-0.272997053406036,1.59995216589514,47
"875",2022,12,92,-0.16289620110681,-0.755349019079491,0.7805534902423,0.519290809233271,-0.272997053406036,1.59995216589514,47
"876",2022,16,144,-0.16289620110681,-0.755349019079491,0.7805534902423,0.519290809233271,-0.272997053406036,1.59995216589514,47
"877",2022,148,320,-0.16289620110681,-0.755349019079491,0.7805534902423,0.519290809233271,-0.272997053406036,1.59995216589514,47
"880",2022,632,228,-0.16289620110681,-0.755349019079491,0.7805534902423,0.519290809233271,-0.272997053406036,1.59995216589514,47
"884",2022,220,60,-0.16289620110681,-0.755349019079491,0.7805534902423,0.519290809233271,-0.272997053406036,1.59995216589514,47
"886",2022,348,136,-0.16289620110681,-0.755349019079491,0.7805534902423,0.519290809233271,-0.272997053406036,1.59995216589514,47
"887",2022,224,44,-0.16289620110681,-0.755349019079491,0.7805534902423,0.519290809233271,-0.272997053406036,1.59995216589514,47
"891",2022,16,8,-0.16289620110681,-0.755349019079491,0.7805534902423,0.519290809233271,-0.272997053406036,1.59995216589514,47
"899",2022,8,8,-0.16289620110681,-0.755349019079491,0.7805534902423,0.519290809233271,-0.272997053406036,1.59995216589514,47
"900",2022,20,4,-0.16289620110681,-0.755349019079491,0.7805534902423,0.519290809233271,-0.272997053406036,1.59995216589514,47
"905",2022,60,28,-0.16289620110681,-0.755349019079491,0.7805534902423,0.519290809233271,-0.272997053406036,1.59995216589514,47
"906",2022,160,12,-0.16289620110681,-0.755349019079491,0.7805534902423,0.519290809233271,-0.272997053406036,1.59995216589514,47
"907",2022,136,140,-0.16289620110681,-0.755349019079491,0.7805534902423,0.519290809233271,-0.272997053406036,1.59995216589514,47
"908",2022,244,52,-0.16289620110681,-0.755349019079491,0.7805534902423,0.519290809233271,-0.272997053406036,1.59995216589514,47
"909",2022,164,296,-0.16289620110681,-0.755349019079491,0.7805534902423,0.519290809233271,-0.272997053406036,1.59995216589514,47
"911",2022,240,164,-0.16289620110681,-0.755349019079491,0.7805534902423,0.519290809233271,-0.272997053406036,1.59995216589514,47
"912",2022,836,88,-0.16289620110681,-0.755349019079491,0.7805534902423,0.519290809233271,-0.272997053406036,1.59995216589514,47
"913",2022,0,12,-0.16289620110681,-0.755349019079491,0.7805534902423,0.519290809233271,-0.272997053406036,1.59995216589514,47
"1051",2022,116,116,-0.16289620110681,-0.755349019079491,0.7805534902423,0.519290809233271,-0.272997053406036,1.59995216589514,47
"842",2023,196,228,0.626567920083751,-0.722999136587686,1.24240709491043,-0.89757611233018,0.133174017776461,-0.971300038030364,48
"843",2023,204,220,0.626567920083751,-0.722999136587686,1.24240709491043,-0.89757611233018,0.133174017776461,-0.971300038030364,48
"844",2023,196,156,0.626567920083751,-0.722999136587686,1.24240709491043,-0.89757611233018,0.133174017776461,-0.971300038030364,48
"849",2023,128,80,0.626567920083751,-0.722999136587686,1.24240709491043,-0.89757611233018,0.133174017776461,-0.971300038030364,48
"853",2023,432,632,0.626567920083751,-0.722999136587686,1.24240709491043,-0.89757611233018,0.133174017776461,-0.971300038030364,48
"854",2023,288,512,0.626567920083751,-0.722999136587686,1.24240709491043,-0.89757611233018,0.133174017776461,-0.971300038030364,48
"871",2023,140,216,0.626567920083751,-0.722999136587686,1.24240709491043,-0.89757611233018,0.133174017776461,-0.971300038030364,48
"875",2023,188,12,0.626567920083751,-0.722999136587686,1.24240709491043,-0.89757611233018,0.133174017776461,-0.971300038030364,48
"876",2023,108,16,0.626567920083751,-0.722999136587686,1.24240709491043,-0.89757611233018,0.133174017776461,-0.971300038030364,48
"877",2023,456,148,0.626567920083751,-0.722999136587686,1.24240709491043,-0.89757611233018,0.133174017776461,-0.971300038030364,48
"880",2023,584,632,0.626567920083751,-0.722999136587686,1.24240709491043,-0.89757611233018,0.133174017776461,-0.971300038030364,48
"884",2023,48,220,0.626567920083751,-0.722999136587686,1.24240709491043,-0.89757611233018,0.133174017776461,-0.971300038030364,48
"886",2023,156,348,0.626567920083751,-0.722999136587686,1.24240709491043,-0.89757611233018,0.133174017776461,-0.971300038030364,48
"887",2023,8,224,0.626567920083751,-0.722999136587686,1.24240709491043,-0.89757611233018,0.133174017776461,-0.971300038030364,48
"891",2023,60,16,0.626567920083751,-0.722999136587686,1.24240709491043,-0.89757611233018,0.133174017776461,-0.971300038030364,48
"899",2023,12,8,0.626567920083751,-0.722999136587686,1.24240709491043,-0.89757611233018,0.133174017776461,-0.971300038030364,48
"900",2023,8,20,0.626567920083751,-0.722999136587686,1.24240709491043,-0.89757611233018,0.133174017776461,-0.971300038030364,48
"905",2023,72,60,0.626567920083751,-0.722999136587686,1.24240709491043,-0.89757611233018,0.133174017776461,-0.971300038030364,48
"906",2023,68,160,0.626567920083751,-0.722999136587686,1.24240709491043,-0.89757611233018,0.133174017776461,-0.971300038030364,48
"907",2023,48,136,0.626567920083751,-0.722999136587686,1.24240709491043,-0.89757611233018,0.133174017776461,-0.971300038030364,48
"908",2023,120,244,0.626567920083751,-0.722999136587686,1.24240709491043,-0.89757611233018,0.133174017776461,-0.971300038030364,48
"909",2023,224,164,0.626567920083751,-0.722999136587686,1.24240709491043,-0.89757611233018,0.133174017776461,-0.971300038030364,48
"911",2023,120,240,0.626567920083751,-0.722999136587686,1.24240709491043,-0.89757611233018,0.133174017776461,-0.971300038030364,48
"912",2023,688,836,0.626567920083751,-0.722999136587686,1.24240709491043,-0.89757611233018,0.133174017776461,-0.971300038030364,48
"913",2023,68,0,0.626567920083751,-0.722999136587686,1.24240709491043,-0.89757611233018,0.133174017776461,-0.971300038030364,48
"1051",2023,220,116,0.626567920083751,-0.722999136587686,1.24240709491043,-0.89757611233018,0.133174017776461,-0.971300038030364,48
"1055",2023,952,NA,0.626567920083751,-0.722999136587686,1.24240709491043,-0.89757611233018,0.133174017776461,-0.971300038030364,48
"1056",2023,184,NA,0.626567920083751,-0.722999136587686,1.24240709491043,-0.89757611233018,0.133174017776461,-0.971300038030364,48
"1057",2023,176,NA,0.626567920083751,-0.722999136587686,1.24240709491043,-0.89757611233018,0.133174017776461,-0.971300038030364,48
"1058",2023,80,NA,0.626567920083751,-0.722999136587686,1.24240709491043,-0.89757611233018,0.133174017776461,-0.971300038030364,48
"1059",2023,12,NA,0.626567920083751,-0.722999136587686,1.24240709491043,-0.89757611233018,0.133174017776461,-0.971300038030364,48
"1060",2023,172,NA,0.626567920083751,-0.722999136587686,1.24240709491043,-0.89757611233018,0.133174017776461,-0.971300038030364,48
"1061",2023,0,NA,0.626567920083751,-0.722999136587686,1.24240709491043,-0.89757611233018,0.133174017776461,-0.971300038030364,48
"1062",2023,48,NA,0.626567920083751,-0.722999136587686,1.24240709491043,-0.89757611233018,0.133174017776461,-0.971300038030364,48
"1063",2023,260,NA,0.626567920083751,-0.722999136587686,1.24240709491043,-0.89757611233018,0.133174017776461,-0.971300038030364,48
"842",2024,148,196,0.660082906360708,1.15868569501899,0.941090839458496,-1.34625063749194,-0.618745981767995,-0.144394986533195,49
"843",2024,112,204,0.660082906360708,1.15868569501899,0.941090839458496,-1.34625063749194,-0.618745981767995,-0.144394986533195,49
"844",2024,68,196,0.660082906360708,1.15868569501899,0.941090839458496,-1.34625063749194,-0.618745981767995,-0.144394986533195,49
"849",2024,104,128,0.660082906360708,1.15868569501899,0.941090839458496,-1.34625063749194,-0.618745981767995,-0.144394986533195,49
"853",2024,248,432,0.660082906360708,1.15868569501899,0.941090839458496,-1.34625063749194,-0.618745981767995,-0.144394986533195,49
"854",2024,384,288,0.660082906360708,1.15868569501899,0.941090839458496,-1.34625063749194,-0.618745981767995,-0.144394986533195,49
"871",2024,248,140,0.660082906360708,1.15868569501899,0.941090839458496,-1.34625063749194,-0.618745981767995,-0.144394986533195,49
"875",2024,40,188,0.660082906360708,1.15868569501899,0.941090839458496,-1.34625063749194,-0.618745981767995,-0.144394986533195,49
"876",2024,12,108,0.660082906360708,1.15868569501899,0.941090839458496,-1.34625063749194,-0.618745981767995,-0.144394986533195,49
"877",2024,612,456,0.660082906360708,1.15868569501899,0.941090839458496,-1.34625063749194,-0.618745981767995,-0.144394986533195,49
"880",2024,344,584,0.660082906360708,1.15868569501899,0.941090839458496,-1.34625063749194,-0.618745981767995,-0.144394986533195,49
"884",2024,132,48,0.660082906360708,1.15868569501899,0.941090839458496,-1.34625063749194,-0.618745981767995,-0.144394986533195,49
"886",2024,668,156,0.660082906360708,1.15868569501899,0.941090839458496,-1.34625063749194,-0.618745981767995,-0.144394986533195,49
"887",2024,128,8,0.660082906360708,1.15868569501899,0.941090839458496,-1.34625063749194,-0.618745981767995,-0.144394986533195,49
"891",2024,28,60,0.660082906360708,1.15868569501899,0.941090839458496,-1.34625063749194,-0.618745981767995,-0.144394986533195,49
"899",2024,12,12,0.660082906360708,1.15868569501899,0.941090839458496,-1.34625063749194,-0.618745981767995,-0.144394986533195,49
"900",2024,32,8,0.660082906360708,1.15868569501899,0.941090839458496,-1.34625063749194,-0.618745981767995,-0.144394986533195,49
"905",2024,96,72,0.660082906360708,1.15868569501899,0.941090839458496,-1.34625063749194,-0.618745981767995,-0.144394986533195,49
"906",2024,236,68,0.660082906360708,1.15868569501899,0.941090839458496,-1.34625063749194,-0.618745981767995,-0.144394986533195,49
"907",2024,56,48,0.660082906360708,1.15868569501899,0.941090839458496,-1.34625063749194,-0.618745981767995,-0.144394986533195,49
"908",2024,104,120,0.660082906360708,1.15868569501899,0.941090839458496,-1.34625063749194,-0.618745981767995,-0.144394986533195,49
"909",2024,140,224,0.660082906360708,1.15868569501899,0.941090839458496,-1.34625063749194,-0.618745981767995,-0.144394986533195,49
"911",2024,820,120,0.660082906360708,1.15868569501899,0.941090839458496,-1.34625063749194,-0.618745981767995,-0.144394986533195,49
"912",2024,688,688,0.660082906360708,1.15868569501899,0.941090839458496,-1.34625063749194,-0.618745981767995,-0.144394986533195,49
"913",2024,76,68,0.660082906360708,1.15868569501899,0.941090839458496,-1.34625063749194,-0.618745981767995,-0.144394986533195,49
"1051",2024,100,220,0.660082906360708,1.15868569501899,0.941090839458496,-1.34625063749194,-0.618745981767995,-0.144394986533195,49
"1055",2024,348,952,0.660082906360708,1.15868569501899,0.941090839458496,-1.34625063749194,-0.618745981767995,-0.144394986533195,49
"1056",2024,152,184,0.660082906360708,1.15868569501899,0.941090839458496,-1.34625063749194,-0.618745981767995,-0.144394986533195,49
"1057",2024,156,176,0.660082906360708,1.15868569501899,0.941090839458496,-1.34625063749194,-0.618745981767995,-0.144394986533195,49
"1058",2024,52,80,0.660082906360708,1.15868569501899,0.941090839458496,-1.34625063749194,-0.618745981767995,-0.144394986533195,49
"1059",2024,44,12,0.660082906360708,1.15868569501899,0.941090839458496,-1.34625063749194,-0.618745981767995,-0.144394986533195,49
"1060",2024,352,172,0.660082906360708,1.15868569501899,0.941090839458496,-1.34625063749194,-0.618745981767995,-0.144394986533195,49
"1061",2024,8,0,0.660082906360708,1.15868569501899,0.941090839458496,-1.34625063749194,-0.618745981767995,-0.144394986533195,49
"1062",2024,56,48,0.660082906360708,1.15868569501899,0.941090839458496,-1.34625063749194,-0.618745981767995,-0.144394986533195,49
"1063",2024,200,260,0.660082906360708,1.15868569501899,0.941090839458496,-1.34625063749194,-0.618745981767995,-0.144394986533195,49
"842",2025,204,148,0.131290900657598,-0.458808429571276,1.92901298848124,1.86531438471855,0.205344910589879,-0.983371644621564,50
"843",2025,92,112,0.131290900657598,-0.458808429571276,1.92901298848124,1.86531438471855,0.205344910589879,-0.983371644621564,50
"844",2025,88,68,0.131290900657598,-0.458808429571276,1.92901298848124,1.86531438471855,0.205344910589879,-0.983371644621564,50
"849",2025,12,104,0.131290900657598,-0.458808429571276,1.92901298848124,1.86531438471855,0.205344910589879,-0.983371644621564,50
"853",2025,84,248,0.131290900657598,-0.458808429571276,1.92901298848124,1.86531438471855,0.205344910589879,-0.983371644621564,50
"854",2025,52,384,0.131290900657598,-0.458808429571276,1.92901298848124,1.86531438471855,0.205344910589879,-0.983371644621564,50
"871",2025,28,248,0.131290900657598,-0.458808429571276,1.92901298848124,1.86531438471855,0.205344910589879,-0.983371644621564,50
"875",2025,4,40,0.131290900657598,-0.458808429571276,1.92901298848124,1.86531438471855,0.205344910589879,-0.983371644621564,50
"876",2025,0,12,0.131290900657598,-0.458808429571276,1.92901298848124,1.86531438471855,0.205344910589879,-0.983371644621564,50
"877",2025,132,612,0.131290900657598,-0.458808429571276,1.92901298848124,1.86531438471855,0.205344910589879,-0.983371644621564,50
"880",2025,12,344,0.131290900657598,-0.458808429571276,1.92901298848124,1.86531438471855,0.205344910589879,-0.983371644621564,50
"884",2025,8,132,0.131290900657598,-0.458808429571276,1.92901298848124,1.86531438471855,0.205344910589879,-0.983371644621564,50
"886",2025,0,668,0.131290900657598,-0.458808429571276,1.92901298848124,1.86531438471855,0.205344910589879,-0.983371644621564,50
"887",2025,0,128,0.131290900657598,-0.458808429571276,1.92901298848124,1.86531438471855,0.205344910589879,-0.983371644621564,50
"891",2025,0,28,0.131290900657598,-0.458808429571276,1.92901298848124,1.86531438471855,0.205344910589879,-0.983371644621564,50
"899",2025,0,12,0.131290900657598,-0.458808429571276,1.92901298848124,1.86531438471855,0.205344910589879,-0.983371644621564,50
"900",2025,0,32,0.131290900657598,-0.458808429571276,1.92901298848124,1.86531438471855,0.205344910589879,-0.983371644621564,50
"905",2025,0,96,0.131290900657598,-0.458808429571276,1.92901298848124,1.86531438471855,0.205344910589879,-0.983371644621564,50
"906",2025,44,236,0.131290900657598,-0.458808429571276,1.92901298848124,1.86531438471855,0.205344910589879,-0.983371644621564,50
"908",2025,0,104,0.131290900657598,-0.458808429571276,1.92901298848124,1.86531438471855,0.205344910589879,-0.983371644621564,50
"909",2025,4,140,0.131290900657598,-0.458808429571276,1.92901298848124,1.86531438471855,0.205344910589879,-0.983371644621564,50
"911",2025,20,820,0.131290900657598,-0.458808429571276,1.92901298848124,1.86531438471855,0.205344910589879,-0.983371644621564,50
"912",2025,4,688,0.131290900657598,-0.458808429571276,1.92901298848124,1.86531438471855,0.205344910589879,-0.983371644621564,50
"913",2025,0,76,0.131290900657598,-0.458808429571276,1.92901298848124,1.86531438471855,0.205344910589879,-0.983371644621564,50
"1051",2025,228,100,0.131290900657598,-0.458808429571276,1.92901298848124,1.86531438471855,0.205344910589879,-0.983371644621564,50
"1055",2025,80,348,0.131290900657598,-0.458808429571276,1.92901298848124,1.86531438471855,0.205344910589879,-0.983371644621564,50
"1056",2025,8,152,0.131290900657598,-0.458808429571276,1.92901298848124,1.86531438471855,0.205344910589879,-0.983371644621564,50
"1057",2025,4,156,0.131290900657598,-0.458808429571276,1.92901298848124,1.86531438471855,0.205344910589879,-0.983371644621564,50
"1058",2025,0,52,0.131290900657598,-0.458808429571276,1.92901298848124,1.86531438471855,0.205344910589879,-0.983371644621564,50
"1059",2025,0,44,0.131290900657598,-0.458808429571276,1.92901298848124,1.86531438471855,0.205344910589879,-0.983371644621564,50
"1060",2025,8,352,0.131290900657598,-0.458808429571276,1.92901298848124,1.86531438471855,0.205344910589879,-0.983371644621564,50
"1061",2025,8,8,0.131290900657598,-0.458808429571276,1.92901298848124,1.86531438471855,0.205344910589879,-0.983371644621564,50
"1062",2025,12,56,0.131290900657598,-0.458808429571276,1.92901298848124,1.86531438471855,0.205344910589879,-0.983371644621564,50
"1063",2025,0,200,0.131290900657598,-0.458808429571276,1.92901298848124,1.86531438471855,0.205344910589879,-0.983371644621564,50
"1138",2025,4,NA,0.131290900657598,-0.458808429571276,1.92901298848124,1.86531438471855,0.205344910589879,-0.983371644621564,50
