"TreeID","WinterYear","TotalNuts","TotalWhole","TotalEmpty","TotalPredated","z_meanTempSummer_T1","z_meanTempSummer_T2","z_minTempSummer_T1","z_minTempSummer_T2","z_maxTempSummer_T1","z_maxTempSummer_T2","z_temp_meanGrow","z_prec_Summer_T1","z_prec_Summer_T2","z_prec_Grow"
842,1976,940,432,504,4,-0.311293974480939,-1.69066176115338,-0.982956858635256,-1.63534377935607,0.0410949648591091,-1.56921436015513,1.02559196306388,-0.61491044404949,0.391032417390115,-1.46724685232572
842,1977,0,0,0,0,1.35281258732704,-0.311293974480939,0.56890040128536,-0.982956858635256,1.61363807769061,0.0410949648591091,-1.27279197342224,-0.828033931642627,-0.61491044404949,-0.0424222751610675
842,1978,0,0,0,0,-0.813155456777886,1.35281258732704,-0.298058961798782,0.56890040128536,-0.99118150146924,1.61363807769061,-1.80969978726309,-0.770064343017293,-0.828033931642627,0.324092085524374
842,1979,124,4,80,40,-1.44874649573479,-0.813155456777886,-1.59633060801729,-0.298058961798782,-1.25029967950085,-0.99118150146924,-1.81350427132927,-0.204008359969922,-0.770064343017293,1.65041592825481
842,1980,0,0,0,0,-1.26242666398383,-1.44874649573479,-1.07398759175909,-1.59633060801729,-1.2429562493542,-1.25029967950085,-1.14676843872974,-0.558645843324902,-0.204008359969922,0.502767836358527
842,1981,0,0,0,0,-1.17978480312655,-1.26242666398383,-0.857247750988055,-1.07398759175909,-1.23246563485899,-1.2429562493542,-0.999820241673213,1.58111397211019,-0.558645843324902,1.0365043741067
842,1983,612,116,496,0,0.908800407630193,-1.34581981448527,1.3101506567223,-0.58632295002426,0.634863745287814,-1.59544089639315,0.494866435830588,-0.589335625538314,0.409787284298311,1.38240230200359
842,1984,0,0,0,0,1.40164641419725,0.908800407630193,1.03055626212767,1.3101506567223,1.45837698316155,0.634863745287814,-1.55384823381191,-1.54753882575706,-0.589335625538314,-0.837300294897618
842,1985,8,4,4,0,-1.66136146503125,1.40164641419725,-1.58549361597874,1.03055626212767,-1.5524293769628,1.45837698316155,-1.10539467450994,-0.342112379930275,-1.54753882575706,0.143125619935937
842,1986,172,52,36,84,-1.16701287917588,-1.66136146503125,-1.2430446675605,-1.58549361597874,-1.02789865220246,-1.5524293769628,-0.558024529487074,0.530841425251213,-0.342112379930275,-0.298982327640876
842,1987,368,340,0,28,-0.0611145229766259,-1.16701287917588,-0.679521081555805,-1.2430446675605,0.243563824616599,-1.02789865220246,-2.02560425801928,-1.0803721409529,0.530841425251213,0.598977856038455
842,1988,0,0,0,0,-1.3435659455528,-0.0611145229766259,-1.08482458379764,-0.679521081555805,-1.35100957865483,0.243563824616599,-0.526161975432745,1.63567358493403,-1.0803721409529,0.39052281339861
842,1989,4,0,0,4,-1.10390454906668,-1.3435659455528,-0.259045790459996,-1.08482458379764,-1.41605138852511,-1.35100957865483,0.301788869471523,0.30237304655137,1.63567358493403,1.88635954794607
842,1990,852,504,244,104,0.0155170207273984,-1.10390454906668,-0.870252141434317,-0.259045790459996,0.442885500025529,-1.41605138852511,-0.125264466958135,-0.793934173627725,0.30237304655137,-0.566995953892105
842,1991,40,0,36,4,-0.839450594323384,0.0155170207273984,-1.00463084271236,-0.870252141434317,-0.685904619658721,0.442885500025529,-1.40880227878847,-0.810984052635176,-0.793934173627725,-1.28169895722872
842,1992,136,48,52,36,-0.885279262616967,-0.839450594323384,-0.2807197745371,-1.00463084271236,-1.10028389221939,-0.685904619658721,1.38844463087661,1.13611213001572,-0.810984052635176,0.644792151124135
842,1993,160,20,104,36,0.872738504710653,-0.885279262616967,1.2256221188216,-0.2807197745371,0.625422192242126,-1.10028389221939,-0.866663299356616,-0.239813105885569,1.13611213001572,-1.13509321295454
842,1994,32,4,28,0,-0.7936219260298,0.872738504710653,-0.33707213313757,1.2256221188216,-0.945022797690328,0.625422192242126,0.482977423123751,1.51973440768337,-0.239813105885569,1.22663369871227
842,1995,652,304,300,48,1.08234831543049,-0.7936219260298,1.00021268441972,-0.33707213313757,1.02721272740855,-0.945022797690328,0.84250116737856,-0.473396448287647,1.51973440768337,0.044624885501725
842,1996,0,0,0,0,0.497844972276258,1.08234831543049,0.644759345555222,1.00021268441972,0.38308899740285,1.02721272740855,-1.41974017047877,-0.546710928019686,-0.473396448287647,-1.97807624253105
842,1997,52,4,36,12,-1.09789423191343,0.497844972276258,-1.7025331299951,0.644759345555222,-0.708983971548177,0.38308899740285,0.680335034057278,-1.05479732244172,-0.546710928019686,-1.04117390802889
842,1998,92,8,76,8,-0.161787335293677,-1.09789423191343,-0.0596451369506434,-1.7025331299951,-0.197041984182085,-0.708983971548177,-0.229412218270045,-0.186958480962471,-1.05479732244172,2.49110824307704
842,1999,168,0,136,32,-0.662146238302307,-0.161787335293677,0.100742345219923,-0.0596451369506434,-0.973347456827387,-0.197041984182085,0.362185054022264,1.95109634657188,-0.186958480962471,0.9792365052496
842,2000,160,104,48,8,0.101164040161309,-0.662146238302307,-0.482287826454164,0.100742345219923,0.374696505806684,-0.973347456827387,-0.236545625894148,-0.352342307334746,1.95109634657188,0.303475652735818
842,2001,0,0,0,0,-1.05657330148479,0.101164040161309,-1.16285092647522,-0.482287826454164,-0.912501892755187,0.374696505806684,0.521497824293908,0.212008687811881,-0.352342307334746,1.29077371183222
842,2002,192,64,124,4,-0.0370732543635989,-1.05657330148479,-0.289389368167941,-1.16285092647522,0.0883027300875385,-0.912501892755187,0.473466212958276,-0.103414073825962,0.212008687811881,-0.521181658806425
842,2003,48,0,48,0,0.0733663233274958,-0.0370732543635989,0.0248834009500607,-0.289389368167941,0.0904008529865809,0.0883027300875385,1.09977940235456,0.604155904983252,-0.103414073825962,-0.814393147354778
842,2004,276,116,152,8,1.02975804033949,0.0733663233274958,-0.191856439820975,0.0248834009500607,1.53076222317847,0.0904008529865809,-0.35448463194599,-1.39749989049149,0.604155904983252,-0.690694550623442
842,2005,0,0,0,0,-0.848466070053269,1.02975804033949,-1.49229548444719,-0.191856439820975,-0.462454530910818,1.53076222317847,-0.384444943967224,0.766129755554036,-1.39749989049149,0.170614196987345
842,2006,236,84,120,32,0.316032878390239,-0.848466070053269,0.319649584398668,-1.49229548444719,0.286575344046948,-0.462454530910818,1.50590807642018,1.09178244459635,0.766129755554036,0.889898629832524
842,2007,100,4,92,4,2.20026730593625,0.316032878390239,1.6027494417632,0.319649584398668,2.29657708132857,0.286575344046948,0.355527206906436,-1.93286609132545,1.09178244459635,-0.461623075195041
842,2008,12,0,12,0,0.395669580670893,2.20026730593625,1.31448545353772,1.6027494417632,-0.0837433476338508,2.29657708132857,0.913359683111323,1.77889256859662,-1.93286609132545,0.47069782979855
842,2009,60,4,40,16,0.346835753800683,0.395669580670893,0.415015114337925,1.31448545353772,0.283428159698386,-0.0837433476338508,0.371696264187735,0.343292756169253,1.77889256859662,-0.851044583423322
842,2010,40,0,32,8,0.0365531307637987,0.346835753800683,0.347825763698904,0.415015114337925,-0.117313314018514,0.283428159698386,-0.406320727347809,0.239288494223802,0.343292756169253,-0.454750930932189
842,2011,336,172,128,36,1.04403254357847,0.0365531307637987,0.50821324586947,0.347825763698904,1.21184754252419,-0.117313314018514,-0.54803775881333,-0.868953641260509,0.239288494223802,-1.671120465457
842,2012,96,0,52,44,-0.852222518274054,1.04403254357847,-0.497459615308135,0.50821324586947,-0.949219043488411,1.21184754252419,0.179569818845217,2.51203736591701,-0.868953641260509,-0.862498157194742
842,2013,132,8,100,24,-0.765824209195988,-0.852222518274054,-0.291556766575652,-0.497459615308135,-0.928237814497998,-0.949219043488411,-0.324999880433029,0.614385832387722,2.51203736591701,-1.04346462278318
842,2014,304,56,200,48,0.17554171493286,-0.765824209195988,-0.0336363560581194,-0.291556766575652,0.261397869258452,-0.928237814497998,0.155316232923267,-0.959317999999999,0.614385832387722,-0.484530222737881
842,2015,44,0,32,12,0.906546538697723,0.17554171493286,1.18660894748281,-0.0336363560581194,0.691513063561931,0.261397869258452,-0.192318498624706,0.358637647275958,-0.959317999999999,-0.564705239137821
842,2016,276,192,64,20,-0.179818286753447,0.906546538697723,-0.581988153208839,1.18660894748281,0.0306043503639035,0.691513063561931,0.868181434825334,-0.374507150044432,0.358637647275958,0.743292885558347
842,2017,56,0,48,8,0.766055375240345,-0.179818286753447,1.81081968890339,-0.581988153208839,0.193208875039607,0.0306043503639035,0.921919772260247,1.38674535142525,-0.374507150044432,-0.431843783389348
842,2018,476,64,356,56,0.837427891435269,0.766055375240345,1.080406425505,1.81081968890339,0.646403421232542,0.193208875039607,2.24825802983521,0.789999586164467,1.38674535142525,0.775362892118323
842,2019,128,0,104,24,1.83664311816422,0.837427891435269,1.68077578444077,1.080406425505,1.75106512757782,0.646403421232542,0.519595582260815,-2.20395916754392,0.789999586164467,0.809723613432583
842,2020,168,32,56,80,1.2326062442619,1.83664311816422,1.05006284779706,1.68077578444077,1.21289660397371,1.75106512757782,0.800651842650487,0.476281812427369,-2.20395916754392,-0.578449527663525
842,2021,68,0,36,32,0.191318797460161,1.2326062442619,0.352160560514324,1.05006284779706,0.0966952216837061,1.21289660397371,-0.236545625894148,-0.299487682411648,0.476281812427369,-0.599065960452081
842,2022,228,20,132,76,0.866728187557396,0.191318797460161,1.12808919047463,0.352160560514324,0.664237465874393,0.0966952216837061,1.05745451711821,0.080724619454508,-0.299487682411648,-0.686113121114873
842,2023,196,8,88,100,0.381395077431906,0.866728187557396,-0.46711603760019,1.12808919047463,0.758652996331254,0.664237465874393,1.10405944692902,-0.659240129468862,0.080724619454508,1.43050731184355
842,2024,148,0,48,100,1.5128372815325,0.381395077431906,1.70461716692559,-0.46711603760019,1.28737996688968,0.758652996331254,1.14162872708263,-0.186958480962471,-0.659240129468862,1.1647844003466
842,2025,204,4,156,44,-0.188082472839174,1.5128372815325,-0.174517252559292,1.70461716692559,-0.178158878090712,1.28737996688968,1.19869598807546,-0.0335095698954131,-0.186958480962471,-1.52451472118282
843,1976,416,280,136,0,-0.311293974480939,-1.69066176115338,-0.982956858635256,-1.63534377935607,0.0410949648591091,-1.56921436015513,1.02559196306388,-0.61491044404949,0.391032417390115,-1.46724685232572
843,1977,0,0,0,0,1.35281258732704,-0.311293974480939,0.56890040128536,-0.982956858635256,1.61363807769061,0.0410949648591091,-1.27279197342224,-0.828033931642627,-0.61491044404949,-0.0424222751610675
843,1978,0,0,0,0,-0.813155456777886,1.35281258732704,-0.298058961798782,0.56890040128536,-0.99118150146924,1.61363807769061,-1.80969978726309,-0.770064343017293,-0.828033931642627,0.324092085524374
843,1979,180,8,68,104,-1.44874649573479,-0.813155456777886,-1.59633060801729,-0.298058961798782,-1.25029967950085,-0.99118150146924,-1.81350427132927,-0.204008359969922,-0.770064343017293,1.65041592825481
843,1980,0,0,0,0,-1.26242666398383,-1.44874649573479,-1.07398759175909,-1.59633060801729,-1.2429562493542,-1.25029967950085,-1.14676843872974,-0.558645843324902,-0.204008359969922,0.502767836358527
843,1981,0,0,0,0,-1.17978480312655,-1.26242666398383,-0.857247750988055,-1.07398759175909,-1.23246563485899,-1.2429562493542,-0.999820241673213,1.58111397211019,-0.558645843324902,1.0365043741067
843,1983,556,196,360,0,0.908800407630193,-1.34581981448527,1.3101506567223,-0.58632295002426,0.634863745287814,-1.59544089639315,0.494866435830588,-0.589335625538314,0.409787284298311,1.38240230200359
843,1984,0,0,0,0,1.40164641419725,0.908800407630193,1.03055626212767,1.3101506567223,1.45837698316155,0.634863745287814,-1.55384823381191,-1.54753882575706,-0.589335625538314,-0.837300294897618
843,1985,0,0,0,0,-1.66136146503125,1.40164641419725,-1.58549361597874,1.03055626212767,-1.5524293769628,1.45837698316155,-1.10539467450994,-0.342112379930275,-1.54753882575706,0.143125619935937
843,1986,168,20,40,108,-1.16701287917588,-1.66136146503125,-1.2430446675605,-1.58549361597874,-1.02789865220246,-1.5524293769628,-0.558024529487074,0.530841425251213,-0.342112379930275,-0.298982327640876
843,1987,336,272,0,64,-0.0611145229766259,-1.16701287917588,-0.679521081555805,-1.2430446675605,0.243563824616599,-1.02789865220246,-2.02560425801928,-1.0803721409529,0.530841425251213,0.598977856038455
843,1988,0,0,0,0,-1.3435659455528,-0.0611145229766259,-1.08482458379764,-0.679521081555805,-1.35100957865483,0.243563824616599,-0.526161975432745,1.63567358493403,-1.0803721409529,0.39052281339861
843,1989,28,12,4,12,-1.10390454906668,-1.3435659455528,-0.259045790459996,-1.08482458379764,-1.41605138852511,-1.35100957865483,0.301788869471523,0.30237304655137,1.63567358493403,1.88635954794607
843,1990,756,532,140,84,0.0155170207273984,-1.10390454906668,-0.870252141434317,-0.259045790459996,0.442885500025529,-1.41605138852511,-0.125264466958135,-0.793934173627725,0.30237304655137,-0.566995953892105
843,1991,20,0,20,0,-0.839450594323384,0.0155170207273984,-1.00463084271236,-0.870252141434317,-0.685904619658721,0.442885500025529,-1.40880227878847,-0.810984052635176,-0.793934173627725,-1.28169895722872
843,1992,308,180,96,32,-0.885279262616967,-0.839450594323384,-0.2807197745371,-1.00463084271236,-1.10028389221939,-0.685904619658721,1.38844463087661,1.13611213001572,-0.810984052635176,0.644792151124135
843,1993,56,0,28,28,0.872738504710653,-0.885279262616967,1.2256221188216,-0.2807197745371,0.625422192242126,-1.10028389221939,-0.866663299356616,-0.239813105885569,1.13611213001572,-1.13509321295454
843,1994,16,0,16,0,-0.7936219260298,0.872738504710653,-0.33707213313757,1.2256221188216,-0.945022797690328,0.625422192242126,0.482977423123751,1.51973440768337,-0.239813105885569,1.22663369871227
843,1995,356,184,124,48,1.08234831543049,-0.7936219260298,1.00021268441972,-0.33707213313757,1.02721272740855,-0.945022797690328,0.84250116737856,-0.473396448287647,1.51973440768337,0.044624885501725
843,1996,0,0,0,0,0.497844972276258,1.08234831543049,0.644759345555222,1.00021268441972,0.38308899740285,1.02721272740855,-1.41974017047877,-0.546710928019686,-0.473396448287647,-1.97807624253105
843,1997,16,0,12,4,-1.09789423191343,0.497844972276258,-1.7025331299951,0.644759345555222,-0.708983971548177,0.38308899740285,0.680335034057278,-1.05479732244172,-0.546710928019686,-1.04117390802889
843,1998,152,0,128,24,-0.161787335293677,-1.09789423191343,-0.0596451369506434,-1.7025331299951,-0.197041984182085,-0.708983971548177,-0.229412218270045,-0.186958480962471,-1.05479732244172,2.49110824307704
843,1999,124,0,108,16,-0.662146238302307,-0.161787335293677,0.100742345219923,-0.0596451369506434,-0.973347456827387,-0.197041984182085,0.362185054022264,1.95109634657188,-0.186958480962471,0.9792365052496
843,2000,304,160,112,32,0.101164040161309,-0.662146238302307,-0.482287826454164,0.100742345219923,0.374696505806684,-0.973347456827387,-0.236545625894148,-0.352342307334746,1.95109634657188,0.303475652735818
843,2001,0,0,0,0,-1.05657330148479,0.101164040161309,-1.16285092647522,-0.482287826454164,-0.912501892755187,0.374696505806684,0.521497824293908,0.212008687811881,-0.352342307334746,1.29077371183222
843,2002,200,124,72,4,-0.0370732543635989,-1.05657330148479,-0.289389368167941,-1.16285092647522,0.0883027300875385,-0.912501892755187,0.473466212958276,-0.103414073825962,0.212008687811881,-0.521181658806425
843,2003,48,0,36,12,0.0733663233274958,-0.0370732543635989,0.0248834009500607,-0.289389368167941,0.0904008529865809,0.0883027300875385,1.09977940235456,0.604155904983252,-0.103414073825962,-0.814393147354778
843,2004,316,128,160,28,1.02975804033949,0.0733663233274958,-0.191856439820975,0.0248834009500607,1.53076222317847,0.0904008529865809,-0.35448463194599,-1.39749989049149,0.604155904983252,-0.690694550623442
843,2005,0,0,0,0,-0.848466070053269,1.02975804033949,-1.49229548444719,-0.191856439820975,-0.462454530910818,1.53076222317847,-0.384444943967224,0.766129755554036,-1.39749989049149,0.170614196987345
843,2006,272,132,112,28,0.316032878390239,-0.848466070053269,0.319649584398668,-1.49229548444719,0.286575344046948,-0.462454530910818,1.50590807642018,1.09178244459635,0.766129755554036,0.889898629832524
843,2007,236,16,156,64,2.20026730593625,0.316032878390239,1.6027494417632,0.319649584398668,2.29657708132857,0.286575344046948,0.355527206906436,-1.93286609132545,1.09178244459635,-0.461623075195041
843,2008,32,0,20,12,0.395669580670893,2.20026730593625,1.31448545353772,1.6027494417632,-0.0837433476338508,2.29657708132857,0.913359683111323,1.77889256859662,-1.93286609132545,0.47069782979855
843,2009,140,24,64,52,0.346835753800683,0.395669580670893,0.415015114337925,1.31448545353772,0.283428159698386,-0.0837433476338508,0.371696264187735,0.343292756169253,1.77889256859662,-0.851044583423322
843,2010,52,0,48,4,0.0365531307637987,0.346835753800683,0.347825763698904,0.415015114337925,-0.117313314018514,0.283428159698386,-0.406320727347809,0.239288494223802,0.343292756169253,-0.454750930932189
843,2011,724,380,196,148,1.04403254357847,0.0365531307637987,0.50821324586947,0.347825763698904,1.21184754252419,-0.117313314018514,-0.54803775881333,-0.868953641260509,0.239288494223802,-1.671120465457
843,2012,328,4,152,172,-0.852222518274054,1.04403254357847,-0.497459615308135,0.50821324586947,-0.949219043488411,1.21184754252419,0.179569818845217,2.51203736591701,-0.868953641260509,-0.862498157194742
843,2013,400,120,196,84,-0.765824209195988,-0.852222518274054,-0.291556766575652,-0.497459615308135,-0.928237814497998,-0.949219043488411,-0.324999880433029,0.614385832387722,2.51203736591701,-1.04346462278318
843,2014,732,120,456,156,0.17554171493286,-0.765824209195988,-0.0336363560581194,-0.291556766575652,0.261397869258452,-0.928237814497998,0.155316232923267,-0.959317999999999,0.614385832387722,-0.484530222737881
843,2015,332,4,220,108,0.906546538697723,0.17554171493286,1.18660894748281,-0.0336363560581194,0.691513063561931,0.261397869258452,-0.192318498624706,0.358637647275958,-0.959317999999999,-0.564705239137821
843,2016,372,176,160,36,-0.179818286753447,0.906546538697723,-0.581988153208839,1.18660894748281,0.0306043503639035,0.691513063561931,0.868181434825334,-0.374507150044432,0.358637647275958,0.743292885558347
843,2017,116,0,96,20,0.766055375240345,-0.179818286753447,1.81081968890339,-0.581988153208839,0.193208875039607,0.0306043503639035,0.921919772260247,1.38674535142525,-0.374507150044432,-0.431843783389348
843,2018,616,156,336,124,0.837427891435269,0.766055375240345,1.080406425505,1.81081968890339,0.646403421232542,0.193208875039607,2.24825802983521,0.789999586164467,1.38674535142525,0.775362892118323
843,2019,180,0,100,80,1.83664311816422,0.837427891435269,1.68077578444077,1.080406425505,1.75106512757782,0.646403421232542,0.519595582260815,-2.20395916754392,0.789999586164467,0.809723613432583
843,2020,228,84,72,72,1.2326062442619,1.83664311816422,1.05006284779706,1.68077578444077,1.21289660397371,1.75106512757782,0.800651842650487,0.476281812427369,-2.20395916754392,-0.578449527663525
843,2021,80,0,56,24,0.191318797460161,1.2326062442619,0.352160560514324,1.05006284779706,0.0966952216837061,1.21289660397371,-0.236545625894148,-0.299487682411648,0.476281812427369,-0.599065960452081
843,2022,220,36,84,100,0.866728187557396,0.191318797460161,1.12808919047463,0.352160560514324,0.664237465874393,0.0966952216837061,1.05745451711821,0.080724619454508,-0.299487682411648,-0.686113121114873
843,2023,204,64,100,40,0.381395077431906,0.866728187557396,-0.46711603760019,1.12808919047463,0.758652996331254,0.664237465874393,1.10405944692902,-0.659240129468862,0.080724619454508,1.43050731184355
843,2024,112,4,40,68,1.5128372815325,0.381395077431906,1.70461716692559,-0.46711603760019,1.28737996688968,0.758652996331254,1.14162872708263,-0.186958480962471,-0.659240129468862,1.1647844003466
843,2025,92,0,64,28,-0.188082472839174,1.5128372815325,-0.174517252559292,1.70461716692559,-0.178158878090712,1.28737996688968,1.19869598807546,-0.0335095698954131,-0.186958480962471,-1.52451472118282
844,1976,540,392,132,16,-0.311293974480939,-1.69066176115338,-0.982956858635256,-1.63534377935607,0.0410949648591091,-1.56921436015513,1.02559196306388,-0.61491044404949,0.391032417390115,-1.46724685232572
844,1977,0,0,0,0,1.35281258732704,-0.311293974480939,0.56890040128536,-0.982956858635256,1.61363807769061,0.0410949648591091,-1.27279197342224,-0.828033931642627,-0.61491044404949,-0.0424222751610675
844,1978,0,0,0,0,-0.813155456777886,1.35281258732704,-0.298058961798782,0.56890040128536,-0.99118150146924,1.61363807769061,-1.80969978726309,-0.770064343017293,-0.828033931642627,0.324092085524374
844,1979,80,24,48,8,-1.44874649573479,-0.813155456777886,-1.59633060801729,-0.298058961798782,-1.25029967950085,-0.99118150146924,-1.81350427132927,-0.204008359969922,-0.770064343017293,1.65041592825481
844,1980,0,0,0,0,-1.26242666398383,-1.44874649573479,-1.07398759175909,-1.59633060801729,-1.2429562493542,-1.25029967950085,-1.14676843872974,-0.558645843324902,-0.204008359969922,0.502767836358527
844,1981,0,0,0,0,-1.17978480312655,-1.26242666398383,-0.857247750988055,-1.07398759175909,-1.23246563485899,-1.2429562493542,-0.999820241673213,1.58111397211019,-0.558645843324902,1.0365043741067
844,1983,360,192,168,0,0.908800407630193,-1.34581981448527,1.3101506567223,-0.58632295002426,0.634863745287814,-1.59544089639315,0.494866435830588,-0.589335625538314,0.409787284298311,1.38240230200359
844,1984,16,0,8,8,1.40164641419725,0.908800407630193,1.03055626212767,1.3101506567223,1.45837698316155,0.634863745287814,-1.55384823381191,-1.54753882575706,-0.589335625538314,-0.837300294897618
844,1985,8,0,4,4,-1.66136146503125,1.40164641419725,-1.58549361597874,1.03055626212767,-1.5524293769628,1.45837698316155,-1.10539467450994,-0.342112379930275,-1.54753882575706,0.143125619935937
844,1986,72,24,8,40,-1.16701287917588,-1.66136146503125,-1.2430446675605,-1.58549361597874,-1.02789865220246,-1.5524293769628,-0.558024529487074,0.530841425251213,-0.342112379930275,-0.298982327640876
844,1987,268,244,0,24,-0.0611145229766259,-1.16701287917588,-0.679521081555805,-1.2430446675605,0.243563824616599,-1.02789865220246,-2.02560425801928,-1.0803721409529,0.530841425251213,0.598977856038455
844,1988,0,0,0,0,-1.3435659455528,-0.0611145229766259,-1.08482458379764,-0.679521081555805,-1.35100957865483,0.243563824616599,-0.526161975432745,1.63567358493403,-1.0803721409529,0.39052281339861
844,1989,32,0,8,24,-1.10390454906668,-1.3435659455528,-0.259045790459996,-1.08482458379764,-1.41605138852511,-1.35100957865483,0.301788869471523,0.30237304655137,1.63567358493403,1.88635954794607
844,1990,816,700,60,56,0.0155170207273984,-1.10390454906668,-0.870252141434317,-0.259045790459996,0.442885500025529,-1.41605138852511,-0.125264466958135,-0.793934173627725,0.30237304655137,-0.566995953892105
844,1991,24,0,20,4,-0.839450594323384,0.0155170207273984,-1.00463084271236,-0.870252141434317,-0.685904619658721,0.442885500025529,-1.40880227878847,-0.810984052635176,-0.793934173627725,-1.28169895722872
844,1992,464,208,164,92,-0.885279262616967,-0.839450594323384,-0.2807197745371,-1.00463084271236,-1.10028389221939,-0.685904619658721,1.38844463087661,1.13611213001572,-0.810984052635176,0.644792151124135
844,1993,104,12,84,8,0.872738504710653,-0.885279262616967,1.2256221188216,-0.2807197745371,0.625422192242126,-1.10028389221939,-0.866663299356616,-0.239813105885569,1.13611213001572,-1.13509321295454
844,1994,20,4,16,0,-0.7936219260298,0.872738504710653,-0.33707213313757,1.2256221188216,-0.945022797690328,0.625422192242126,0.482977423123751,1.51973440768337,-0.239813105885569,1.22663369871227
844,1995,356,208,88,60,1.08234831543049,-0.7936219260298,1.00021268441972,-0.33707213313757,1.02721272740855,-0.945022797690328,0.84250116737856,-0.473396448287647,1.51973440768337,0.044624885501725
844,1996,0,0,0,0,0.497844972276258,1.08234831543049,0.644759345555222,1.00021268441972,0.38308899740285,1.02721272740855,-1.41974017047877,-0.546710928019686,-0.473396448287647,-1.97807624253105
844,1997,56,0,44,12,-1.09789423191343,0.497844972276258,-1.7025331299951,0.644759345555222,-0.708983971548177,0.38308899740285,0.680335034057278,-1.05479732244172,-0.546710928019686,-1.04117390802889
844,1998,212,0,192,20,-0.161787335293677,-1.09789423191343,-0.0596451369506434,-1.7025331299951,-0.197041984182085,-0.708983971548177,-0.229412218270045,-0.186958480962471,-1.05479732244172,2.49110824307704
844,1999,108,0,72,36,-0.662146238302307,-0.161787335293677,0.100742345219923,-0.0596451369506434,-0.973347456827387,-0.197041984182085,0.362185054022264,1.95109634657188,-0.186958480962471,0.9792365052496
844,2000,264,172,64,28,0.101164040161309,-0.662146238302307,-0.482287826454164,0.100742345219923,0.374696505806684,-0.973347456827387,-0.236545625894148,-0.352342307334746,1.95109634657188,0.303475652735818
844,2001,0,0,0,0,-1.05657330148479,0.101164040161309,-1.16285092647522,-0.482287826454164,-0.912501892755187,0.374696505806684,0.521497824293908,0.212008687811881,-0.352342307334746,1.29077371183222
844,2002,188,80,92,16,-0.0370732543635989,-1.05657330148479,-0.289389368167941,-1.16285092647522,0.0883027300875385,-0.912501892755187,0.473466212958276,-0.103414073825962,0.212008687811881,-0.521181658806425
844,2003,52,0,44,8,0.0733663233274958,-0.0370732543635989,0.0248834009500607,-0.289389368167941,0.0904008529865809,0.0883027300875385,1.09977940235456,0.604155904983252,-0.103414073825962,-0.814393147354778
844,2004,408,212,168,28,1.02975804033949,0.0733663233274958,-0.191856439820975,0.0248834009500607,1.53076222317847,0.0904008529865809,-0.35448463194599,-1.39749989049149,0.604155904983252,-0.690694550623442
844,2005,0,0,0,0,-0.848466070053269,1.02975804033949,-1.49229548444719,-0.191856439820975,-0.462454530910818,1.53076222317847,-0.384444943967224,0.766129755554036,-1.39749989049149,0.170614196987345
844,2006,100,52,36,12,0.316032878390239,-0.848466070053269,0.319649584398668,-1.49229548444719,0.286575344046948,-0.462454530910818,1.50590807642018,1.09178244459635,0.766129755554036,0.889898629832524
844,2007,216,56,116,44,2.20026730593625,0.316032878390239,1.6027494417632,0.319649584398668,2.29657708132857,0.286575344046948,0.355527206906436,-1.93286609132545,1.09178244459635,-0.461623075195041
844,2008,28,0,24,4,0.395669580670893,2.20026730593625,1.31448545353772,1.6027494417632,-0.0837433476338508,2.29657708132857,0.913359683111323,1.77889256859662,-1.93286609132545,0.47069782979855
844,2009,64,20,16,28,0.346835753800683,0.395669580670893,0.415015114337925,1.31448545353772,0.283428159698386,-0.0837433476338508,0.371696264187735,0.343292756169253,1.77889256859662,-0.851044583423322
844,2010,28,0,24,4,0.0365531307637987,0.346835753800683,0.347825763698904,0.415015114337925,-0.117313314018514,0.283428159698386,-0.406320727347809,0.239288494223802,0.343292756169253,-0.454750930932189
844,2011,316,156,124,36,1.04403254357847,0.0365531307637987,0.50821324586947,0.347825763698904,1.21184754252419,-0.117313314018514,-0.54803775881333,-0.868953641260509,0.239288494223802,-1.671120465457
844,2012,132,0,84,48,-0.852222518274054,1.04403254357847,-0.497459615308135,0.50821324586947,-0.949219043488411,1.21184754252419,0.179569818845217,2.51203736591701,-0.868953641260509,-0.862498157194742
844,2013,212,60,64,88,-0.765824209195988,-0.852222518274054,-0.291556766575652,-0.497459615308135,-0.928237814497998,-0.949219043488411,-0.324999880433029,0.614385832387722,2.51203736591701,-1.04346462278318
844,2014,196,12,136,48,0.17554171493286,-0.765824209195988,-0.0336363560581194,-0.291556766575652,0.261397869258452,-0.928237814497998,0.155316232923267,-0.959317999999999,0.614385832387722,-0.484530222737881
844,2015,40,4,24,12,0.906546538697723,0.17554171493286,1.18660894748281,-0.0336363560581194,0.691513063561931,0.261397869258452,-0.192318498624706,0.358637647275958,-0.959317999999999,-0.564705239137821
844,2016,164,80,68,16,-0.179818286753447,0.906546538697723,-0.581988153208839,1.18660894748281,0.0306043503639035,0.691513063561931,0.868181434825334,-0.374507150044432,0.358637647275958,0.743292885558347
844,2017,104,0,84,20,0.766055375240345,-0.179818286753447,1.81081968890339,-0.581988153208839,0.193208875039607,0.0306043503639035,0.921919772260247,1.38674535142525,-0.374507150044432,-0.431843783389348
844,2018,452,80,292,80,0.837427891435269,0.766055375240345,1.080406425505,1.81081968890339,0.646403421232542,0.193208875039607,2.24825802983521,0.789999586164467,1.38674535142525,0.775362892118323
844,2019,228,0,212,16,1.83664311816422,0.837427891435269,1.68077578444077,1.080406425505,1.75106512757782,0.646403421232542,0.519595582260815,-2.20395916754392,0.789999586164467,0.809723613432583
844,2020,104,40,48,16,1.2326062442619,1.83664311816422,1.05006284779706,1.68077578444077,1.21289660397371,1.75106512757782,0.800651842650487,0.476281812427369,-2.20395916754392,-0.578449527663525
844,2021,84,0,36,48,0.191318797460161,1.2326062442619,0.352160560514324,1.05006284779706,0.0966952216837061,1.21289660397371,-0.236545625894148,-0.299487682411648,0.476281812427369,-0.599065960452081
844,2022,156,16,96,44,0.866728187557396,0.191318797460161,1.12808919047463,0.352160560514324,0.664237465874393,0.0966952216837061,1.05745451711821,0.080724619454508,-0.299487682411648,-0.686113121114873
844,2023,196,20,124,52,0.381395077431906,0.866728187557396,-0.46711603760019,1.12808919047463,0.758652996331254,0.664237465874393,1.10405944692902,-0.659240129468862,0.080724619454508,1.43050731184355
844,2024,68,0,48,20,1.5128372815325,0.381395077431906,1.70461716692559,-0.46711603760019,1.28737996688968,0.758652996331254,1.14162872708263,-0.186958480962471,-0.659240129468862,1.1647844003466
844,2025,88,0,80,8,-0.188082472839174,1.5128372815325,-0.174517252559292,1.70461716692559,-0.178158878090712,1.28737996688968,1.19869598807546,-0.0335095698954131,-0.186958480962471,-1.52451472118282
845,1979,28,8,16,4,-1.44874649573479,-0.813155456777886,-1.59633060801729,-0.298058961798782,-1.25029967950085,-0.99118150146924,-1.81350427132927,-0.204008359969922,-0.770064343017293,1.65041592825481
845,1980,0,0,0,0,-1.26242666398383,-1.44874649573479,-1.07398759175909,-1.59633060801729,-1.2429562493542,-1.25029967950085,-1.14676843872974,-0.558645843324902,-0.204008359969922,0.502767836358527
845,1981,0,0,0,0,-1.17978480312655,-1.26242666398383,-0.857247750988055,-1.07398759175909,-1.23246563485899,-1.2429562493542,-0.999820241673213,1.58111397211019,-0.558645843324902,1.0365043741067
845,1984,4,0,4,0,1.40164641419725,0.908800407630193,1.03055626212767,1.3101506567223,1.45837698316155,0.634863745287814,-1.55384823381191,-1.54753882575706,-0.589335625538314,-0.837300294897618
845,1985,0,0,0,0,-1.66136146503125,1.40164641419725,-1.58549361597874,1.03055626212767,-1.5524293769628,1.45837698316155,-1.10539467450994,-0.342112379930275,-1.54753882575706,0.143125619935937
846,1979,40,32,8,0,-1.44874649573479,-0.813155456777886,-1.59633060801729,-0.298058961798782,-1.25029967950085,-0.99118150146924,-1.81350427132927,-0.204008359969922,-0.770064343017293,1.65041592825481
846,1980,0,0,0,0,-1.26242666398383,-1.44874649573479,-1.07398759175909,-1.59633060801729,-1.2429562493542,-1.25029967950085,-1.14676843872974,-0.558645843324902,-0.204008359969922,0.502767836358527
846,1981,0,0,0,0,-1.17978480312655,-1.26242666398383,-0.857247750988055,-1.07398759175909,-1.23246563485899,-1.2429562493542,-0.999820241673213,1.58111397211019,-0.558645843324902,1.0365043741067
846,1984,0,0,0,0,1.40164641419725,0.908800407630193,1.03055626212767,1.3101506567223,1.45837698316155,0.634863745287814,-1.55384823381191,-1.54753882575706,-0.589335625538314,-0.837300294897618
846,1985,0,0,0,0,-1.66136146503125,1.40164641419725,-1.58549361597874,1.03055626212767,-1.5524293769628,1.45837698316155,-1.10539467450994,-0.342112379930275,-1.54753882575706,0.143125619935937
847,1979,8,0,8,0,-1.44874649573479,-0.813155456777886,-1.59633060801729,-0.298058961798782,-1.25029967950085,-0.99118150146924,-1.81350427132927,-0.204008359969922,-0.770064343017293,1.65041592825481
847,1980,0,0,0,0,-1.26242666398383,-1.44874649573479,-1.07398759175909,-1.59633060801729,-1.2429562493542,-1.25029967950085,-1.14676843872974,-0.558645843324902,-0.204008359969922,0.502767836358527
847,1981,0,0,0,0,-1.17978480312655,-1.26242666398383,-0.857247750988055,-1.07398759175909,-1.23246563485899,-1.2429562493542,-0.999820241673213,1.58111397211019,-0.558645843324902,1.0365043741067
847,1984,24,0,20,4,1.40164641419725,0.908800407630193,1.03055626212767,1.3101506567223,1.45837698316155,0.634863745287814,-1.55384823381191,-1.54753882575706,-0.589335625538314,-0.837300294897618
847,1985,8,0,8,0,-1.66136146503125,1.40164641419725,-1.58549361597874,1.03055626212767,-1.5524293769628,1.45837698316155,-1.10539467450994,-0.342112379930275,-1.54753882575706,0.143125619935937
848,1979,4,0,4,0,-1.44874649573479,-0.813155456777886,-1.59633060801729,-0.298058961798782,-1.25029967950085,-0.99118150146924,-1.81350427132927,-0.204008359969922,-0.770064343017293,1.65041592825481
848,1980,0,0,0,0,-1.26242666398383,-1.44874649573479,-1.07398759175909,-1.59633060801729,-1.2429562493542,-1.25029967950085,-1.14676843872974,-0.558645843324902,-0.204008359969922,0.502767836358527
848,1981,0,0,0,0,-1.17978480312655,-1.26242666398383,-0.857247750988055,-1.07398759175909,-1.23246563485899,-1.2429562493542,-0.999820241673213,1.58111397211019,-0.558645843324902,1.0365043741067
848,1984,8,0,8,0,1.40164641419725,0.908800407630193,1.03055626212767,1.3101506567223,1.45837698316155,0.634863745287814,-1.55384823381191,-1.54753882575706,-0.589335625538314,-0.837300294897618
848,1985,8,0,8,0,-1.66136146503125,1.40164641419725,-1.58549361597874,1.03055626212767,-1.5524293769628,1.45837698316155,-1.10539467450994,-0.342112379930275,-1.54753882575706,0.143125619935937
849,1976,300,120,180,0,-0.311293974480939,-1.69066176115338,-0.982956858635256,-1.63534377935607,0.0410949648591091,-1.56921436015513,1.02559196306388,-0.61491044404949,0.391032417390115,-1.46724685232572
849,1977,0,0,0,0,1.35281258732704,-0.311293974480939,0.56890040128536,-0.982956858635256,1.61363807769061,0.0410949648591091,-1.27279197342224,-0.828033931642627,-0.61491044404949,-0.0424222751610675
849,1978,0,0,0,0,-0.813155456777886,1.35281258732704,-0.298058961798782,0.56890040128536,-0.99118150146924,1.61363807769061,-1.80969978726309,-0.770064343017293,-0.828033931642627,0.324092085524374
849,1979,28,4,16,8,-1.44874649573479,-0.813155456777886,-1.59633060801729,-0.298058961798782,-1.25029967950085,-0.99118150146924,-1.81350427132927,-0.204008359969922,-0.770064343017293,1.65041592825481
849,1980,0,0,0,0,-1.26242666398383,-1.44874649573479,-1.07398759175909,-1.59633060801729,-1.2429562493542,-1.25029967950085,-1.14676843872974,-0.558645843324902,-0.204008359969922,0.502767836358527
849,1981,0,0,0,0,-1.17978480312655,-1.26242666398383,-0.857247750988055,-1.07398759175909,-1.23246563485899,-1.2429562493542,-0.999820241673213,1.58111397211019,-0.558645843324902,1.0365043741067
849,1983,336,100,232,4,0.908800407630193,-1.34581981448527,1.3101506567223,-0.58632295002426,0.634863745287814,-1.59544089639315,0.494866435830588,-0.589335625538314,0.409787284298311,1.38240230200359
849,1984,0,0,0,0,1.40164641419725,0.908800407630193,1.03055626212767,1.3101506567223,1.45837698316155,0.634863745287814,-1.55384823381191,-1.54753882575706,-0.589335625538314,-0.837300294897618
849,1985,0,0,0,0,-1.66136146503125,1.40164641419725,-1.58549361597874,1.03055626212767,-1.5524293769628,1.45837698316155,-1.10539467450994,-0.342112379930275,-1.54753882575706,0.143125619935937
849,1986,100,56,16,28,-1.16701287917588,-1.66136146503125,-1.2430446675605,-1.58549361597874,-1.02789865220246,-1.5524293769628,-0.558024529487074,0.530841425251213,-0.342112379930275,-0.298982327640876
849,1987,508,488,0,20,-0.0611145229766259,-1.16701287917588,-0.679521081555805,-1.2430446675605,0.243563824616599,-1.02789865220246,-2.02560425801928,-1.0803721409529,0.530841425251213,0.598977856038455
849,1988,0,0,0,0,-1.3435659455528,-0.0611145229766259,-1.08482458379764,-0.679521081555805,-1.35100957865483,0.243563824616599,-0.526161975432745,1.63567358493403,-1.0803721409529,0.39052281339861
849,1989,24,12,4,8,-1.10390454906668,-1.3435659455528,-0.259045790459996,-1.08482458379764,-1.41605138852511,-1.35100957865483,0.301788869471523,0.30237304655137,1.63567358493403,1.88635954794607
849,1990,844,732,96,16,0.0155170207273984,-1.10390454906668,-0.870252141434317,-0.259045790459996,0.442885500025529,-1.41605138852511,-0.125264466958135,-0.793934173627725,0.30237304655137,-0.566995953892105
849,1991,4,0,4,0,-0.839450594323384,0.0155170207273984,-1.00463084271236,-0.870252141434317,-0.685904619658721,0.442885500025529,-1.40880227878847,-0.810984052635176,-0.793934173627725,-1.28169895722872
849,1992,396,320,40,36,-0.885279262616967,-0.839450594323384,-0.2807197745371,-1.00463084271236,-1.10028389221939,-0.685904619658721,1.38844463087661,1.13611213001572,-0.810984052635176,0.644792151124135
849,1993,0,0,0,0,0.872738504710653,-0.885279262616967,1.2256221188216,-0.2807197745371,0.625422192242126,-1.10028389221939,-0.866663299356616,-0.239813105885569,1.13611213001572,-1.13509321295454
849,1994,24,0,20,4,-0.7936219260298,0.872738504710653,-0.33707213313757,1.2256221188216,-0.945022797690328,0.625422192242126,0.482977423123751,1.51973440768337,-0.239813105885569,1.22663369871227
849,1995,88,36,24,28,1.08234831543049,-0.7936219260298,1.00021268441972,-0.33707213313757,1.02721272740855,-0.945022797690328,0.84250116737856,-0.473396448287647,1.51973440768337,0.044624885501725
849,1996,0,0,0,0,0.497844972276258,1.08234831543049,0.644759345555222,1.00021268441972,0.38308899740285,1.02721272740855,-1.41974017047877,-0.546710928019686,-0.473396448287647,-1.97807624253105
849,1997,0,0,0,0,-1.09789423191343,0.497844972276258,-1.7025331299951,0.644759345555222,-0.708983971548177,0.38308899740285,0.680335034057278,-1.05479732244172,-0.546710928019686,-1.04117390802889
849,1998,0,0,0,0,-0.161787335293677,-1.09789423191343,-0.0596451369506434,-1.7025331299951,-0.197041984182085,-0.708983971548177,-0.229412218270045,-0.186958480962471,-1.05479732244172,2.49110824307704
849,1999,0,0,0,0,-0.662146238302307,-0.161787335293677,0.100742345219923,-0.0596451369506434,-0.973347456827387,-0.197041984182085,0.362185054022264,1.95109634657188,-0.186958480962471,0.9792365052496
849,2000,580,436,144,0,0.101164040161309,-0.662146238302307,-0.482287826454164,0.100742345219923,0.374696505806684,-0.973347456827387,-0.236545625894148,-0.352342307334746,1.95109634657188,0.303475652735818
849,2001,0,0,0,0,-1.05657330148479,0.101164040161309,-1.16285092647522,-0.482287826454164,-0.912501892755187,0.374696505806684,0.521497824293908,0.212008687811881,-0.352342307334746,1.29077371183222
849,2002,68,56,12,0,-0.0370732543635989,-1.05657330148479,-0.289389368167941,-1.16285092647522,0.0883027300875385,-0.912501892755187,0.473466212958276,-0.103414073825962,0.212008687811881,-0.521181658806425
849,2003,0,0,0,0,0.0733663233274958,-0.0370732543635989,0.0248834009500607,-0.289389368167941,0.0904008529865809,0.0883027300875385,1.09977940235456,0.604155904983252,-0.103414073825962,-0.814393147354778
849,2004,736,560,168,8,1.02975804033949,0.0733663233274958,-0.191856439820975,0.0248834009500607,1.53076222317847,0.0904008529865809,-0.35448463194599,-1.39749989049149,0.604155904983252,-0.690694550623442
849,2005,0,0,0,0,-0.848466070053269,1.02975804033949,-1.49229548444719,-0.191856439820975,-0.462454530910818,1.53076222317847,-0.384444943967224,0.766129755554036,-1.39749989049149,0.170614196987345
849,2006,184,140,32,12,0.316032878390239,-0.848466070053269,0.319649584398668,-1.49229548444719,0.286575344046948,-0.462454530910818,1.50590807642018,1.09178244459635,0.766129755554036,0.889898629832524
849,2007,240,36,184,20,2.20026730593625,0.316032878390239,1.6027494417632,0.319649584398668,2.29657708132857,0.286575344046948,0.355527206906436,-1.93286609132545,1.09178244459635,-0.461623075195041
849,2008,20,0,20,0,0.395669580670893,2.20026730593625,1.31448545353772,1.6027494417632,-0.0837433476338508,2.29657708132857,0.913359683111323,1.77889256859662,-1.93286609132545,0.47069782979855
849,2009,84,28,48,8,0.346835753800683,0.395669580670893,0.415015114337925,1.31448545353772,0.283428159698386,-0.0837433476338508,0.371696264187735,0.343292756169253,1.77889256859662,-0.851044583423322
849,2010,44,4,32,8,0.0365531307637987,0.346835753800683,0.347825763698904,0.415015114337925,-0.117313314018514,0.283428159698386,-0.406320727347809,0.239288494223802,0.343292756169253,-0.454750930932189
849,2011,596,364,104,128,1.04403254357847,0.0365531307637987,0.50821324586947,0.347825763698904,1.21184754252419,-0.117313314018514,-0.54803775881333,-0.868953641260509,0.239288494223802,-1.671120465457
849,2012,268,4,120,144,-0.852222518274054,1.04403254357847,-0.497459615308135,0.50821324586947,-0.949219043488411,1.21184754252419,0.179569818845217,2.51203736591701,-0.868953641260509,-0.862498157194742
849,2013,228,12,144,72,-0.765824209195988,-0.852222518274054,-0.291556766575652,-0.497459615308135,-0.928237814497998,-0.949219043488411,-0.324999880433029,0.614385832387722,2.51203736591701,-1.04346462278318
849,2014,352,68,216,68,0.17554171493286,-0.765824209195988,-0.0336363560581194,-0.291556766575652,0.261397869258452,-0.928237814497998,0.155316232923267,-0.959317999999999,0.614385832387722,-0.484530222737881
849,2015,28,0,24,4,0.906546538697723,0.17554171493286,1.18660894748281,-0.0336363560581194,0.691513063561931,0.261397869258452,-0.192318498624706,0.358637647275958,-0.959317999999999,-0.564705239137821
849,2016,456,376,76,4,-0.179818286753447,0.906546538697723,-0.581988153208839,1.18660894748281,0.0306043503639035,0.691513063561931,0.868181434825334,-0.374507150044432,0.358637647275958,0.743292885558347
849,2017,60,0,52,8,0.766055375240345,-0.179818286753447,1.81081968890339,-0.581988153208839,0.193208875039607,0.0306043503639035,0.921919772260247,1.38674535142525,-0.374507150044432,-0.431843783389348
849,2018,248,92,120,36,0.837427891435269,0.766055375240345,1.080406425505,1.81081968890339,0.646403421232542,0.193208875039607,2.24825802983521,0.789999586164467,1.38674535142525,0.775362892118323
849,2019,100,0,80,20,1.83664311816422,0.837427891435269,1.68077578444077,1.080406425505,1.75106512757782,0.646403421232542,0.519595582260815,-2.20395916754392,0.789999586164467,0.809723613432583
849,2020,364,176,112,76,1.2326062442619,1.83664311816422,1.05006284779706,1.68077578444077,1.21289660397371,1.75106512757782,0.800651842650487,0.476281812427369,-2.20395916754392,-0.578449527663525
849,2021,36,0,24,12,0.191318797460161,1.2326062442619,0.352160560514324,1.05006284779706,0.0966952216837061,1.21289660397371,-0.236545625894148,-0.299487682411648,0.476281812427369,-0.599065960452081
849,2022,80,12,36,32,0.866728187557396,0.191318797460161,1.12808919047463,0.352160560514324,0.664237465874393,0.0966952216837061,1.05745451711821,0.080724619454508,-0.299487682411648,-0.686113121114873
849,2023,128,52,64,12,0.381395077431906,0.866728187557396,-0.46711603760019,1.12808919047463,0.758652996331254,0.664237465874393,1.10405944692902,-0.659240129468862,0.080724619454508,1.43050731184355
849,2024,104,8,60,36,1.5128372815325,0.381395077431906,1.70461716692559,-0.46711603760019,1.28737996688968,0.758652996331254,1.14162872708263,-0.186958480962471,-0.659240129468862,1.1647844003466
849,2025,12,0,8,4,-0.188082472839174,1.5128372815325,-0.174517252559292,1.70461716692559,-0.178158878090712,1.28737996688968,1.19869598807546,-0.0335095698954131,-0.186958480962471,-1.52451472118282
850,1976,632,324,308,0,-0.311293974480939,-1.69066176115338,-0.982956858635256,-1.63534377935607,0.0410949648591091,-1.56921436015513,1.02559196306388,-0.61491044404949,0.391032417390115,-1.46724685232572
850,1977,16,0,16,0,1.35281258732704,-0.311293974480939,0.56890040128536,-0.982956858635256,1.61363807769061,0.0410949648591091,-1.27279197342224,-0.828033931642627,-0.61491044404949,-0.0424222751610675
850,1978,16,0,8,8,-0.813155456777886,1.35281258732704,-0.298058961798782,0.56890040128536,-0.99118150146924,1.61363807769061,-1.80969978726309,-0.770064343017293,-0.828033931642627,0.324092085524374
850,1979,16,0,16,0,-1.44874649573479,-0.813155456777886,-1.59633060801729,-0.298058961798782,-1.25029967950085,-0.99118150146924,-1.81350427132927,-0.204008359969922,-0.770064343017293,1.65041592825481
850,1980,0,0,0,0,-1.26242666398383,-1.44874649573479,-1.07398759175909,-1.59633060801729,-1.2429562493542,-1.25029967950085,-1.14676843872974,-0.558645843324902,-0.204008359969922,0.502767836358527
850,1981,0,0,0,0,-1.17978480312655,-1.26242666398383,-0.857247750988055,-1.07398759175909,-1.23246563485899,-1.2429562493542,-0.999820241673213,1.58111397211019,-0.558645843324902,1.0365043741067
850,1984,0,0,0,0,1.40164641419725,0.908800407630193,1.03055626212767,1.3101506567223,1.45837698316155,0.634863745287814,-1.55384823381191,-1.54753882575706,-0.589335625538314,-0.837300294897618
850,1985,4,0,0,4,-1.66136146503125,1.40164641419725,-1.58549361597874,1.03055626212767,-1.5524293769628,1.45837698316155,-1.10539467450994,-0.342112379930275,-1.54753882575706,0.143125619935937
850,1986,612,432,84,96,-1.16701287917588,-1.66136146503125,-1.2430446675605,-1.58549361597874,-1.02789865220246,-1.5524293769628,-0.558024529487074,0.530841425251213,-0.342112379930275,-0.298982327640876
850,1987,140,140,0,0,-0.0611145229766259,-1.16701287917588,-0.679521081555805,-1.2430446675605,0.243563824616599,-1.02789865220246,-2.02560425801928,-1.0803721409529,0.530841425251213,0.598977856038455
850,1988,0,0,0,0,-1.3435659455528,-0.0611145229766259,-1.08482458379764,-0.679521081555805,-1.35100957865483,0.243563824616599,-0.526161975432745,1.63567358493403,-1.0803721409529,0.39052281339861
850,1989,732,136,464,132,-1.10390454906668,-1.3435659455528,-0.259045790459996,-1.08482458379764,-1.41605138852511,-1.35100957865483,0.301788869471523,0.30237304655137,1.63567358493403,1.88635954794607
850,1990,240,204,32,4,0.0155170207273984,-1.10390454906668,-0.870252141434317,-0.259045790459996,0.442885500025529,-1.41605138852511,-0.125264466958135,-0.793934173627725,0.30237304655137,-0.566995953892105
850,1991,16,0,12,4,-0.839450594323384,0.0155170207273984,-1.00463084271236,-0.870252141434317,-0.685904619658721,0.442885500025529,-1.40880227878847,-0.810984052635176,-0.793934173627725,-1.28169895722872
850,1992,852,564,252,36,-0.885279262616967,-0.839450594323384,-0.2807197745371,-1.00463084271236,-1.10028389221939,-0.685904619658721,1.38844463087661,1.13611213001572,-0.810984052635176,0.644792151124135
850,1993,0,0,0,0,0.872738504710653,-0.885279262616967,1.2256221188216,-0.2807197745371,0.625422192242126,-1.10028389221939,-0.866663299356616,-0.239813105885569,1.13611213001572,-1.13509321295454
851,1976,296,176,96,24,-0.311293974480939,-1.69066176115338,-0.982956858635256,-1.63534377935607,0.0410949648591091,-1.56921436015513,1.02559196306388,-0.61491044404949,0.391032417390115,-1.46724685232572
851,1977,152,0,148,4,1.35281258732704,-0.311293974480939,0.56890040128536,-0.982956858635256,1.61363807769061,0.0410949648591091,-1.27279197342224,-0.828033931642627,-0.61491044404949,-0.0424222751610675
851,1978,0,0,0,0,-0.813155456777886,1.35281258732704,-0.298058961798782,0.56890040128536,-0.99118150146924,1.61363807769061,-1.80969978726309,-0.770064343017293,-0.828033931642627,0.324092085524374
852,1976,584,312,272,0,-0.311293974480939,-1.69066176115338,-0.982956858635256,-1.63534377935607,0.0410949648591091,-1.56921436015513,1.02559196306388,-0.61491044404949,0.391032417390115,-1.46724685232572
852,1977,8,4,4,0,1.35281258732704,-0.311293974480939,0.56890040128536,-0.982956858635256,1.61363807769061,0.0410949648591091,-1.27279197342224,-0.828033931642627,-0.61491044404949,-0.0424222751610675
852,1978,0,0,0,0,-0.813155456777886,1.35281258732704,-0.298058961798782,0.56890040128536,-0.99118150146924,1.61363807769061,-1.80969978726309,-0.770064343017293,-0.828033931642627,0.324092085524374
852,1979,96,4,84,8,-1.44874649573479,-0.813155456777886,-1.59633060801729,-0.298058961798782,-1.25029967950085,-0.99118150146924,-1.81350427132927,-0.204008359969922,-0.770064343017293,1.65041592825481
852,1980,0,0,0,0,-1.26242666398383,-1.44874649573479,-1.07398759175909,-1.59633060801729,-1.2429562493542,-1.25029967950085,-1.14676843872974,-0.558645843324902,-0.204008359969922,0.502767836358527
852,1981,0,0,0,0,-1.17978480312655,-1.26242666398383,-0.857247750988055,-1.07398759175909,-1.23246563485899,-1.2429562493542,-0.999820241673213,1.58111397211019,-0.558645843324902,1.0365043741067
852,1983,1048,344,704,0,0.908800407630193,-1.34581981448527,1.3101506567223,-0.58632295002426,0.634863745287814,-1.59544089639315,0.494866435830588,-0.589335625538314,0.409787284298311,1.38240230200359
852,1984,4,0,4,0,1.40164641419725,0.908800407630193,1.03055626212767,1.3101506567223,1.45837698316155,0.634863745287814,-1.55384823381191,-1.54753882575706,-0.589335625538314,-0.837300294897618
852,1985,0,0,0,0,-1.66136146503125,1.40164641419725,-1.58549361597874,1.03055626212767,-1.5524293769628,1.45837698316155,-1.10539467450994,-0.342112379930275,-1.54753882575706,0.143125619935937
852,1986,188,80,68,40,-1.16701287917588,-1.66136146503125,-1.2430446675605,-1.58549361597874,-1.02789865220246,-1.5524293769628,-0.558024529487074,0.530841425251213,-0.342112379930275,-0.298982327640876
852,1987,428,420,0,8,-0.0611145229766259,-1.16701287917588,-0.679521081555805,-1.2430446675605,0.243563824616599,-1.02789865220246,-2.02560425801928,-1.0803721409529,0.530841425251213,0.598977856038455
852,1988,0,0,0,0,-1.3435659455528,-0.0611145229766259,-1.08482458379764,-0.679521081555805,-1.35100957865483,0.243563824616599,-0.526161975432745,1.63567358493403,-1.0803721409529,0.39052281339861
852,1990,884,476,372,36,0.0155170207273984,-1.10390454906668,-0.870252141434317,-0.259045790459996,0.442885500025529,-1.41605138852511,-0.125264466958135,-0.793934173627725,0.30237304655137,-0.566995953892105
852,1991,0,0,0,0,-0.839450594323384,0.0155170207273984,-1.00463084271236,-0.870252141434317,-0.685904619658721,0.442885500025529,-1.40880227878847,-0.810984052635176,-0.793934173627725,-1.28169895722872
852,1992,464,296,152,16,-0.885279262616967,-0.839450594323384,-0.2807197745371,-1.00463084271236,-1.10028389221939,-0.685904619658721,1.38844463087661,1.13611213001572,-0.810984052635176,0.644792151124135
852,1993,72,4,52,16,0.872738504710653,-0.885279262616967,1.2256221188216,-0.2807197745371,0.625422192242126,-1.10028389221939,-0.866663299356616,-0.239813105885569,1.13611213001572,-1.13509321295454
852,1994,20,0,16,4,-0.7936219260298,0.872738504710653,-0.33707213313757,1.2256221188216,-0.945022797690328,0.625422192242126,0.482977423123751,1.51973440768337,-0.239813105885569,1.22663369871227
852,1995,160,12,132,16,1.08234831543049,-0.7936219260298,1.00021268441972,-0.33707213313757,1.02721272740855,-0.945022797690328,0.84250116737856,-0.473396448287647,1.51973440768337,0.044624885501725
852,1996,0,0,0,0,0.497844972276258,1.08234831543049,0.644759345555222,1.00021268441972,0.38308899740285,1.02721272740855,-1.41974017047877,-0.546710928019686,-0.473396448287647,-1.97807624253105
852,1997,0,0,0,0,-1.09789423191343,0.497844972276258,-1.7025331299951,0.644759345555222,-0.708983971548177,0.38308899740285,0.680335034057278,-1.05479732244172,-0.546710928019686,-1.04117390802889
852,1998,72,0,60,12,-0.161787335293677,-1.09789423191343,-0.0596451369506434,-1.7025331299951,-0.197041984182085,-0.708983971548177,-0.229412218270045,-0.186958480962471,-1.05479732244172,2.49110824307704
852,1999,0,0,0,0,-0.662146238302307,-0.161787335293677,0.100742345219923,-0.0596451369506434,-0.973347456827387,-0.197041984182085,0.362185054022264,1.95109634657188,-0.186958480962471,0.9792365052496
852,2000,364,244,120,0,0.101164040161309,-0.662146238302307,-0.482287826454164,0.100742345219923,0.374696505806684,-0.973347456827387,-0.236545625894148,-0.352342307334746,1.95109634657188,0.303475652735818
852,2001,0,0,0,0,-1.05657330148479,0.101164040161309,-1.16285092647522,-0.482287826454164,-0.912501892755187,0.374696505806684,0.521497824293908,0.212008687811881,-0.352342307334746,1.29077371183222
852,2002,176,64,108,4,-0.0370732543635989,-1.05657330148479,-0.289389368167941,-1.16285092647522,0.0883027300875385,-0.912501892755187,0.473466212958276,-0.103414073825962,0.212008687811881,-0.521181658806425
852,2003,0,0,0,0,0.0733663233274958,-0.0370732543635989,0.0248834009500607,-0.289389368167941,0.0904008529865809,0.0883027300875385,1.09977940235456,0.604155904983252,-0.103414073825962,-0.814393147354778
852,2004,1020,672,336,12,1.02975804033949,0.0733663233274958,-0.191856439820975,0.0248834009500607,1.53076222317847,0.0904008529865809,-0.35448463194599,-1.39749989049149,0.604155904983252,-0.690694550623442
852,2005,0,0,0,0,-0.848466070053269,1.02975804033949,-1.49229548444719,-0.191856439820975,-0.462454530910818,1.53076222317847,-0.384444943967224,0.766129755554036,-1.39749989049149,0.170614196987345
852,2006,12,0,12,0,0.316032878390239,-0.848466070053269,0.319649584398668,-1.49229548444719,0.286575344046948,-0.462454530910818,1.50590807642018,1.09178244459635,0.766129755554036,0.889898629832524
852,2007,260,120,124,16,2.20026730593625,0.316032878390239,1.6027494417632,0.319649584398668,2.29657708132857,0.286575344046948,0.355527206906436,-1.93286609132545,1.09178244459635,-0.461623075195041
852,2009,8,8,0,0,0.346835753800683,0.395669580670893,0.415015114337925,1.31448545353772,0.283428159698386,-0.0837433476338508,0.371696264187735,0.343292756169253,1.77889256859662,-0.851044583423322
852,2010,28,4,24,0,0.0365531307637987,0.346835753800683,0.347825763698904,0.415015114337925,-0.117313314018514,0.283428159698386,-0.406320727347809,0.239288494223802,0.343292756169253,-0.454750930932189
852,2011,120,40,56,24,1.04403254357847,0.0365531307637987,0.50821324586947,0.347825763698904,1.21184754252419,-0.117313314018514,-0.54803775881333,-0.868953641260509,0.239288494223802,-1.671120465457
852,2012,44,0,32,12,-0.852222518274054,1.04403254357847,-0.497459615308135,0.50821324586947,-0.949219043488411,1.21184754252419,0.179569818845217,2.51203736591701,-0.868953641260509,-0.862498157194742
852,2014,160,48,108,4,0.17554171493286,-0.765824209195988,-0.0336363560581194,-0.291556766575652,0.261397869258452,-0.928237814497998,0.155316232923267,-0.959317999999999,0.614385832387722,-0.484530222737881
852,2015,224,0,204,20,0.906546538697723,0.17554171493286,1.18660894748281,-0.0336363560581194,0.691513063561931,0.261397869258452,-0.192318498624706,0.358637647275958,-0.959317999999999,-0.564705239137821
852,2016,576,336,228,12,-0.179818286753447,0.906546538697723,-0.581988153208839,1.18660894748281,0.0306043503639035,0.691513063561931,0.868181434825334,-0.374507150044432,0.358637647275958,0.743292885558347
852,2017,72,0,52,20,0.766055375240345,-0.179818286753447,1.81081968890339,-0.581988153208839,0.193208875039607,0.0306043503639035,0.921919772260247,1.38674535142525,-0.374507150044432,-0.431843783389348
852,2018,208,24,172,12,0.837427891435269,0.766055375240345,1.080406425505,1.81081968890339,0.646403421232542,0.193208875039607,2.24825802983521,0.789999586164467,1.38674535142525,0.775362892118323
853,1976,388,244,136,8,-0.311293974480939,-1.69066176115338,-0.982956858635256,-1.63534377935607,0.0410949648591091,-1.56921436015513,1.02559196306388,-0.61491044404949,0.391032417390115,-1.46724685232572
853,1977,4,0,4,0,1.35281258732704,-0.311293974480939,0.56890040128536,-0.982956858635256,1.61363807769061,0.0410949648591091,-1.27279197342224,-0.828033931642627,-0.61491044404949,-0.0424222751610675
853,1978,8,0,4,4,-0.813155456777886,1.35281258732704,-0.298058961798782,0.56890040128536,-0.99118150146924,1.61363807769061,-1.80969978726309,-0.770064343017293,-0.828033931642627,0.324092085524374
853,1979,52,4,32,16,-1.44874649573479,-0.813155456777886,-1.59633060801729,-0.298058961798782,-1.25029967950085,-0.99118150146924,-1.81350427132927,-0.204008359969922,-0.770064343017293,1.65041592825481
853,1980,0,0,0,0,-1.26242666398383,-1.44874649573479,-1.07398759175909,-1.59633060801729,-1.2429562493542,-1.25029967950085,-1.14676843872974,-0.558645843324902,-0.204008359969922,0.502767836358527
853,1981,0,0,0,0,-1.17978480312655,-1.26242666398383,-0.857247750988055,-1.07398759175909,-1.23246563485899,-1.2429562493542,-0.999820241673213,1.58111397211019,-0.558645843324902,1.0365043741067
853,1983,216,148,68,0,0.908800407630193,-1.34581981448527,1.3101506567223,-0.58632295002426,0.634863745287814,-1.59544089639315,0.494866435830588,-0.589335625538314,0.409787284298311,1.38240230200359
853,1984,40,0,16,24,1.40164641419725,0.908800407630193,1.03055626212767,1.3101506567223,1.45837698316155,0.634863745287814,-1.55384823381191,-1.54753882575706,-0.589335625538314,-0.837300294897618
853,1985,0,0,0,0,-1.66136146503125,1.40164641419725,-1.58549361597874,1.03055626212767,-1.5524293769628,1.45837698316155,-1.10539467450994,-0.342112379930275,-1.54753882575706,0.143125619935937
853,1986,120,20,20,80,-1.16701287917588,-1.66136146503125,-1.2430446675605,-1.58549361597874,-1.02789865220246,-1.5524293769628,-0.558024529487074,0.530841425251213,-0.342112379930275,-0.298982327640876
853,1987,628,616,0,12,-0.0611145229766259,-1.16701287917588,-0.679521081555805,-1.2430446675605,0.243563824616599,-1.02789865220246,-2.02560425801928,-1.0803721409529,0.530841425251213,0.598977856038455
853,1988,0,0,0,0,-1.3435659455528,-0.0611145229766259,-1.08482458379764,-0.679521081555805,-1.35100957865483,0.243563824616599,-0.526161975432745,1.63567358493403,-1.0803721409529,0.39052281339861
853,1989,24,4,4,16,-1.10390454906668,-1.3435659455528,-0.259045790459996,-1.08482458379764,-1.41605138852511,-1.35100957865483,0.301788869471523,0.30237304655137,1.63567358493403,1.88635954794607
853,1990,1820,1348,388,84,0.0155170207273984,-1.10390454906668,-0.870252141434317,-0.259045790459996,0.442885500025529,-1.41605138852511,-0.125264466958135,-0.793934173627725,0.30237304655137,-0.566995953892105
853,1991,0,0,0,0,-0.839450594323384,0.0155170207273984,-1.00463084271236,-0.870252141434317,-0.685904619658721,0.442885500025529,-1.40880227878847,-0.810984052635176,-0.793934173627725,-1.28169895722872
853,1992,360,252,80,28,-0.885279262616967,-0.839450594323384,-0.2807197745371,-1.00463084271236,-1.10028389221939,-0.685904619658721,1.38844463087661,1.13611213001572,-0.810984052635176,0.644792151124135
853,1993,20,0,12,8,0.872738504710653,-0.885279262616967,1.2256221188216,-0.2807197745371,0.625422192242126,-1.10028389221939,-0.866663299356616,-0.239813105885569,1.13611213001572,-1.13509321295454
853,1994,20,0,16,4,-0.7936219260298,0.872738504710653,-0.33707213313757,1.2256221188216,-0.945022797690328,0.625422192242126,0.482977423123751,1.51973440768337,-0.239813105885569,1.22663369871227
853,1995,796,376,276,144,1.08234831543049,-0.7936219260298,1.00021268441972,-0.33707213313757,1.02721272740855,-0.945022797690328,0.84250116737856,-0.473396448287647,1.51973440768337,0.044624885501725
853,1996,0,0,0,0,0.497844972276258,1.08234831543049,0.644759345555222,1.00021268441972,0.38308899740285,1.02721272740855,-1.41974017047877,-0.546710928019686,-0.473396448287647,-1.97807624253105
853,1997,12,0,8,4,-1.09789423191343,0.497844972276258,-1.7025331299951,0.644759345555222,-0.708983971548177,0.38308899740285,0.680335034057278,-1.05479732244172,-0.546710928019686,-1.04117390802889
853,1998,84,0,68,16,-0.161787335293677,-1.09789423191343,-0.0596451369506434,-1.7025331299951,-0.197041984182085,-0.708983971548177,-0.229412218270045,-0.186958480962471,-1.05479732244172,2.49110824307704
853,1999,48,0,40,8,-0.662146238302307,-0.161787335293677,0.100742345219923,-0.0596451369506434,-0.973347456827387,-0.197041984182085,0.362185054022264,1.95109634657188,-0.186958480962471,0.9792365052496
853,2000,640,428,208,4,0.101164040161309,-0.662146238302307,-0.482287826454164,0.100742345219923,0.374696505806684,-0.973347456827387,-0.236545625894148,-0.352342307334746,1.95109634657188,0.303475652735818
853,2001,0,0,0,0,-1.05657330148479,0.101164040161309,-1.16285092647522,-0.482287826454164,-0.912501892755187,0.374696505806684,0.521497824293908,0.212008687811881,-0.352342307334746,1.29077371183222
853,2002,428,300,124,4,-0.0370732543635989,-1.05657330148479,-0.289389368167941,-1.16285092647522,0.0883027300875385,-0.912501892755187,0.473466212958276,-0.103414073825962,0.212008687811881,-0.521181658806425
853,2003,4,0,4,0,0.0733663233274958,-0.0370732543635989,0.0248834009500607,-0.289389368167941,0.0904008529865809,0.0883027300875385,1.09977940235456,0.604155904983252,-0.103414073825962,-0.814393147354778
853,2004,500,372,124,4,1.02975804033949,0.0733663233274958,-0.191856439820975,0.0248834009500607,1.53076222317847,0.0904008529865809,-0.35448463194599,-1.39749989049149,0.604155904983252,-0.690694550623442
853,2005,0,0,0,0,-0.848466070053269,1.02975804033949,-1.49229548444719,-0.191856439820975,-0.462454530910818,1.53076222317847,-0.384444943967224,0.766129755554036,-1.39749989049149,0.170614196987345
853,2006,292,100,140,52,0.316032878390239,-0.848466070053269,0.319649584398668,-1.49229548444719,0.286575344046948,-0.462454530910818,1.50590807642018,1.09178244459635,0.766129755554036,0.889898629832524
853,2007,192,16,156,20,2.20026730593625,0.316032878390239,1.6027494417632,0.319649584398668,2.29657708132857,0.286575344046948,0.355527206906436,-1.93286609132545,1.09178244459635,-0.461623075195041
853,2008,36,0,32,4,0.395669580670893,2.20026730593625,1.31448545353772,1.6027494417632,-0.0837433476338508,2.29657708132857,0.913359683111323,1.77889256859662,-1.93286609132545,0.47069782979855
853,2009,544,192,260,92,0.346835753800683,0.395669580670893,0.415015114337925,1.31448545353772,0.283428159698386,-0.0837433476338508,0.371696264187735,0.343292756169253,1.77889256859662,-0.851044583423322
853,2010,36,0,28,8,0.0365531307637987,0.346835753800683,0.347825763698904,0.415015114337925,-0.117313314018514,0.283428159698386,-0.406320727347809,0.239288494223802,0.343292756169253,-0.454750930932189
853,2011,1640,952,400,288,1.04403254357847,0.0365531307637987,0.50821324586947,0.347825763698904,1.21184754252419,-0.117313314018514,-0.54803775881333,-0.868953641260509,0.239288494223802,-1.671120465457
853,2012,500,0,252,248,-0.852222518274054,1.04403254357847,-0.497459615308135,0.50821324586947,-0.949219043488411,1.21184754252419,0.179569818845217,2.51203736591701,-0.868953641260509,-0.862498157194742
853,2013,832,340,248,244,-0.765824209195988,-0.852222518274054,-0.291556766575652,-0.497459615308135,-0.928237814497998,-0.949219043488411,-0.324999880433029,0.614385832387722,2.51203736591701,-1.04346462278318
853,2014,1216,328,588,300,0.17554171493286,-0.765824209195988,-0.0336363560581194,-0.291556766575652,0.261397869258452,-0.928237814497998,0.155316232923267,-0.959317999999999,0.614385832387722,-0.484530222737881
853,2015,196,4,100,92,0.906546538697723,0.17554171493286,1.18660894748281,-0.0336363560581194,0.691513063561931,0.261397869258452,-0.192318498624706,0.358637647275958,-0.959317999999999,-0.564705239137821
853,2016,1960,1292,508,160,-0.179818286753447,0.906546538697723,-0.581988153208839,1.18660894748281,0.0306043503639035,0.691513063561931,0.868181434825334,-0.374507150044432,0.358637647275958,0.743292885558347
853,2017,320,0,236,84,0.766055375240345,-0.179818286753447,1.81081968890339,-0.581988153208839,0.193208875039607,0.0306043503639035,0.921919772260247,1.38674535142525,-0.374507150044432,-0.431843783389348
853,2018,1092,232,668,192,0.837427891435269,0.766055375240345,1.080406425505,1.81081968890339,0.646403421232542,0.193208875039607,2.24825802983521,0.789999586164467,1.38674535142525,0.775362892118323
853,2019,368,0,240,128,1.83664311816422,0.837427891435269,1.68077578444077,1.080406425505,1.75106512757782,0.646403421232542,0.519595582260815,-2.20395916754392,0.789999586164467,0.809723613432583
853,2020,500,120,196,184,1.2326062442619,1.83664311816422,1.05006284779706,1.68077578444077,1.21289660397371,1.75106512757782,0.800651842650487,0.476281812427369,-2.20395916754392,-0.578449527663525
853,2021,352,0,96,256,0.191318797460161,1.2326062442619,0.352160560514324,1.05006284779706,0.0966952216837061,1.21289660397371,-0.236545625894148,-0.299487682411648,0.476281812427369,-0.599065960452081
853,2022,632,84,352,196,0.866728187557396,0.191318797460161,1.12808919047463,0.352160560514324,0.664237465874393,0.0966952216837061,1.05745451711821,0.080724619454508,-0.299487682411648,-0.686113121114873
853,2023,432,52,256,124,0.381395077431906,0.866728187557396,-0.46711603760019,1.12808919047463,0.758652996331254,0.664237465874393,1.10405944692902,-0.659240129468862,0.080724619454508,1.43050731184355
853,2024,248,32,136,80,1.5128372815325,0.381395077431906,1.70461716692559,-0.46711603760019,1.28737996688968,0.758652996331254,1.14162872708263,-0.186958480962471,-0.659240129468862,1.1647844003466
853,2025,84,0,32,52,-0.188082472839174,1.5128372815325,-0.174517252559292,1.70461716692559,-0.178158878090712,1.28737996688968,1.19869598807546,-0.0335095698954131,-0.186958480962471,-1.52451472118282
854,1979,228,72,136,20,-1.44874649573479,-0.813155456777886,-1.59633060801729,-0.298058961798782,-1.25029967950085,-0.99118150146924,-1.81350427132927,-0.204008359969922,-0.770064343017293,1.65041592825481
854,1980,0,0,0,0,-1.26242666398383,-1.44874649573479,-1.07398759175909,-1.59633060801729,-1.2429562493542,-1.25029967950085,-1.14676843872974,-0.558645843324902,-0.204008359969922,0.502767836358527
854,1981,0,0,0,0,-1.17978480312655,-1.26242666398383,-0.857247750988055,-1.07398759175909,-1.23246563485899,-1.2429562493542,-0.999820241673213,1.58111397211019,-0.558645843324902,1.0365043741067
854,1983,1048,448,600,0,0.908800407630193,-1.34581981448527,1.3101506567223,-0.58632295002426,0.634863745287814,-1.59544089639315,0.494866435830588,-0.589335625538314,0.409787284298311,1.38240230200359
854,1984,20,0,4,16,1.40164641419725,0.908800407630193,1.03055626212767,1.3101506567223,1.45837698316155,0.634863745287814,-1.55384823381191,-1.54753882575706,-0.589335625538314,-0.837300294897618
854,1985,52,0,36,16,-1.66136146503125,1.40164641419725,-1.58549361597874,1.03055626212767,-1.5524293769628,1.45837698316155,-1.10539467450994,-0.342112379930275,-1.54753882575706,0.143125619935937
854,1986,792,548,128,116,-1.16701287917588,-1.66136146503125,-1.2430446675605,-1.58549361597874,-1.02789865220246,-1.5524293769628,-0.558024529487074,0.530841425251213,-0.342112379930275,-0.298982327640876
854,1987,908,888,0,20,-0.0611145229766259,-1.16701287917588,-0.679521081555805,-1.2430446675605,0.243563824616599,-1.02789865220246,-2.02560425801928,-1.0803721409529,0.530841425251213,0.598977856038455
854,1988,0,0,0,0,-1.3435659455528,-0.0611145229766259,-1.08482458379764,-0.679521081555805,-1.35100957865483,0.243563824616599,-0.526161975432745,1.63567358493403,-1.0803721409529,0.39052281339861
854,1989,220,92,60,68,-1.10390454906668,-1.3435659455528,-0.259045790459996,-1.08482458379764,-1.41605138852511,-1.35100957865483,0.301788869471523,0.30237304655137,1.63567358493403,1.88635954794607
854,1990,1088,764,296,28,0.0155170207273984,-1.10390454906668,-0.870252141434317,-0.259045790459996,0.442885500025529,-1.41605138852511,-0.125264466958135,-0.793934173627725,0.30237304655137,-0.566995953892105
854,1991,60,0,60,0,-0.839450594323384,0.0155170207273984,-1.00463084271236,-0.870252141434317,-0.685904619658721,0.442885500025529,-1.40880227878847,-0.810984052635176,-0.793934173627725,-1.28169895722872
854,1992,860,636,188,36,-0.885279262616967,-0.839450594323384,-0.2807197745371,-1.00463084271236,-1.10028389221939,-0.685904619658721,1.38844463087661,1.13611213001572,-0.810984052635176,0.644792151124135
854,1993,8,0,4,4,0.872738504710653,-0.885279262616967,1.2256221188216,-0.2807197745371,0.625422192242126,-1.10028389221939,-0.866663299356616,-0.239813105885569,1.13611213001572,-1.13509321295454
854,1994,188,8,160,20,-0.7936219260298,0.872738504710653,-0.33707213313757,1.2256221188216,-0.945022797690328,0.625422192242126,0.482977423123751,1.51973440768337,-0.239813105885569,1.22663369871227
854,1995,528,228,224,76,1.08234831543049,-0.7936219260298,1.00021268441972,-0.33707213313757,1.02721272740855,-0.945022797690328,0.84250116737856,-0.473396448287647,1.51973440768337,0.044624885501725
854,1996,0,0,0,0,0.497844972276258,1.08234831543049,0.644759345555222,1.00021268441972,0.38308899740285,1.02721272740855,-1.41974017047877,-0.546710928019686,-0.473396448287647,-1.97807624253105
854,1997,128,0,116,12,-1.09789423191343,0.497844972276258,-1.7025331299951,0.644759345555222,-0.708983971548177,0.38308899740285,0.680335034057278,-1.05479732244172,-0.546710928019686,-1.04117390802889
854,1998,280,12,232,36,-0.161787335293677,-1.09789423191343,-0.0596451369506434,-1.7025331299951,-0.197041984182085,-0.708983971548177,-0.229412218270045,-0.186958480962471,-1.05479732244172,2.49110824307704
854,1999,204,4,184,16,-0.662146238302307,-0.161787335293677,0.100742345219923,-0.0596451369506434,-0.973347456827387,-0.197041984182085,0.362185054022264,1.95109634657188,-0.186958480962471,0.9792365052496
854,2000,1464,1096,356,12,0.101164040161309,-0.662146238302307,-0.482287826454164,0.100742345219923,0.374696505806684,-0.973347456827387,-0.236545625894148,-0.352342307334746,1.95109634657188,0.303475652735818
854,2001,0,0,0,0,-1.05657330148479,0.101164040161309,-1.16285092647522,-0.482287826454164,-0.912501892755187,0.374696505806684,0.521497824293908,0.212008687811881,-0.352342307334746,1.29077371183222
854,2002,288,184,100,4,-0.0370732543635989,-1.05657330148479,-0.289389368167941,-1.16285092647522,0.0883027300875385,-0.912501892755187,0.473466212958276,-0.103414073825962,0.212008687811881,-0.521181658806425
854,2003,20,0,20,0,0.0733663233274958,-0.0370732543635989,0.0248834009500607,-0.289389368167941,0.0904008529865809,0.0883027300875385,1.09977940235456,0.604155904983252,-0.103414073825962,-0.814393147354778
854,2004,1328,976,352,0,1.02975804033949,0.0733663233274958,-0.191856439820975,0.0248834009500607,1.53076222317847,0.0904008529865809,-0.35448463194599,-1.39749989049149,0.604155904983252,-0.690694550623442
854,2005,0,0,0,0,-0.848466070053269,1.02975804033949,-1.49229548444719,-0.191856439820975,-0.462454530910818,1.53076222317847,-0.384444943967224,0.766129755554036,-1.39749989049149,0.170614196987345
854,2006,0,0,0,0,0.316032878390239,-0.848466070053269,0.319649584398668,-1.49229548444719,0.286575344046948,-0.462454530910818,1.50590807642018,1.09178244459635,0.766129755554036,0.889898629832524
854,2007,456,256,176,24,2.20026730593625,0.316032878390239,1.6027494417632,0.319649584398668,2.29657708132857,0.286575344046948,0.355527206906436,-1.93286609132545,1.09178244459635,-0.461623075195041
854,2009,120,72,44,4,0.346835753800683,0.395669580670893,0.415015114337925,1.31448545353772,0.283428159698386,-0.0837433476338508,0.371696264187735,0.343292756169253,1.77889256859662,-0.851044583423322
854,2010,20,0,12,8,0.0365531307637987,0.346835753800683,0.347825763698904,0.415015114337925,-0.117313314018514,0.283428159698386,-0.406320727347809,0.239288494223802,0.343292756169253,-0.454750930932189
854,2011,1276,824,380,72,1.04403254357847,0.0365531307637987,0.50821324586947,0.347825763698904,1.21184754252419,-0.117313314018514,-0.54803775881333,-0.868953641260509,0.239288494223802,-1.671120465457
854,2012,312,0,200,112,-0.852222518274054,1.04403254357847,-0.497459615308135,0.50821324586947,-0.949219043488411,1.21184754252419,0.179569818845217,2.51203736591701,-0.868953641260509,-0.862498157194742
854,2013,380,40,240,100,-0.765824209195988,-0.852222518274054,-0.291556766575652,-0.497459615308135,-0.928237814497998,-0.949219043488411,-0.324999880433029,0.614385832387722,2.51203736591701,-1.04346462278318
854,2014,576,140,372,64,0.17554171493286,-0.765824209195988,-0.0336363560581194,-0.291556766575652,0.261397869258452,-0.928237814497998,0.155316232923267,-0.959317999999999,0.614385832387722,-0.484530222737881
854,2015,148,20,100,28,0.906546538697723,0.17554171493286,1.18660894748281,-0.0336363560581194,0.691513063561931,0.261397869258452,-0.192318498624706,0.358637647275958,-0.959317999999999,-0.564705239137821
854,2016,436,256,148,32,-0.179818286753447,0.906546538697723,-0.581988153208839,1.18660894748281,0.0306043503639035,0.691513063561931,0.868181434825334,-0.374507150044432,0.358637647275958,0.743292885558347
854,2017,84,0,72,12,0.766055375240345,-0.179818286753447,1.81081968890339,-0.581988153208839,0.193208875039607,0.0306043503639035,0.921919772260247,1.38674535142525,-0.374507150044432,-0.431843783389348
854,2018,736,344,348,44,0.837427891435269,0.766055375240345,1.080406425505,1.81081968890339,0.646403421232542,0.193208875039607,2.24825802983521,0.789999586164467,1.38674535142525,0.775362892118323
854,2019,192,0,176,16,1.83664311816422,0.837427891435269,1.68077578444077,1.080406425505,1.75106512757782,0.646403421232542,0.519595582260815,-2.20395916754392,0.789999586164467,0.809723613432583
854,2020,248,168,56,24,1.2326062442619,1.83664311816422,1.05006284779706,1.68077578444077,1.21289660397371,1.75106512757782,0.800651842650487,0.476281812427369,-2.20395916754392,-0.578449527663525
854,2021,244,4,172,68,0.191318797460161,1.2326062442619,0.352160560514324,1.05006284779706,0.0966952216837061,1.21289660397371,-0.236545625894148,-0.299487682411648,0.476281812427369,-0.599065960452081
854,2022,512,216,224,72,0.866728187557396,0.191318797460161,1.12808919047463,0.352160560514324,0.664237465874393,0.0966952216837061,1.05745451711821,0.080724619454508,-0.299487682411648,-0.686113121114873
854,2023,288,68,124,96,0.381395077431906,0.866728187557396,-0.46711603760019,1.12808919047463,0.758652996331254,0.664237465874393,1.10405944692902,-0.659240129468862,0.080724619454508,1.43050731184355
854,2024,384,148,160,76,1.5128372815325,0.381395077431906,1.70461716692559,-0.46711603760019,1.28737996688968,0.758652996331254,1.14162872708263,-0.186958480962471,-0.659240129468862,1.1647844003466
854,2025,52,0,44,8,-0.188082472839174,1.5128372815325,-0.174517252559292,1.70461716692559,-0.178158878090712,1.28737996688968,1.19869598807546,-0.0335095698954131,-0.186958480962471,-1.52451472118282
855,1980,0,0,0,0,-1.26242666398383,-1.44874649573479,-1.07398759175909,-1.59633060801729,-1.2429562493542,-1.25029967950085,-1.14676843872974,-0.558645843324902,-0.204008359969922,0.502767836358527
855,1981,0,0,0,0,-1.17978480312655,-1.26242666398383,-0.857247750988055,-1.07398759175909,-1.23246563485899,-1.2429562493542,-0.999820241673213,1.58111397211019,-0.558645843324902,1.0365043741067
855,1991,12,0,8,4,-0.839450594323384,0.0155170207273984,-1.00463084271236,-0.870252141434317,-0.685904619658721,0.442885500025529,-1.40880227878847,-0.810984052635176,-0.793934173627725,-1.28169895722872
855,2010,20,0,12,8,0.0365531307637987,0.346835753800683,0.347825763698904,0.415015114337925,-0.117313314018514,0.283428159698386,-0.406320727347809,0.239288494223802,0.343292756169253,-0.454750930932189
856,1979,108,36,64,8,-1.44874649573479,-0.813155456777886,-1.59633060801729,-0.298058961798782,-1.25029967950085,-0.99118150146924,-1.81350427132927,-0.204008359969922,-0.770064343017293,1.65041592825481
856,1980,4,4,0,0,-1.26242666398383,-1.44874649573479,-1.07398759175909,-1.59633060801729,-1.2429562493542,-1.25029967950085,-1.14676843872974,-0.558645843324902,-0.204008359969922,0.502767836358527
856,1981,0,0,0,0,-1.17978480312655,-1.26242666398383,-0.857247750988055,-1.07398759175909,-1.23246563485899,-1.2429562493542,-0.999820241673213,1.58111397211019,-0.558645843324902,1.0365043741067
856,1984,4,0,4,0,1.40164641419725,0.908800407630193,1.03055626212767,1.3101506567223,1.45837698316155,0.634863745287814,-1.55384823381191,-1.54753882575706,-0.589335625538314,-0.837300294897618
856,1985,0,0,0,0,-1.66136146503125,1.40164641419725,-1.58549361597874,1.03055626212767,-1.5524293769628,1.45837698316155,-1.10539467450994,-0.342112379930275,-1.54753882575706,0.143125619935937
858,1979,4,4,0,0,-1.44874649573479,-0.813155456777886,-1.59633060801729,-0.298058961798782,-1.25029967950085,-0.99118150146924,-1.81350427132927,-0.204008359969922,-0.770064343017293,1.65041592825481
858,1980,0,0,0,0,-1.26242666398383,-1.44874649573479,-1.07398759175909,-1.59633060801729,-1.2429562493542,-1.25029967950085,-1.14676843872974,-0.558645843324902,-0.204008359969922,0.502767836358527
858,1981,0,0,0,0,-1.17978480312655,-1.26242666398383,-0.857247750988055,-1.07398759175909,-1.23246563485899,-1.2429562493542,-0.999820241673213,1.58111397211019,-0.558645843324902,1.0365043741067
858,1984,0,0,0,0,1.40164641419725,0.908800407630193,1.03055626212767,1.3101506567223,1.45837698316155,0.634863745287814,-1.55384823381191,-1.54753882575706,-0.589335625538314,-0.837300294897618
858,1985,0,0,0,0,-1.66136146503125,1.40164641419725,-1.58549361597874,1.03055626212767,-1.5524293769628,1.45837698316155,-1.10539467450994,-0.342112379930275,-1.54753882575706,0.143125619935937
859,1979,20,8,8,4,-1.44874649573479,-0.813155456777886,-1.59633060801729,-0.298058961798782,-1.25029967950085,-0.99118150146924,-1.81350427132927,-0.204008359969922,-0.770064343017293,1.65041592825481
859,1980,0,0,0,0,-1.26242666398383,-1.44874649573479,-1.07398759175909,-1.59633060801729,-1.2429562493542,-1.25029967950085,-1.14676843872974,-0.558645843324902,-0.204008359969922,0.502767836358527
859,1981,0,0,0,0,-1.17978480312655,-1.26242666398383,-0.857247750988055,-1.07398759175909,-1.23246563485899,-1.2429562493542,-0.999820241673213,1.58111397211019,-0.558645843324902,1.0365043741067
859,1984,0,0,0,0,1.40164641419725,0.908800407630193,1.03055626212767,1.3101506567223,1.45837698316155,0.634863745287814,-1.55384823381191,-1.54753882575706,-0.589335625538314,-0.837300294897618
859,1985,24,0,0,24,-1.66136146503125,1.40164641419725,-1.58549361597874,1.03055626212767,-1.5524293769628,1.45837698316155,-1.10539467450994,-0.342112379930275,-1.54753882575706,0.143125619935937
860,1979,68,16,32,20,-1.44874649573479,-0.813155456777886,-1.59633060801729,-0.298058961798782,-1.25029967950085,-0.99118150146924,-1.81350427132927,-0.204008359969922,-0.770064343017293,1.65041592825481
860,1980,0,0,0,0,-1.26242666398383,-1.44874649573479,-1.07398759175909,-1.59633060801729,-1.2429562493542,-1.25029967950085,-1.14676843872974,-0.558645843324902,-0.204008359969922,0.502767836358527
860,1981,0,0,0,0,-1.17978480312655,-1.26242666398383,-0.857247750988055,-1.07398759175909,-1.23246563485899,-1.2429562493542,-0.999820241673213,1.58111397211019,-0.558645843324902,1.0365043741067
860,1984,0,0,0,0,1.40164641419725,0.908800407630193,1.03055626212767,1.3101506567223,1.45837698316155,0.634863745287814,-1.55384823381191,-1.54753882575706,-0.589335625538314,-0.837300294897618
860,1985,0,0,0,0,-1.66136146503125,1.40164641419725,-1.58549361597874,1.03055626212767,-1.5524293769628,1.45837698316155,-1.10539467450994,-0.342112379930275,-1.54753882575706,0.143125619935937
861,1979,28,4,24,0,-1.44874649573479,-0.813155456777886,-1.59633060801729,-0.298058961798782,-1.25029967950085,-0.99118150146924,-1.81350427132927,-0.204008359969922,-0.770064343017293,1.65041592825481
861,1980,0,0,0,0,-1.26242666398383,-1.44874649573479,-1.07398759175909,-1.59633060801729,-1.2429562493542,-1.25029967950085,-1.14676843872974,-0.558645843324902,-0.204008359969922,0.502767836358527
861,1981,0,0,0,0,-1.17978480312655,-1.26242666398383,-0.857247750988055,-1.07398759175909,-1.23246563485899,-1.2429562493542,-0.999820241673213,1.58111397211019,-0.558645843324902,1.0365043741067
861,1985,0,0,0,0,-1.66136146503125,1.40164641419725,-1.58549361597874,1.03055626212767,-1.5524293769628,1.45837698316155,-1.10539467450994,-0.342112379930275,-1.54753882575706,0.143125619935937
862,1983,460,244,216,0,0.908800407630193,-1.34581981448527,1.3101506567223,-0.58632295002426,0.634863745287814,-1.59544089639315,0.494866435830588,-0.589335625538314,0.409787284298311,1.38240230200359
863,1983,392,244,148,0,0.908800407630193,-1.34581981448527,1.3101506567223,-0.58632295002426,0.634863745287814,-1.59544089639315,0.494866435830588,-0.589335625538314,0.409787284298311,1.38240230200359
864,1983,472,116,352,4,0.908800407630193,-1.34581981448527,1.3101506567223,-0.58632295002426,0.634863745287814,-1.59544089639315,0.494866435830588,-0.589335625538314,0.409787284298311,1.38240230200359
865,1983,520,244,276,0,0.908800407630193,-1.34581981448527,1.3101506567223,-0.58632295002426,0.634863745287814,-1.59544089639315,0.494866435830588,-0.589335625538314,0.409787284298311,1.38240230200359
866,1983,364,52,312,0,0.908800407630193,-1.34581981448527,1.3101506567223,-0.58632295002426,0.634863745287814,-1.59544089639315,0.494866435830588,-0.589335625538314,0.409787284298311,1.38240230200359
867,1983,672,388,280,4,0.908800407630193,-1.34581981448527,1.3101506567223,-0.58632295002426,0.634863745287814,-1.59544089639315,0.494866435830588,-0.589335625538314,0.409787284298311,1.38240230200359
868,1983,764,280,484,0,0.908800407630193,-1.34581981448527,1.3101506567223,-0.58632295002426,0.634863745287814,-1.59544089639315,0.494866435830588,-0.589335625538314,0.409787284298311,1.38240230200359
869,1983,584,372,208,4,0.908800407630193,-1.34581981448527,1.3101506567223,-0.58632295002426,0.634863745287814,-1.59544089639315,0.494866435830588,-0.589335625538314,0.409787284298311,1.38240230200359
870,1983,420,164,256,0,0.908800407630193,-1.34581981448527,1.3101506567223,-0.58632295002426,0.634863745287814,-1.59544089639315,0.494866435830588,-0.589335625538314,0.409787284298311,1.38240230200359
871,1979,8,8,0,0,-1.44874649573479,-0.813155456777886,-1.59633060801729,-0.298058961798782,-1.25029967950085,-0.99118150146924,-1.81350427132927,-0.204008359969922,-0.770064343017293,1.65041592825481
871,1980,0,0,0,0,-1.26242666398383,-1.44874649573479,-1.07398759175909,-1.59633060801729,-1.2429562493542,-1.25029967950085,-1.14676843872974,-0.558645843324902,-0.204008359969922,0.502767836358527
871,1981,0,0,0,0,-1.17978480312655,-1.26242666398383,-0.857247750988055,-1.07398759175909,-1.23246563485899,-1.2429562493542,-0.999820241673213,1.58111397211019,-0.558645843324902,1.0365043741067
871,1984,76,36,16,24,1.40164641419725,0.908800407630193,1.03055626212767,1.3101506567223,1.45837698316155,0.634863745287814,-1.55384823381191,-1.54753882575706,-0.589335625538314,-0.837300294897618
871,1985,0,0,0,0,-1.66136146503125,1.40164641419725,-1.58549361597874,1.03055626212767,-1.5524293769628,1.45837698316155,-1.10539467450994,-0.342112379930275,-1.54753882575706,0.143125619935937
871,1986,752,488,52,212,-1.16701287917588,-1.66136146503125,-1.2430446675605,-1.58549361597874,-1.02789865220246,-1.5524293769628,-0.558024529487074,0.530841425251213,-0.342112379930275,-0.298982327640876
871,1987,1448,1416,0,32,-0.0611145229766259,-1.16701287917588,-0.679521081555805,-1.2430446675605,0.243563824616599,-1.02789865220246,-2.02560425801928,-1.0803721409529,0.530841425251213,0.598977856038455
871,1988,0,0,0,0,-1.3435659455528,-0.0611145229766259,-1.08482458379764,-0.679521081555805,-1.35100957865483,0.243563824616599,-0.526161975432745,1.63567358493403,-1.0803721409529,0.39052281339861
871,1989,180,28,60,92,-1.10390454906668,-1.3435659455528,-0.259045790459996,-1.08482458379764,-1.41605138852511,-1.35100957865483,0.301788869471523,0.30237304655137,1.63567358493403,1.88635954794607
871,1990,1780,1528,220,32,0.0155170207273984,-1.10390454906668,-0.870252141434317,-0.259045790459996,0.442885500025529,-1.41605138852511,-0.125264466958135,-0.793934173627725,0.30237304655137,-0.566995953892105
871,1991,16,0,16,0,-0.839450594323384,0.0155170207273984,-1.00463084271236,-0.870252141434317,-0.685904619658721,0.442885500025529,-1.40880227878847,-0.810984052635176,-0.793934173627725,-1.28169895722872
871,1992,1180,828,280,72,-0.885279262616967,-0.839450594323384,-0.2807197745371,-1.00463084271236,-1.10028389221939,-0.685904619658721,1.38844463087661,1.13611213001572,-0.810984052635176,0.644792151124135
871,1993,44,8,16,20,0.872738504710653,-0.885279262616967,1.2256221188216,-0.2807197745371,0.625422192242126,-1.10028389221939,-0.866663299356616,-0.239813105885569,1.13611213001572,-1.13509321295454
871,1994,336,16,296,24,-0.7936219260298,0.872738504710653,-0.33707213313757,1.2256221188216,-0.945022797690328,0.625422192242126,0.482977423123751,1.51973440768337,-0.239813105885569,1.22663369871227
871,1995,528,332,108,88,1.08234831543049,-0.7936219260298,1.00021268441972,-0.33707213313757,1.02721272740855,-0.945022797690328,0.84250116737856,-0.473396448287647,1.51973440768337,0.044624885501725
871,1996,0,0,0,0,0.497844972276258,1.08234831543049,0.644759345555222,1.00021268441972,0.38308899740285,1.02721272740855,-1.41974017047877,-0.546710928019686,-0.473396448287647,-1.97807624253105
871,1997,212,4,176,32,-1.09789423191343,0.497844972276258,-1.7025331299951,0.644759345555222,-0.708983971548177,0.38308899740285,0.680335034057278,-1.05479732244172,-0.546710928019686,-1.04117390802889
871,1998,172,0,144,28,-0.161787335293677,-1.09789423191343,-0.0596451369506434,-1.7025331299951,-0.197041984182085,-0.708983971548177,-0.229412218270045,-0.186958480962471,-1.05479732244172,2.49110824307704
871,1999,140,0,108,32,-0.662146238302307,-0.161787335293677,0.100742345219923,-0.0596451369506434,-0.973347456827387,-0.197041984182085,0.362185054022264,1.95109634657188,-0.186958480962471,0.9792365052496
871,2000,1252,956,284,12,0.101164040161309,-0.662146238302307,-0.482287826454164,0.100742345219923,0.374696505806684,-0.973347456827387,-0.236545625894148,-0.352342307334746,1.95109634657188,0.303475652735818
871,2001,0,0,0,0,-1.05657330148479,0.101164040161309,-1.16285092647522,-0.482287826454164,-0.912501892755187,0.374696505806684,0.521497824293908,0.212008687811881,-0.352342307334746,1.29077371183222
871,2002,504,368,128,8,-0.0370732543635989,-1.05657330148479,-0.289389368167941,-1.16285092647522,0.0883027300875385,-0.912501892755187,0.473466212958276,-0.103414073825962,0.212008687811881,-0.521181658806425
871,2003,8,0,8,0,0.0733663233274958,-0.0370732543635989,0.0248834009500607,-0.289389368167941,0.0904008529865809,0.0883027300875385,1.09977940235456,0.604155904983252,-0.103414073825962,-0.814393147354778
871,2004,1648,1212,408,28,1.02975804033949,0.0733663233274958,-0.191856439820975,0.0248834009500607,1.53076222317847,0.0904008529865809,-0.35448463194599,-1.39749989049149,0.604155904983252,-0.690694550623442
871,2005,0,0,0,0,-0.848466070053269,1.02975804033949,-1.49229548444719,-0.191856439820975,-0.462454530910818,1.53076222317847,-0.384444943967224,0.766129755554036,-1.39749989049149,0.170614196987345
871,2006,804,576,180,48,0.316032878390239,-0.848466070053269,0.319649584398668,-1.49229548444719,0.286575344046948,-0.462454530910818,1.50590807642018,1.09178244459635,0.766129755554036,0.889898629832524
871,2007,144,36,76,32,2.20026730593625,0.316032878390239,1.6027494417632,0.319649584398668,2.29657708132857,0.286575344046948,0.355527206906436,-1.93286609132545,1.09178244459635,-0.461623075195041
871,2008,0,0,0,0,0.395669580670893,2.20026730593625,1.31448545353772,1.6027494417632,-0.0837433476338508,2.29657708132857,0.913359683111323,1.77889256859662,-1.93286609132545,0.47069782979855
871,2009,400,184,184,32,0.346835753800683,0.395669580670893,0.415015114337925,1.31448545353772,0.283428159698386,-0.0837433476338508,0.371696264187735,0.343292756169253,1.77889256859662,-0.851044583423322
871,2010,0,0,0,0,0.0365531307637987,0.346835753800683,0.347825763698904,0.415015114337925,-0.117313314018514,0.283428159698386,-0.406320727347809,0.239288494223802,0.343292756169253,-0.454750930932189
871,2011,1240,920,220,100,1.04403254357847,0.0365531307637987,0.50821324586947,0.347825763698904,1.21184754252419,-0.117313314018514,-0.54803775881333,-0.868953641260509,0.239288494223802,-1.671120465457
871,2012,320,0,212,108,-0.852222518274054,1.04403254357847,-0.497459615308135,0.50821324586947,-0.949219043488411,1.21184754252419,0.179569818845217,2.51203736591701,-0.868953641260509,-0.862498157194742
871,2013,236,24,120,92,-0.765824209195988,-0.852222518274054,-0.291556766575652,-0.497459615308135,-0.928237814497998,-0.949219043488411,-0.324999880433029,0.614385832387722,2.51203736591701,-1.04346462278318
871,2014,828,328,364,136,0.17554171493286,-0.765824209195988,-0.0336363560581194,-0.291556766575652,0.261397869258452,-0.928237814497998,0.155316232923267,-0.959317999999999,0.614385832387722,-0.484530222737881
871,2015,48,0,44,4,0.906546538697723,0.17554171493286,1.18660894748281,-0.0336363560581194,0.691513063561931,0.261397869258452,-0.192318498624706,0.358637647275958,-0.959317999999999,-0.564705239137821
871,2016,1068,860,176,32,-0.179818286753447,0.906546538697723,-0.581988153208839,1.18660894748281,0.0306043503639035,0.691513063561931,0.868181434825334,-0.374507150044432,0.358637647275958,0.743292885558347
871,2017,92,0,72,20,0.766055375240345,-0.179818286753447,1.81081968890339,-0.581988153208839,0.193208875039607,0.0306043503639035,0.921919772260247,1.38674535142525,-0.374507150044432,-0.431843783389348
871,2018,1284,60,1120,104,0.837427891435269,0.766055375240345,1.080406425505,1.81081968890339,0.646403421232542,0.193208875039607,2.24825802983521,0.789999586164467,1.38674535142525,0.775362892118323
871,2019,532,0,472,60,1.83664311816422,0.837427891435269,1.68077578444077,1.080406425505,1.75106512757782,0.646403421232542,0.519595582260815,-2.20395916754392,0.789999586164467,0.809723613432583
871,2020,164,52,72,40,1.2326062442619,1.83664311816422,1.05006284779706,1.68077578444077,1.21289660397371,1.75106512757782,0.800651842650487,0.476281812427369,-2.20395916754392,-0.578449527663525
871,2021,64,0,52,12,0.191318797460161,1.2326062442619,0.352160560514324,1.05006284779706,0.0966952216837061,1.21289660397371,-0.236545625894148,-0.299487682411648,0.476281812427369,-0.599065960452081
871,2022,216,116,76,24,0.866728187557396,0.191318797460161,1.12808919047463,0.352160560514324,0.664237465874393,0.0966952216837061,1.05745451711821,0.080724619454508,-0.299487682411648,-0.686113121114873
871,2023,140,12,72,56,0.381395077431906,0.866728187557396,-0.46711603760019,1.12808919047463,0.758652996331254,0.664237465874393,1.10405944692902,-0.659240129468862,0.080724619454508,1.43050731184355
871,2024,248,92,100,56,1.5128372815325,0.381395077431906,1.70461716692559,-0.46711603760019,1.28737996688968,0.758652996331254,1.14162872708263,-0.186958480962471,-0.659240129468862,1.1647844003466
871,2025,28,0,16,12,-0.188082472839174,1.5128372815325,-0.174517252559292,1.70461716692559,-0.178158878090712,1.28737996688968,1.19869598807546,-0.0335095698954131,-0.186958480962471,-1.52451472118282
872,1989,172,0,104,68,-1.10390454906668,-1.3435659455528,-0.259045790459996,-1.08482458379764,-1.41605138852511,-1.35100957865483,0.301788869471523,0.30237304655137,1.63567358493403,1.88635954794607
873,1983,864,408,452,4,0.908800407630193,-1.34581981448527,1.3101506567223,-0.58632295002426,0.634863745287814,-1.59544089639315,0.494866435830588,-0.589335625538314,0.409787284298311,1.38240230200359
873,1985,0,0,0,0,-1.66136146503125,1.40164641419725,-1.58549361597874,1.03055626212767,-1.5524293769628,1.45837698316155,-1.10539467450994,-0.342112379930275,-1.54753882575706,0.143125619935937
873,1986,0,0,0,0,-1.16701287917588,-1.66136146503125,-1.2430446675605,-1.58549361597874,-1.02789865220246,-1.5524293769628,-0.558024529487074,0.530841425251213,-0.342112379930275,-0.298982327640876
875,1976,12,4,8,0,-0.311293974480939,-1.69066176115338,-0.982956858635256,-1.63534377935607,0.0410949648591091,-1.56921436015513,1.02559196306388,-0.61491044404949,0.391032417390115,-1.46724685232572
875,1977,0,0,0,0,1.35281258732704,-0.311293974480939,0.56890040128536,-0.982956858635256,1.61363807769061,0.0410949648591091,-1.27279197342224,-0.828033931642627,-0.61491044404949,-0.0424222751610675
875,1978,100,0,84,16,-0.813155456777886,1.35281258732704,-0.298058961798782,0.56890040128536,-0.99118150146924,1.61363807769061,-1.80969978726309,-0.770064343017293,-0.828033931642627,0.324092085524374
875,1979,420,16,360,44,-1.44874649573479,-0.813155456777886,-1.59633060801729,-0.298058961798782,-1.25029967950085,-0.99118150146924,-1.81350427132927,-0.204008359969922,-0.770064343017293,1.65041592825481
875,1980,0,0,0,0,-1.26242666398383,-1.44874649573479,-1.07398759175909,-1.59633060801729,-1.2429562493542,-1.25029967950085,-1.14676843872974,-0.558645843324902,-0.204008359969922,0.502767836358527
875,1981,0,0,0,0,-1.17978480312655,-1.26242666398383,-0.857247750988055,-1.07398759175909,-1.23246563485899,-1.2429562493542,-0.999820241673213,1.58111397211019,-0.558645843324902,1.0365043741067
875,1983,596,364,228,4,0.908800407630193,-1.34581981448527,1.3101506567223,-0.58632295002426,0.634863745287814,-1.59544089639315,0.494866435830588,-0.589335625538314,0.409787284298311,1.38240230200359
875,1984,116,0,68,48,1.40164641419725,0.908800407630193,1.03055626212767,1.3101506567223,1.45837698316155,0.634863745287814,-1.55384823381191,-1.54753882575706,-0.589335625538314,-0.837300294897618
875,1985,0,0,0,0,-1.66136146503125,1.40164641419725,-1.58549361597874,1.03055626212767,-1.5524293769628,1.45837698316155,-1.10539467450994,-0.342112379930275,-1.54753882575706,0.143125619935937
875,1986,856,312,468,76,-1.16701287917588,-1.66136146503125,-1.2430446675605,-1.58549361597874,-1.02789865220246,-1.5524293769628,-0.558024529487074,0.530841425251213,-0.342112379930275,-0.298982327640876
875,1987,64,52,0,12,-0.0611145229766259,-1.16701287917588,-0.679521081555805,-1.2430446675605,0.243563824616599,-1.02789865220246,-2.02560425801928,-1.0803721409529,0.530841425251213,0.598977856038455
875,1988,0,0,0,0,-1.3435659455528,-0.0611145229766259,-1.08482458379764,-0.679521081555805,-1.35100957865483,0.243563824616599,-0.526161975432745,1.63567358493403,-1.0803721409529,0.39052281339861
875,1989,1228,0,1228,0,-1.10390454906668,-1.3435659455528,-0.259045790459996,-1.08482458379764,-1.41605138852511,-1.35100957865483,0.301788869471523,0.30237304655137,1.63567358493403,1.88635954794607
875,1990,28,0,28,0,0.0155170207273984,-1.10390454906668,-0.870252141434317,-0.259045790459996,0.442885500025529,-1.41605138852511,-0.125264466958135,-0.793934173627725,0.30237304655137,-0.566995953892105
875,1991,60,0,60,0,-0.839450594323384,0.0155170207273984,-1.00463084271236,-0.870252141434317,-0.685904619658721,0.442885500025529,-1.40880227878847,-0.810984052635176,-0.793934173627725,-1.28169895722872
875,1992,164,28,120,16,-0.885279262616967,-0.839450594323384,-0.2807197745371,-1.00463084271236,-1.10028389221939,-0.685904619658721,1.38844463087661,1.13611213001572,-0.810984052635176,0.644792151124135
875,1993,1060,120,864,76,0.872738504710653,-0.885279262616967,1.2256221188216,-0.2807197745371,0.625422192242126,-1.10028389221939,-0.866663299356616,-0.239813105885569,1.13611213001572,-1.13509321295454
875,1994,0,0,0,0,-0.7936219260298,0.872738504710653,-0.33707213313757,1.2256221188216,-0.945022797690328,0.625422192242126,0.482977423123751,1.51973440768337,-0.239813105885569,1.22663369871227
875,1995,1036,0,1036,0,1.08234831543049,-0.7936219260298,1.00021268441972,-0.33707213313757,1.02721272740855,-0.945022797690328,0.84250116737856,-0.473396448287647,1.51973440768337,0.044624885501725
875,1996,0,0,0,0,0.497844972276258,1.08234831543049,0.644759345555222,1.00021268441972,0.38308899740285,1.02721272740855,-1.41974017047877,-0.546710928019686,-0.473396448287647,-1.97807624253105
875,1997,0,0,0,0,-1.09789423191343,0.497844972276258,-1.7025331299951,0.644759345555222,-0.708983971548177,0.38308899740285,0.680335034057278,-1.05479732244172,-0.546710928019686,-1.04117390802889
875,1998,264,0,252,12,-0.161787335293677,-1.09789423191343,-0.0596451369506434,-1.7025331299951,-0.197041984182085,-0.708983971548177,-0.229412218270045,-0.186958480962471,-1.05479732244172,2.49110824307704
875,1999,176,0,172,4,-0.662146238302307,-0.161787335293677,0.100742345219923,-0.0596451369506434,-0.973347456827387,-0.197041984182085,0.362185054022264,1.95109634657188,-0.186958480962471,0.9792365052496
875,2000,1016,232,780,4,0.101164040161309,-0.662146238302307,-0.482287826454164,0.100742345219923,0.374696505806684,-0.973347456827387,-0.236545625894148,-0.352342307334746,1.95109634657188,0.303475652735818
875,2001,0,0,0,0,-1.05657330148479,0.101164040161309,-1.16285092647522,-0.482287826454164,-0.912501892755187,0.374696505806684,0.521497824293908,0.212008687811881,-0.352342307334746,1.29077371183222
875,2002,468,64,404,0,-0.0370732543635989,-1.05657330148479,-0.289389368167941,-1.16285092647522,0.0883027300875385,-0.912501892755187,0.473466212958276,-0.103414073825962,0.212008687811881,-0.521181658806425
875,2003,0,0,0,0,0.0733663233274958,-0.0370732543635989,0.0248834009500607,-0.289389368167941,0.0904008529865809,0.0883027300875385,1.09977940235456,0.604155904983252,-0.103414073825962,-0.814393147354778
875,2004,544,140,396,8,1.02975804033949,0.0733663233274958,-0.191856439820975,0.0248834009500607,1.53076222317847,0.0904008529865809,-0.35448463194599,-1.39749989049149,0.604155904983252,-0.690694550623442
875,2005,0,0,0,0,-0.848466070053269,1.02975804033949,-1.49229548444719,-0.191856439820975,-0.462454530910818,1.53076222317847,-0.384444943967224,0.766129755554036,-1.39749989049149,0.170614196987345
875,2006,680,196,416,68,0.316032878390239,-0.848466070053269,0.319649584398668,-1.49229548444719,0.286575344046948,-0.462454530910818,1.50590807642018,1.09178244459635,0.766129755554036,0.889898629832524
875,2007,116,20,64,32,2.20026730593625,0.316032878390239,1.6027494417632,0.319649584398668,2.29657708132857,0.286575344046948,0.355527206906436,-1.93286609132545,1.09178244459635,-0.461623075195041
875,2008,32,0,32,0,0.395669580670893,2.20026730593625,1.31448545353772,1.6027494417632,-0.0837433476338508,2.29657708132857,0.913359683111323,1.77889256859662,-1.93286609132545,0.47069782979855
875,2009,392,176,188,28,0.346835753800683,0.395669580670893,0.415015114337925,1.31448545353772,0.283428159698386,-0.0837433476338508,0.371696264187735,0.343292756169253,1.77889256859662,-0.851044583423322
875,2010,0,0,0,0,0.0365531307637987,0.346835753800683,0.347825763698904,0.415015114337925,-0.117313314018514,0.283428159698386,-0.406320727347809,0.239288494223802,0.343292756169253,-0.454750930932189
875,2011,1100,780,216,104,1.04403254357847,0.0365531307637987,0.50821324586947,0.347825763698904,1.21184754252419,-0.117313314018514,-0.54803775881333,-0.868953641260509,0.239288494223802,-1.671120465457
875,2012,112,0,52,60,-0.852222518274054,1.04403254357847,-0.497459615308135,0.50821324586947,-0.949219043488411,1.21184754252419,0.179569818845217,2.51203736591701,-0.868953641260509,-0.862498157194742
875,2013,108,28,16,64,-0.765824209195988,-0.852222518274054,-0.291556766575652,-0.497459615308135,-0.928237814497998,-0.949219043488411,-0.324999880433029,0.614385832387722,2.51203736591701,-1.04346462278318
875,2014,892,576,216,100,0.17554171493286,-0.765824209195988,-0.0336363560581194,-0.291556766575652,0.261397869258452,-0.928237814497998,0.155316232923267,-0.959317999999999,0.614385832387722,-0.484530222737881
875,2015,40,0,12,28,0.906546538697723,0.17554171493286,1.18660894748281,-0.0336363560581194,0.691513063561931,0.261397869258452,-0.192318498624706,0.358637647275958,-0.959317999999999,-0.564705239137821
875,2016,108,88,20,0,-0.179818286753447,0.906546538697723,-0.581988153208839,1.18660894748281,0.0306043503639035,0.691513063561931,0.868181434825334,-0.374507150044432,0.358637647275958,0.743292885558347
875,2017,12,0,8,4,0.766055375240345,-0.179818286753447,1.81081968890339,-0.581988153208839,0.193208875039607,0.0306043503639035,0.921919772260247,1.38674535142525,-0.374507150044432,-0.431843783389348
875,2018,608,8,548,52,0.837427891435269,0.766055375240345,1.080406425505,1.81081968890339,0.646403421232542,0.193208875039607,2.24825802983521,0.789999586164467,1.38674535142525,0.775362892118323
875,2019,132,0,116,16,1.83664311816422,0.837427891435269,1.68077578444077,1.080406425505,1.75106512757782,0.646403421232542,0.519595582260815,-2.20395916754392,0.789999586164467,0.809723613432583
875,2020,36,4,28,4,1.2326062442619,1.83664311816422,1.05006284779706,1.68077578444077,1.21289660397371,1.75106512757782,0.800651842650487,0.476281812427369,-2.20395916754392,-0.578449527663525
875,2021,92,0,80,12,0.191318797460161,1.2326062442619,0.352160560514324,1.05006284779706,0.0966952216837061,1.21289660397371,-0.236545625894148,-0.299487682411648,0.476281812427369,-0.599065960452081
875,2022,12,0,12,0,0.866728187557396,0.191318797460161,1.12808919047463,0.352160560514324,0.664237465874393,0.0966952216837061,1.05745451711821,0.080724619454508,-0.299487682411648,-0.686113121114873
875,2023,188,64,108,16,0.381395077431906,0.866728187557396,-0.46711603760019,1.12808919047463,0.758652996331254,0.664237465874393,1.10405944692902,-0.659240129468862,0.080724619454508,1.43050731184355
875,2024,40,0,4,36,1.5128372815325,0.381395077431906,1.70461716692559,-0.46711603760019,1.28737996688968,0.758652996331254,1.14162872708263,-0.186958480962471,-0.659240129468862,1.1647844003466
875,2025,4,0,0,4,-0.188082472839174,1.5128372815325,-0.174517252559292,1.70461716692559,-0.178158878090712,1.28737996688968,1.19869598807546,-0.0335095698954131,-0.186958480962471,-1.52451472118282
876,1976,244,52,184,8,-0.311293974480939,-1.69066176115338,-0.982956858635256,-1.63534377935607,0.0410949648591091,-1.56921436015513,1.02559196306388,-0.61491044404949,0.391032417390115,-1.46724685232572
876,1977,4,0,4,0,1.35281258732704,-0.311293974480939,0.56890040128536,-0.982956858635256,1.61363807769061,0.0410949648591091,-1.27279197342224,-0.828033931642627,-0.61491044404949,-0.0424222751610675
876,1978,0,0,0,0,-0.813155456777886,1.35281258732704,-0.298058961798782,0.56890040128536,-0.99118150146924,1.61363807769061,-1.80969978726309,-0.770064343017293,-0.828033931642627,0.324092085524374
876,1979,188,8,128,52,-1.44874649573479,-0.813155456777886,-1.59633060801729,-0.298058961798782,-1.25029967950085,-0.99118150146924,-1.81350427132927,-0.204008359969922,-0.770064343017293,1.65041592825481
876,1980,0,0,0,0,-1.26242666398383,-1.44874649573479,-1.07398759175909,-1.59633060801729,-1.2429562493542,-1.25029967950085,-1.14676843872974,-0.558645843324902,-0.204008359969922,0.502767836358527
876,1981,0,0,0,0,-1.17978480312655,-1.26242666398383,-0.857247750988055,-1.07398759175909,-1.23246563485899,-1.2429562493542,-0.999820241673213,1.58111397211019,-0.558645843324902,1.0365043741067
876,1984,0,0,0,0,1.40164641419725,0.908800407630193,1.03055626212767,1.3101506567223,1.45837698316155,0.634863745287814,-1.55384823381191,-1.54753882575706,-0.589335625538314,-0.837300294897618
876,1985,0,0,0,0,-1.66136146503125,1.40164641419725,-1.58549361597874,1.03055626212767,-1.5524293769628,1.45837698316155,-1.10539467450994,-0.342112379930275,-1.54753882575706,0.143125619935937
876,1986,304,48,196,60,-1.16701287917588,-1.66136146503125,-1.2430446675605,-1.58549361597874,-1.02789865220246,-1.5524293769628,-0.558024529487074,0.530841425251213,-0.342112379930275,-0.298982327640876
876,1987,220,176,0,44,-0.0611145229766259,-1.16701287917588,-0.679521081555805,-1.2430446675605,0.243563824616599,-1.02789865220246,-2.02560425801928,-1.0803721409529,0.530841425251213,0.598977856038455
876,1988,0,0,0,0,-1.3435659455528,-0.0611145229766259,-1.08482458379764,-0.679521081555805,-1.35100957865483,0.243563824616599,-0.526161975432745,1.63567358493403,-1.0803721409529,0.39052281339861
876,1989,276,32,180,64,-1.10390454906668,-1.3435659455528,-0.259045790459996,-1.08482458379764,-1.41605138852511,-1.35100957865483,0.301788869471523,0.30237304655137,1.63567358493403,1.88635954794607
876,1990,952,620,296,36,0.0155170207273984,-1.10390454906668,-0.870252141434317,-0.259045790459996,0.442885500025529,-1.41605138852511,-0.125264466958135,-0.793934173627725,0.30237304655137,-0.566995953892105
876,1991,28,0,28,0,-0.839450594323384,0.0155170207273984,-1.00463084271236,-0.870252141434317,-0.685904619658721,0.442885500025529,-1.40880227878847,-0.810984052635176,-0.793934173627725,-1.28169895722872
876,1992,576,196,320,60,-0.885279262616967,-0.839450594323384,-0.2807197745371,-1.00463084271236,-1.10028389221939,-0.685904619658721,1.38844463087661,1.13611213001572,-0.810984052635176,0.644792151124135
876,1993,112,4,88,20,0.872738504710653,-0.885279262616967,1.2256221188216,-0.2807197745371,0.625422192242126,-1.10028389221939,-0.866663299356616,-0.239813105885569,1.13611213001572,-1.13509321295454
876,1994,16,0,16,0,-0.7936219260298,0.872738504710653,-0.33707213313757,1.2256221188216,-0.945022797690328,0.625422192242126,0.482977423123751,1.51973440768337,-0.239813105885569,1.22663369871227
876,1995,1168,0,1152,16,1.08234831543049,-0.7936219260298,1.00021268441972,-0.33707213313757,1.02721272740855,-0.945022797690328,0.84250116737856,-0.473396448287647,1.51973440768337,0.044624885501725
876,1996,0,0,0,0,0.497844972276258,1.08234831543049,0.644759345555222,1.00021268441972,0.38308899740285,1.02721272740855,-1.41974017047877,-0.546710928019686,-0.473396448287647,-1.97807624253105
876,1997,0,0,0,0,-1.09789423191343,0.497844972276258,-1.7025331299951,0.644759345555222,-0.708983971548177,0.38308899740285,0.680335034057278,-1.05479732244172,-0.546710928019686,-1.04117390802889
876,1998,88,4,80,4,-0.161787335293677,-1.09789423191343,-0.0596451369506434,-1.7025331299951,-0.197041984182085,-0.708983971548177,-0.229412218270045,-0.186958480962471,-1.05479732244172,2.49110824307704
876,1999,52,0,48,4,-0.662146238302307,-0.161787335293677,0.100742345219923,-0.0596451369506434,-0.973347456827387,-0.197041984182085,0.362185054022264,1.95109634657188,-0.186958480962471,0.9792365052496
876,2000,460,188,260,12,0.101164040161309,-0.662146238302307,-0.482287826454164,0.100742345219923,0.374696505806684,-0.973347456827387,-0.236545625894148,-0.352342307334746,1.95109634657188,0.303475652735818
876,2001,0,0,0,0,-1.05657330148479,0.101164040161309,-1.16285092647522,-0.482287826454164,-0.912501892755187,0.374696505806684,0.521497824293908,0.212008687811881,-0.352342307334746,1.29077371183222
876,2002,464,204,260,0,-0.0370732543635989,-1.05657330148479,-0.289389368167941,-1.16285092647522,0.0883027300875385,-0.912501892755187,0.473466212958276,-0.103414073825962,0.212008687811881,-0.521181658806425
876,2003,16,0,16,0,0.0733663233274958,-0.0370732543635989,0.0248834009500607,-0.289389368167941,0.0904008529865809,0.0883027300875385,1.09977940235456,0.604155904983252,-0.103414073825962,-0.814393147354778
876,2004,580,376,184,20,1.02975804033949,0.0733663233274958,-0.191856439820975,0.0248834009500607,1.53076222317847,0.0904008529865809,-0.35448463194599,-1.39749989049149,0.604155904983252,-0.690694550623442
876,2005,0,0,0,0,-0.848466070053269,1.02975804033949,-1.49229548444719,-0.191856439820975,-0.462454530910818,1.53076222317847,-0.384444943967224,0.766129755554036,-1.39749989049149,0.170614196987345
876,2006,504,80,388,36,0.316032878390239,-0.848466070053269,0.319649584398668,-1.49229548444719,0.286575344046948,-0.462454530910818,1.50590807642018,1.09178244459635,0.766129755554036,0.889898629832524
876,2007,100,0,92,8,2.20026730593625,0.316032878390239,1.6027494417632,0.319649584398668,2.29657708132857,0.286575344046948,0.355527206906436,-1.93286609132545,1.09178244459635,-0.461623075195041
876,2009,24,4,20,0,0.346835753800683,0.395669580670893,0.415015114337925,1.31448545353772,0.283428159698386,-0.0837433476338508,0.371696264187735,0.343292756169253,1.77889256859662,-0.851044583423322
876,2010,0,0,0,0,0.0365531307637987,0.346835753800683,0.347825763698904,0.415015114337925,-0.117313314018514,0.283428159698386,-0.406320727347809,0.239288494223802,0.343292756169253,-0.454750930932189
876,2011,652,192,392,68,1.04403254357847,0.0365531307637987,0.50821324586947,0.347825763698904,1.21184754252419,-0.117313314018514,-0.54803775881333,-0.868953641260509,0.239288494223802,-1.671120465457
876,2012,332,0,232,100,-0.852222518274054,1.04403254357847,-0.497459615308135,0.50821324586947,-0.949219043488411,1.21184754252419,0.179569818845217,2.51203736591701,-0.868953641260509,-0.862498157194742
876,2013,224,4,136,84,-0.765824209195988,-0.852222518274054,-0.291556766575652,-0.497459615308135,-0.928237814497998,-0.949219043488411,-0.324999880433029,0.614385832387722,2.51203736591701,-1.04346462278318
876,2014,400,56,268,76,0.17554171493286,-0.765824209195988,-0.0336363560581194,-0.291556766575652,0.261397869258452,-0.928237814497998,0.155316232923267,-0.959317999999999,0.614385832387722,-0.484530222737881
876,2015,96,4,76,16,0.906546538697723,0.17554171493286,1.18660894748281,-0.0336363560581194,0.691513063561931,0.261397869258452,-0.192318498624706,0.358637647275958,-0.959317999999999,-0.564705239137821
876,2016,1132,408,676,48,-0.179818286753447,0.906546538697723,-0.581988153208839,1.18660894748281,0.0306043503639035,0.691513063561931,0.868181434825334,-0.374507150044432,0.358637647275958,0.743292885558347
876,2017,104,0,88,16,0.766055375240345,-0.179818286753447,1.81081968890339,-0.581988153208839,0.193208875039607,0.0306043503639035,0.921919772260247,1.38674535142525,-0.374507150044432,-0.431843783389348
876,2018,412,0,344,68,0.837427891435269,0.766055375240345,1.080406425505,1.81081968890339,0.646403421232542,0.193208875039607,2.24825802983521,0.789999586164467,1.38674535142525,0.775362892118323
876,2019,160,0,104,56,1.83664311816422,0.837427891435269,1.68077578444077,1.080406425505,1.75106512757782,0.646403421232542,0.519595582260815,-2.20395916754392,0.789999586164467,0.809723613432583
876,2020,196,0,120,76,1.2326062442619,1.83664311816422,1.05006284779706,1.68077578444077,1.21289660397371,1.75106512757782,0.800651842650487,0.476281812427369,-2.20395916754392,-0.578449527663525
876,2021,144,0,60,84,0.191318797460161,1.2326062442619,0.352160560514324,1.05006284779706,0.0966952216837061,1.21289660397371,-0.236545625894148,-0.299487682411648,0.476281812427369,-0.599065960452081
876,2022,16,0,16,0,0.866728187557396,0.191318797460161,1.12808919047463,0.352160560514324,0.664237465874393,0.0966952216837061,1.05745451711821,0.080724619454508,-0.299487682411648,-0.686113121114873
876,2023,108,0,60,48,0.381395077431906,0.866728187557396,-0.46711603760019,1.12808919047463,0.758652996331254,0.664237465874393,1.10405944692902,-0.659240129468862,0.080724619454508,1.43050731184355
876,2024,12,0,4,8,1.5128372815325,0.381395077431906,1.70461716692559,-0.46711603760019,1.28737996688968,0.758652996331254,1.14162872708263,-0.186958480962471,-0.659240129468862,1.1647844003466
876,2025,0,0,0,0,-0.188082472839174,1.5128372815325,-0.174517252559292,1.70461716692559,-0.178158878090712,1.28737996688968,1.19869598807546,-0.0335095698954131,-0.186958480962471,-1.52451472118282
877,1976,52,0,52,0,-0.311293974480939,-1.69066176115338,-0.982956858635256,-1.63534377935607,0.0410949648591091,-1.56921436015513,1.02559196306388,-0.61491044404949,0.391032417390115,-1.46724685232572
877,1977,0,0,0,0,1.35281258732704,-0.311293974480939,0.56890040128536,-0.982956858635256,1.61363807769061,0.0410949648591091,-1.27279197342224,-0.828033931642627,-0.61491044404949,-0.0424222751610675
877,1978,0,0,0,0,-0.813155456777886,1.35281258732704,-0.298058961798782,0.56890040128536,-0.99118150146924,1.61363807769061,-1.80969978726309,-0.770064343017293,-0.828033931642627,0.324092085524374
877,1979,152,4,112,36,-1.44874649573479,-0.813155456777886,-1.59633060801729,-0.298058961798782,-1.25029967950085,-0.99118150146924,-1.81350427132927,-0.204008359969922,-0.770064343017293,1.65041592825481
877,1980,0,0,0,0,-1.26242666398383,-1.44874649573479,-1.07398759175909,-1.59633060801729,-1.2429562493542,-1.25029967950085,-1.14676843872974,-0.558645843324902,-0.204008359969922,0.502767836358527
877,1981,0,0,0,0,-1.17978480312655,-1.26242666398383,-0.857247750988055,-1.07398759175909,-1.23246563485899,-1.2429562493542,-0.999820241673213,1.58111397211019,-0.558645843324902,1.0365043741067
877,1984,40,0,8,32,1.40164641419725,0.908800407630193,1.03055626212767,1.3101506567223,1.45837698316155,0.634863745287814,-1.55384823381191,-1.54753882575706,-0.589335625538314,-0.837300294897618
877,1985,88,0,48,40,-1.66136146503125,1.40164641419725,-1.58549361597874,1.03055626212767,-1.5524293769628,1.45837698316155,-1.10539467450994,-0.342112379930275,-1.54753882575706,0.143125619935937
877,1986,668,104,392,172,-1.16701287917588,-1.66136146503125,-1.2430446675605,-1.58549361597874,-1.02789865220246,-1.5524293769628,-0.558024529487074,0.530841425251213,-0.342112379930275,-0.298982327640876
877,1987,256,236,0,20,-0.0611145229766259,-1.16701287917588,-0.679521081555805,-1.2430446675605,0.243563824616599,-1.02789865220246,-2.02560425801928,-1.0803721409529,0.530841425251213,0.598977856038455
877,1988,0,0,0,0,-1.3435659455528,-0.0611145229766259,-1.08482458379764,-0.679521081555805,-1.35100957865483,0.243563824616599,-0.526161975432745,1.63567358493403,-1.0803721409529,0.39052281339861
877,1989,424,4,388,32,-1.10390454906668,-1.3435659455528,-0.259045790459996,-1.08482458379764,-1.41605138852511,-1.35100957865483,0.301788869471523,0.30237304655137,1.63567358493403,1.88635954794607
877,1990,504,36,424,44,0.0155170207273984,-1.10390454906668,-0.870252141434317,-0.259045790459996,0.442885500025529,-1.41605138852511,-0.125264466958135,-0.793934173627725,0.30237304655137,-0.566995953892105
877,1991,16,0,16,0,-0.839450594323384,0.0155170207273984,-1.00463084271236,-0.870252141434317,-0.685904619658721,0.442885500025529,-1.40880227878847,-0.810984052635176,-0.793934173627725,-1.28169895722872
877,1992,604,108,428,68,-0.885279262616967,-0.839450594323384,-0.2807197745371,-1.00463084271236,-1.10028389221939,-0.685904619658721,1.38844463087661,1.13611213001572,-0.810984052635176,0.644792151124135
877,1993,16,0,8,8,0.872738504710653,-0.885279262616967,1.2256221188216,-0.2807197745371,0.625422192242126,-1.10028389221939,-0.866663299356616,-0.239813105885569,1.13611213001572,-1.13509321295454
877,1994,96,0,88,8,-0.7936219260298,0.872738504710653,-0.33707213313757,1.2256221188216,-0.945022797690328,0.625422192242126,0.482977423123751,1.51973440768337,-0.239813105885569,1.22663369871227
877,1995,1244,0,1224,20,1.08234831543049,-0.7936219260298,1.00021268441972,-0.33707213313757,1.02721272740855,-0.945022797690328,0.84250116737856,-0.473396448287647,1.51973440768337,0.044624885501725
877,1996,0,0,0,0,0.497844972276258,1.08234831543049,0.644759345555222,1.00021268441972,0.38308899740285,1.02721272740855,-1.41974017047877,-0.546710928019686,-0.473396448287647,-1.97807624253105
877,1997,96,0,80,16,-1.09789423191343,0.497844972276258,-1.7025331299951,0.644759345555222,-0.708983971548177,0.38308899740285,0.680335034057278,-1.05479732244172,-0.546710928019686,-1.04117390802889
877,1998,16,0,12,4,-0.161787335293677,-1.09789423191343,-0.0596451369506434,-1.7025331299951,-0.197041984182085,-0.708983971548177,-0.229412218270045,-0.186958480962471,-1.05479732244172,2.49110824307704
877,1999,292,0,260,32,-0.662146238302307,-0.161787335293677,0.100742345219923,-0.0596451369506434,-0.973347456827387,-0.197041984182085,0.362185054022264,1.95109634657188,-0.186958480962471,0.9792365052496
877,2000,180,24,124,32,0.101164040161309,-0.662146238302307,-0.482287826454164,0.100742345219923,0.374696505806684,-0.973347456827387,-0.236545625894148,-0.352342307334746,1.95109634657188,0.303475652735818
877,2001,0,0,0,0,-1.05657330148479,0.101164040161309,-1.16285092647522,-0.482287826454164,-0.912501892755187,0.374696505806684,0.521497824293908,0.212008687811881,-0.352342307334746,1.29077371183222
877,2002,560,136,416,8,-0.0370732543635989,-1.05657330148479,-0.289389368167941,-1.16285092647522,0.0883027300875385,-0.912501892755187,0.473466212958276,-0.103414073825962,0.212008687811881,-0.521181658806425
877,2003,8,0,8,0,0.0733663233274958,-0.0370732543635989,0.0248834009500607,-0.289389368167941,0.0904008529865809,0.0883027300875385,1.09977940235456,0.604155904983252,-0.103414073825962,-0.814393147354778
877,2004,584,128,432,24,1.02975804033949,0.0733663233274958,-0.191856439820975,0.0248834009500607,1.53076222317847,0.0904008529865809,-0.35448463194599,-1.39749989049149,0.604155904983252,-0.690694550623442
877,2005,0,0,0,0,-0.848466070053269,1.02975804033949,-1.49229548444719,-0.191856439820975,-0.462454530910818,1.53076222317847,-0.384444943967224,0.766129755554036,-1.39749989049149,0.170614196987345
877,2006,732,180,440,112,0.316032878390239,-0.848466070053269,0.319649584398668,-1.49229548444719,0.286575344046948,-0.462454530910818,1.50590807642018,1.09178244459635,0.766129755554036,0.889898629832524
877,2007,92,8,56,28,2.20026730593625,0.316032878390239,1.6027494417632,0.319649584398668,2.29657708132857,0.286575344046948,0.355527206906436,-1.93286609132545,1.09178244459635,-0.461623075195041
877,2008,4,0,0,4,0.395669580670893,2.20026730593625,1.31448545353772,1.6027494417632,-0.0837433476338508,2.29657708132857,0.913359683111323,1.77889256859662,-1.93286609132545,0.47069782979855
877,2009,104,20,64,20,0.346835753800683,0.395669580670893,0.415015114337925,1.31448545353772,0.283428159698386,-0.0837433476338508,0.371696264187735,0.343292756169253,1.77889256859662,-0.851044583423322
877,2010,24,0,0,24,0.0365531307637987,0.346835753800683,0.347825763698904,0.415015114337925,-0.117313314018514,0.283428159698386,-0.406320727347809,0.239288494223802,0.343292756169253,-0.454750930932189
877,2011,244,104,100,40,1.04403254357847,0.0365531307637987,0.50821324586947,0.347825763698904,1.21184754252419,-0.117313314018514,-0.54803775881333,-0.868953641260509,0.239288494223802,-1.671120465457
877,2012,252,0,112,140,-0.852222518274054,1.04403254357847,-0.497459615308135,0.50821324586947,-0.949219043488411,1.21184754252419,0.179569818845217,2.51203736591701,-0.868953641260509,-0.862498157194742
877,2013,1296,232,848,216,-0.765824209195988,-0.852222518274054,-0.291556766575652,-0.497459615308135,-0.928237814497998,-0.949219043488411,-0.324999880433029,0.614385832387722,2.51203736591701,-1.04346462278318
877,2014,1084,44,716,324,0.17554171493286,-0.765824209195988,-0.0336363560581194,-0.291556766575652,0.261397869258452,-0.928237814497998,0.155316232923267,-0.959317999999999,0.614385832387722,-0.484530222737881
877,2015,144,0,108,36,0.906546538697723,0.17554171493286,1.18660894748281,-0.0336363560581194,0.691513063561931,0.261397869258452,-0.192318498624706,0.358637647275958,-0.959317999999999,-0.564705239137821
877,2016,704,152,480,72,-0.179818286753447,0.906546538697723,-0.581988153208839,1.18660894748281,0.0306043503639035,0.691513063561931,0.868181434825334,-0.374507150044432,0.358637647275958,0.743292885558347
877,2017,372,0,336,36,0.766055375240345,-0.179818286753447,1.81081968890339,-0.581988153208839,0.193208875039607,0.0306043503639035,0.921919772260247,1.38674535142525,-0.374507150044432,-0.431843783389348
877,2018,980,0,940,40,0.837427891435269,0.766055375240345,1.080406425505,1.81081968890339,0.646403421232542,0.193208875039607,2.24825802983521,0.789999586164467,1.38674535142525,0.775362892118323
877,2019,404,0,380,24,1.83664311816422,0.837427891435269,1.68077578444077,1.080406425505,1.75106512757782,0.646403421232542,0.519595582260815,-2.20395916754392,0.789999586164467,0.809723613432583
877,2020,540,0,400,140,1.2326062442619,1.83664311816422,1.05006284779706,1.68077578444077,1.21289660397371,1.75106512757782,0.800651842650487,0.476281812427369,-2.20395916754392,-0.578449527663525
877,2021,320,0,264,56,0.191318797460161,1.2326062442619,0.352160560514324,1.05006284779706,0.0966952216837061,1.21289660397371,-0.236545625894148,-0.299487682411648,0.476281812427369,-0.599065960452081
877,2022,148,0,128,20,0.866728187557396,0.191318797460161,1.12808919047463,0.352160560514324,0.664237465874393,0.0966952216837061,1.05745451711821,0.080724619454508,-0.299487682411648,-0.686113121114873
877,2023,456,20,316,120,0.381395077431906,0.866728187557396,-0.46711603760019,1.12808919047463,0.758652996331254,0.664237465874393,1.10405944692902,-0.659240129468862,0.080724619454508,1.43050731184355
877,2024,612,52,412,148,1.5128372815325,0.381395077431906,1.70461716692559,-0.46711603760019,1.28737996688968,0.758652996331254,1.14162872708263,-0.186958480962471,-0.659240129468862,1.1647844003466
877,2025,132,0,80,52,-0.188082472839174,1.5128372815325,-0.174517252559292,1.70461716692559,-0.178158878090712,1.28737996688968,1.19869598807546,-0.0335095698954131,-0.186958480962471,-1.52451472118282
878,1976,100,0,100,0,-0.311293974480939,-1.69066176115338,-0.982956858635256,-1.63534377935607,0.0410949648591091,-1.56921436015513,1.02559196306388,-0.61491044404949,0.391032417390115,-1.46724685232572
878,1977,0,0,0,0,1.35281258732704,-0.311293974480939,0.56890040128536,-0.982956858635256,1.61363807769061,0.0410949648591091,-1.27279197342224,-0.828033931642627,-0.61491044404949,-0.0424222751610675
878,1978,0,0,0,0,-0.813155456777886,1.35281258732704,-0.298058961798782,0.56890040128536,-0.99118150146924,1.61363807769061,-1.80969978726309,-0.770064343017293,-0.828033931642627,0.324092085524374
878,1979,36,0,36,0,-1.44874649573479,-0.813155456777886,-1.59633060801729,-0.298058961798782,-1.25029967950085,-0.99118150146924,-1.81350427132927,-0.204008359969922,-0.770064343017293,1.65041592825481
878,1980,0,0,0,0,-1.26242666398383,-1.44874649573479,-1.07398759175909,-1.59633060801729,-1.2429562493542,-1.25029967950085,-1.14676843872974,-0.558645843324902,-0.204008359969922,0.502767836358527
878,1981,0,0,0,0,-1.17978480312655,-1.26242666398383,-0.857247750988055,-1.07398759175909,-1.23246563485899,-1.2429562493542,-0.999820241673213,1.58111397211019,-0.558645843324902,1.0365043741067
878,1984,88,0,84,4,1.40164641419725,0.908800407630193,1.03055626212767,1.3101506567223,1.45837698316155,0.634863745287814,-1.55384823381191,-1.54753882575706,-0.589335625538314,-0.837300294897618
878,1985,0,0,0,0,-1.66136146503125,1.40164641419725,-1.58549361597874,1.03055626212767,-1.5524293769628,1.45837698316155,-1.10539467450994,-0.342112379930275,-1.54753882575706,0.143125619935937
879,1976,1196,692,500,4,-0.311293974480939,-1.69066176115338,-0.982956858635256,-1.63534377935607,0.0410949648591091,-1.56921436015513,1.02559196306388,-0.61491044404949,0.391032417390115,-1.46724685232572
879,1977,0,0,0,0,1.35281258732704,-0.311293974480939,0.56890040128536,-0.982956858635256,1.61363807769061,0.0410949648591091,-1.27279197342224,-0.828033931642627,-0.61491044404949,-0.0424222751610675
879,1978,0,0,0,0,-0.813155456777886,1.35281258732704,-0.298058961798782,0.56890040128536,-0.99118150146924,1.61363807769061,-1.80969978726309,-0.770064343017293,-0.828033931642627,0.324092085524374
879,1979,48,4,24,20,-1.44874649573479,-0.813155456777886,-1.59633060801729,-0.298058961798782,-1.25029967950085,-0.99118150146924,-1.81350427132927,-0.204008359969922,-0.770064343017293,1.65041592825481
879,1980,0,0,0,0,-1.26242666398383,-1.44874649573479,-1.07398759175909,-1.59633060801729,-1.2429562493542,-1.25029967950085,-1.14676843872974,-0.558645843324902,-0.204008359969922,0.502767836358527
879,1981,0,0,0,0,-1.17978480312655,-1.26242666398383,-0.857247750988055,-1.07398759175909,-1.23246563485899,-1.2429562493542,-0.999820241673213,1.58111397211019,-0.558645843324902,1.0365043741067
879,1983,1928,744,1176,8,0.908800407630193,-1.34581981448527,1.3101506567223,-0.58632295002426,0.634863745287814,-1.59544089639315,0.494866435830588,-0.589335625538314,0.409787284298311,1.38240230200359
879,1984,0,0,0,0,1.40164641419725,0.908800407630193,1.03055626212767,1.3101506567223,1.45837698316155,0.634863745287814,-1.55384823381191,-1.54753882575706,-0.589335625538314,-0.837300294897618
879,1985,0,0,0,0,-1.66136146503125,1.40164641419725,-1.58549361597874,1.03055626212767,-1.5524293769628,1.45837698316155,-1.10539467450994,-0.342112379930275,-1.54753882575706,0.143125619935937
879,1986,8,0,4,4,-1.16701287917588,-1.66136146503125,-1.2430446675605,-1.58549361597874,-1.02789865220246,-1.5524293769628,-0.558024529487074,0.530841425251213,-0.342112379930275,-0.298982327640876
879,1987,1180,1176,0,4,-0.0611145229766259,-1.16701287917588,-0.679521081555805,-1.2430446675605,0.243563824616599,-1.02789865220246,-2.02560425801928,-1.0803721409529,0.530841425251213,0.598977856038455
879,1988,0,0,0,0,-1.3435659455528,-0.0611145229766259,-1.08482458379764,-0.679521081555805,-1.35100957865483,0.243563824616599,-0.526161975432745,1.63567358493403,-1.0803721409529,0.39052281339861
879,1990,2068,992,1028,48,0.0155170207273984,-1.10390454906668,-0.870252141434317,-0.259045790459996,0.442885500025529,-1.41605138852511,-0.125264466958135,-0.793934173627725,0.30237304655137,-0.566995953892105
879,1991,8,0,8,0,-0.839450594323384,0.0155170207273984,-1.00463084271236,-0.870252141434317,-0.685904619658721,0.442885500025529,-1.40880227878847,-0.810984052635176,-0.793934173627725,-1.28169895722872
879,1992,268,128,88,52,-0.885279262616967,-0.839450594323384,-0.2807197745371,-1.00463084271236,-1.10028389221939,-0.685904619658721,1.38844463087661,1.13611213001572,-0.810984052635176,0.644792151124135
879,1993,124,20,68,36,0.872738504710653,-0.885279262616967,1.2256221188216,-0.2807197745371,0.625422192242126,-1.10028389221939,-0.866663299356616,-0.239813105885569,1.13611213001572,-1.13509321295454
879,1994,0,0,0,0,-0.7936219260298,0.872738504710653,-0.33707213313757,1.2256221188216,-0.945022797690328,0.625422192242126,0.482977423123751,1.51973440768337,-0.239813105885569,1.22663369871227
879,1995,548,140,372,36,1.08234831543049,-0.7936219260298,1.00021268441972,-0.33707213313757,1.02721272740855,-0.945022797690328,0.84250116737856,-0.473396448287647,1.51973440768337,0.044624885501725
879,1996,0,0,0,0,0.497844972276258,1.08234831543049,0.644759345555222,1.00021268441972,0.38308899740285,1.02721272740855,-1.41974017047877,-0.546710928019686,-0.473396448287647,-1.97807624253105
879,1997,0,0,0,0,-1.09789423191343,0.497844972276258,-1.7025331299951,0.644759345555222,-0.708983971548177,0.38308899740285,0.680335034057278,-1.05479732244172,-0.546710928019686,-1.04117390802889
879,1998,4,0,4,0,-0.161787335293677,-1.09789423191343,-0.0596451369506434,-1.7025331299951,-0.197041984182085,-0.708983971548177,-0.229412218270045,-0.186958480962471,-1.05479732244172,2.49110824307704
879,1999,0,0,0,0,-0.662146238302307,-0.161787335293677,0.100742345219923,-0.0596451369506434,-0.973347456827387,-0.197041984182085,0.362185054022264,1.95109634657188,-0.186958480962471,0.9792365052496
879,2000,692,312,380,0,0.101164040161309,-0.662146238302307,-0.482287826454164,0.100742345219923,0.374696505806684,-0.973347456827387,-0.236545625894148,-0.352342307334746,1.95109634657188,0.303475652735818
879,2001,0,0,0,0,-1.05657330148479,0.101164040161309,-1.16285092647522,-0.482287826454164,-0.912501892755187,0.374696505806684,0.521497824293908,0.212008687811881,-0.352342307334746,1.29077371183222
879,2002,0,0,0,0,-0.0370732543635989,-1.05657330148479,-0.289389368167941,-1.16285092647522,0.0883027300875385,-0.912501892755187,0.473466212958276,-0.103414073825962,0.212008687811881,-0.521181658806425
879,2003,8,0,8,0,0.0733663233274958,-0.0370732543635989,0.0248834009500607,-0.289389368167941,0.0904008529865809,0.0883027300875385,1.09977940235456,0.604155904983252,-0.103414073825962,-0.814393147354778
879,2004,1468,612,848,8,1.02975804033949,0.0733663233274958,-0.191856439820975,0.0248834009500607,1.53076222317847,0.0904008529865809,-0.35448463194599,-1.39749989049149,0.604155904983252,-0.690694550623442
879,2005,0,0,0,0,-0.848466070053269,1.02975804033949,-1.49229548444719,-0.191856439820975,-0.462454530910818,1.53076222317847,-0.384444943967224,0.766129755554036,-1.39749989049149,0.170614196987345
879,2006,32,0,24,8,0.316032878390239,-0.848466070053269,0.319649584398668,-1.49229548444719,0.286575344046948,-0.462454530910818,1.50590807642018,1.09178244459635,0.766129755554036,0.889898629832524
880,1976,1560,1248,288,24,-0.311293974480939,-1.69066176115338,-0.982956858635256,-1.63534377935607,0.0410949648591091,-1.56921436015513,1.02559196306388,-0.61491044404949,0.391032417390115,-1.46724685232572
880,1977,4,0,4,0,1.35281258732704,-0.311293974480939,0.56890040128536,-0.982956858635256,1.61363807769061,0.0410949648591091,-1.27279197342224,-0.828033931642627,-0.61491044404949,-0.0424222751610675
880,1978,0,0,0,0,-0.813155456777886,1.35281258732704,-0.298058961798782,0.56890040128536,-0.99118150146924,1.61363807769061,-1.80969978726309,-0.770064343017293,-0.828033931642627,0.324092085524374
880,1979,208,68,136,4,-1.44874649573479,-0.813155456777886,-1.59633060801729,-0.298058961798782,-1.25029967950085,-0.99118150146924,-1.81350427132927,-0.204008359969922,-0.770064343017293,1.65041592825481
880,1980,0,0,0,0,-1.26242666398383,-1.44874649573479,-1.07398759175909,-1.59633060801729,-1.2429562493542,-1.25029967950085,-1.14676843872974,-0.558645843324902,-0.204008359969922,0.502767836358527
880,1981,0,0,0,0,-1.17978480312655,-1.26242666398383,-0.857247750988055,-1.07398759175909,-1.23246563485899,-1.2429562493542,-0.999820241673213,1.58111397211019,-0.558645843324902,1.0365043741067
880,1983,800,520,264,16,0.908800407630193,-1.34581981448527,1.3101506567223,-0.58632295002426,0.634863745287814,-1.59544089639315,0.494866435830588,-0.589335625538314,0.409787284298311,1.38240230200359
880,1984,8,4,4,0,1.40164641419725,0.908800407630193,1.03055626212767,1.3101506567223,1.45837698316155,0.634863745287814,-1.55384823381191,-1.54753882575706,-0.589335625538314,-0.837300294897618
880,1985,24,0,20,4,-1.66136146503125,1.40164641419725,-1.58549361597874,1.03055626212767,-1.5524293769628,1.45837698316155,-1.10539467450994,-0.342112379930275,-1.54753882575706,0.143125619935937
880,1986,424,216,152,56,-1.16701287917588,-1.66136146503125,-1.2430446675605,-1.58549361597874,-1.02789865220246,-1.5524293769628,-0.558024529487074,0.530841425251213,-0.342112379930275,-0.298982327640876
880,1987,592,576,0,16,-0.0611145229766259,-1.16701287917588,-0.679521081555805,-1.2430446675605,0.243563824616599,-1.02789865220246,-2.02560425801928,-1.0803721409529,0.530841425251213,0.598977856038455
880,1988,0,0,0,0,-1.3435659455528,-0.0611145229766259,-1.08482458379764,-0.679521081555805,-1.35100957865483,0.243563824616599,-0.526161975432745,1.63567358493403,-1.0803721409529,0.39052281339861
880,1989,44,0,32,12,-1.10390454906668,-1.3435659455528,-0.259045790459996,-1.08482458379764,-1.41605138852511,-1.35100957865483,0.301788869471523,0.30237304655137,1.63567358493403,1.88635954794607
880,1990,1468,1152,160,156,0.0155170207273984,-1.10390454906668,-0.870252141434317,-0.259045790459996,0.442885500025529,-1.41605138852511,-0.125264466958135,-0.793934173627725,0.30237304655137,-0.566995953892105
880,1991,0,0,0,0,-0.839450594323384,0.0155170207273984,-1.00463084271236,-0.870252141434317,-0.685904619658721,0.442885500025529,-1.40880227878847,-0.810984052635176,-0.793934173627725,-1.28169895722872
880,1992,808,452,304,52,-0.885279262616967,-0.839450594323384,-0.2807197745371,-1.00463084271236,-1.10028389221939,-0.685904619658721,1.38844463087661,1.13611213001572,-0.810984052635176,0.644792151124135
880,1993,36,8,16,12,0.872738504710653,-0.885279262616967,1.2256221188216,-0.2807197745371,0.625422192242126,-1.10028389221939,-0.866663299356616,-0.239813105885569,1.13611213001572,-1.13509321295454
880,1994,64,0,32,32,-0.7936219260298,0.872738504710653,-0.33707213313757,1.2256221188216,-0.945022797690328,0.625422192242126,0.482977423123751,1.51973440768337,-0.239813105885569,1.22663369871227
880,1995,1148,984,100,64,1.08234831543049,-0.7936219260298,1.00021268441972,-0.33707213313757,1.02721272740855,-0.945022797690328,0.84250116737856,-0.473396448287647,1.51973440768337,0.044624885501725
880,1996,0,0,0,0,0.497844972276258,1.08234831543049,0.644759345555222,1.00021268441972,0.38308899740285,1.02721272740855,-1.41974017047877,-0.546710928019686,-0.473396448287647,-1.97807624253105
880,1997,0,0,0,0,-1.09789423191343,0.497844972276258,-1.7025331299951,0.644759345555222,-0.708983971548177,0.38308899740285,0.680335034057278,-1.05479732244172,-0.546710928019686,-1.04117390802889
880,1998,20,0,20,0,-0.161787335293677,-1.09789423191343,-0.0596451369506434,-1.7025331299951,-0.197041984182085,-0.708983971548177,-0.229412218270045,-0.186958480962471,-1.05479732244172,2.49110824307704
880,1999,0,0,0,0,-0.662146238302307,-0.161787335293677,0.100742345219923,-0.0596451369506434,-0.973347456827387,-0.197041984182085,0.362185054022264,1.95109634657188,-0.186958480962471,0.9792365052496
880,2000,640,584,40,16,0.101164040161309,-0.662146238302307,-0.482287826454164,0.100742345219923,0.374696505806684,-0.973347456827387,-0.236545625894148,-0.352342307334746,1.95109634657188,0.303475652735818
880,2001,0,0,0,0,-1.05657330148479,0.101164040161309,-1.16285092647522,-0.482287826454164,-0.912501892755187,0.374696505806684,0.521497824293908,0.212008687811881,-0.352342307334746,1.29077371183222
880,2002,300,208,92,0,-0.0370732543635989,-1.05657330148479,-0.289389368167941,-1.16285092647522,0.0883027300875385,-0.912501892755187,0.473466212958276,-0.103414073825962,0.212008687811881,-0.521181658806425
880,2003,0,0,0,0,0.0733663233274958,-0.0370732543635989,0.0248834009500607,-0.289389368167941,0.0904008529865809,0.0883027300875385,1.09977940235456,0.604155904983252,-0.103414073825962,-0.814393147354778
880,2004,1072,860,204,8,1.02975804033949,0.0733663233274958,-0.191856439820975,0.0248834009500607,1.53076222317847,0.0904008529865809,-0.35448463194599,-1.39749989049149,0.604155904983252,-0.690694550623442
880,2005,0,0,0,0,-0.848466070053269,1.02975804033949,-1.49229548444719,-0.191856439820975,-0.462454530910818,1.53076222317847,-0.384444943967224,0.766129755554036,-1.39749989049149,0.170614196987345
880,2006,332,168,112,52,0.316032878390239,-0.848466070053269,0.319649584398668,-1.49229548444719,0.286575344046948,-0.462454530910818,1.50590807642018,1.09178244459635,0.766129755554036,0.889898629832524
880,2009,20,12,4,4,0.346835753800683,0.395669580670893,0.415015114337925,1.31448545353772,0.283428159698386,-0.0837433476338508,0.371696264187735,0.343292756169253,1.77889256859662,-0.851044583423322
880,2010,0,0,0,0,0.0365531307637987,0.346835753800683,0.347825763698904,0.415015114337925,-0.117313314018514,0.283428159698386,-0.406320727347809,0.239288494223802,0.343292756169253,-0.454750930932189
880,2011,832,592,176,64,1.04403254357847,0.0365531307637987,0.50821324586947,0.347825763698904,1.21184754252419,-0.117313314018514,-0.54803775881333,-0.868953641260509,0.239288494223802,-1.671120465457
880,2012,96,0,68,28,-0.852222518274054,1.04403254357847,-0.497459615308135,0.50821324586947,-0.949219043488411,1.21184754252419,0.179569818845217,2.51203736591701,-0.868953641260509,-0.862498157194742
880,2013,248,104,116,28,-0.765824209195988,-0.852222518274054,-0.291556766575652,-0.497459615308135,-0.928237814497998,-0.949219043488411,-0.324999880433029,0.614385832387722,2.51203736591701,-1.04346462278318
880,2014,896,436,316,144,0.17554171493286,-0.765824209195988,-0.0336363560581194,-0.291556766575652,0.261397869258452,-0.928237814497998,0.155316232923267,-0.959317999999999,0.614385832387722,-0.484530222737881
880,2015,148,0,116,32,0.906546538697723,0.17554171493286,1.18660894748281,-0.0336363560581194,0.691513063561931,0.261397869258452,-0.192318498624706,0.358637647275958,-0.959317999999999,-0.564705239137821
880,2016,608,504,88,16,-0.179818286753447,0.906546538697723,-0.581988153208839,1.18660894748281,0.0306043503639035,0.691513063561931,0.868181434825334,-0.374507150044432,0.358637647275958,0.743292885558347
880,2017,48,0,40,8,0.766055375240345,-0.179818286753447,1.81081968890339,-0.581988153208839,0.193208875039607,0.0306043503639035,0.921919772260247,1.38674535142525,-0.374507150044432,-0.431843783389348
880,2018,892,488,304,100,0.837427891435269,0.766055375240345,1.080406425505,1.81081968890339,0.646403421232542,0.193208875039607,2.24825802983521,0.789999586164467,1.38674535142525,0.775362892118323
880,2019,144,0,96,48,1.83664311816422,0.837427891435269,1.68077578444077,1.080406425505,1.75106512757782,0.646403421232542,0.519595582260815,-2.20395916754392,0.789999586164467,0.809723613432583
880,2020,336,124,160,52,1.2326062442619,1.83664311816422,1.05006284779706,1.68077578444077,1.21289660397371,1.75106512757782,0.800651842650487,0.476281812427369,-2.20395916754392,-0.578449527663525
880,2021,228,0,164,64,0.191318797460161,1.2326062442619,0.352160560514324,1.05006284779706,0.0966952216837061,1.21289660397371,-0.236545625894148,-0.299487682411648,0.476281812427369,-0.599065960452081
880,2022,632,92,432,108,0.866728187557396,0.191318797460161,1.12808919047463,0.352160560514324,0.664237465874393,0.0966952216837061,1.05745451711821,0.080724619454508,-0.299487682411648,-0.686113121114873
880,2023,584,72,372,140,0.381395077431906,0.866728187557396,-0.46711603760019,1.12808919047463,0.758652996331254,0.664237465874393,1.10405944692902,-0.659240129468862,0.080724619454508,1.43050731184355
880,2024,344,80,152,112,1.5128372815325,0.381395077431906,1.70461716692559,-0.46711603760019,1.28737996688968,0.758652996331254,1.14162872708263,-0.186958480962471,-0.659240129468862,1.1647844003466
880,2025,12,0,8,4,-0.188082472839174,1.5128372815325,-0.174517252559292,1.70461716692559,-0.178158878090712,1.28737996688968,1.19869598807546,-0.0335095698954131,-0.186958480962471,-1.52451472118282
881,1983,700,452,228,20,0.908800407630193,-1.34581981448527,1.3101506567223,-0.58632295002426,0.634863745287814,-1.59544089639315,0.494866435830588,-0.589335625538314,0.409787284298311,1.38240230200359
882,1979,116,48,64,4,-1.44874649573479,-0.813155456777886,-1.59633060801729,-0.298058961798782,-1.25029967950085,-0.99118150146924,-1.81350427132927,-0.204008359969922,-0.770064343017293,1.65041592825481
882,1980,0,0,0,0,-1.26242666398383,-1.44874649573479,-1.07398759175909,-1.59633060801729,-1.2429562493542,-1.25029967950085,-1.14676843872974,-0.558645843324902,-0.204008359969922,0.502767836358527
882,1981,0,0,0,0,-1.17978480312655,-1.26242666398383,-0.857247750988055,-1.07398759175909,-1.23246563485899,-1.2429562493542,-0.999820241673213,1.58111397211019,-0.558645843324902,1.0365043741067
882,1984,0,0,0,0,1.40164641419725,0.908800407630193,1.03055626212767,1.3101506567223,1.45837698316155,0.634863745287814,-1.55384823381191,-1.54753882575706,-0.589335625538314,-0.837300294897618
882,1985,0,0,0,0,-1.66136146503125,1.40164641419725,-1.58549361597874,1.03055626212767,-1.5524293769628,1.45837698316155,-1.10539467450994,-0.342112379930275,-1.54753882575706,0.143125619935937
883,1983,440,216,216,8,0.908800407630193,-1.34581981448527,1.3101506567223,-0.58632295002426,0.634863745287814,-1.59544089639315,0.494866435830588,-0.589335625538314,0.409787284298311,1.38240230200359
884,1976,528,376,144,8,-0.311293974480939,-1.69066176115338,-0.982956858635256,-1.63534377935607,0.0410949648591091,-1.56921436015513,1.02559196306388,-0.61491044404949,0.391032417390115,-1.46724685232572
884,1977,4,0,4,0,1.35281258732704,-0.311293974480939,0.56890040128536,-0.982956858635256,1.61363807769061,0.0410949648591091,-1.27279197342224,-0.828033931642627,-0.61491044404949,-0.0424222751610675
884,1978,8,0,8,0,-0.813155456777886,1.35281258732704,-0.298058961798782,0.56890040128536,-0.99118150146924,1.61363807769061,-1.80969978726309,-0.770064343017293,-0.828033931642627,0.324092085524374
884,1979,28,16,4,8,-1.44874649573479,-0.813155456777886,-1.59633060801729,-0.298058961798782,-1.25029967950085,-0.99118150146924,-1.81350427132927,-0.204008359969922,-0.770064343017293,1.65041592825481
884,1980,0,0,0,0,-1.26242666398383,-1.44874649573479,-1.07398759175909,-1.59633060801729,-1.2429562493542,-1.25029967950085,-1.14676843872974,-0.558645843324902,-0.204008359969922,0.502767836358527
884,1981,0,0,0,0,-1.17978480312655,-1.26242666398383,-0.857247750988055,-1.07398759175909,-1.23246563485899,-1.2429562493542,-0.999820241673213,1.58111397211019,-0.558645843324902,1.0365043741067
884,1983,1024,480,544,0,0.908800407630193,-1.34581981448527,1.3101506567223,-0.58632295002426,0.634863745287814,-1.59544089639315,0.494866435830588,-0.589335625538314,0.409787284298311,1.38240230200359
884,1984,0,0,0,0,1.40164641419725,0.908800407630193,1.03055626212767,1.3101506567223,1.45837698316155,0.634863745287814,-1.55384823381191,-1.54753882575706,-0.589335625538314,-0.837300294897618
884,1985,0,0,0,0,-1.66136146503125,1.40164641419725,-1.58549361597874,1.03055626212767,-1.5524293769628,1.45837698316155,-1.10539467450994,-0.342112379930275,-1.54753882575706,0.143125619935937
884,1986,168,80,72,16,-1.16701287917588,-1.66136146503125,-1.2430446675605,-1.58549361597874,-1.02789865220246,-1.5524293769628,-0.558024529487074,0.530841425251213,-0.342112379930275,-0.298982327640876
884,1987,380,368,0,12,-0.0611145229766259,-1.16701287917588,-0.679521081555805,-1.2430446675605,0.243563824616599,-1.02789865220246,-2.02560425801928,-1.0803721409529,0.530841425251213,0.598977856038455
884,1988,0,0,0,0,-1.3435659455528,-0.0611145229766259,-1.08482458379764,-0.679521081555805,-1.35100957865483,0.243563824616599,-0.526161975432745,1.63567358493403,-1.0803721409529,0.39052281339861
884,1989,48,0,16,32,-1.10390454906668,-1.3435659455528,-0.259045790459996,-1.08482458379764,-1.41605138852511,-1.35100957865483,0.301788869471523,0.30237304655137,1.63567358493403,1.88635954794607
884,1990,1324,880,368,76,0.0155170207273984,-1.10390454906668,-0.870252141434317,-0.259045790459996,0.442885500025529,-1.41605138852511,-0.125264466958135,-0.793934173627725,0.30237304655137,-0.566995953892105
884,1991,0,0,0,0,-0.839450594323384,0.0155170207273984,-1.00463084271236,-0.870252141434317,-0.685904619658721,0.442885500025529,-1.40880227878847,-0.810984052635176,-0.793934173627725,-1.28169895722872
884,1992,564,312,220,32,-0.885279262616967,-0.839450594323384,-0.2807197745371,-1.00463084271236,-1.10028389221939,-0.685904619658721,1.38844463087661,1.13611213001572,-0.810984052635176,0.644792151124135
884,1993,64,4,48,12,0.872738504710653,-0.885279262616967,1.2256221188216,-0.2807197745371,0.625422192242126,-1.10028389221939,-0.866663299356616,-0.239813105885569,1.13611213001572,-1.13509321295454
884,1994,68,0,44,24,-0.7936219260298,0.872738504710653,-0.33707213313757,1.2256221188216,-0.945022797690328,0.625422192242126,0.482977423123751,1.51973440768337,-0.239813105885569,1.22663369871227
884,1995,812,580,156,76,1.08234831543049,-0.7936219260298,1.00021268441972,-0.33707213313757,1.02721272740855,-0.945022797690328,0.84250116737856,-0.473396448287647,1.51973440768337,0.044624885501725
884,1996,0,0,0,0,0.497844972276258,1.08234831543049,0.644759345555222,1.00021268441972,0.38308899740285,1.02721272740855,-1.41974017047877,-0.546710928019686,-0.473396448287647,-1.97807624253105
884,1997,0,0,0,0,-1.09789423191343,0.497844972276258,-1.7025331299951,0.644759345555222,-0.708983971548177,0.38308899740285,0.680335034057278,-1.05479732244172,-0.546710928019686,-1.04117390802889
884,1998,36,4,20,12,-0.161787335293677,-1.09789423191343,-0.0596451369506434,-1.7025331299951,-0.197041984182085,-0.708983971548177,-0.229412218270045,-0.186958480962471,-1.05479732244172,2.49110824307704
884,1999,20,0,20,0,-0.662146238302307,-0.161787335293677,0.100742345219923,-0.0596451369506434,-0.973347456827387,-0.197041984182085,0.362185054022264,1.95109634657188,-0.186958480962471,0.9792365052496
884,2000,408,328,80,0,0.101164040161309,-0.662146238302307,-0.482287826454164,0.100742345219923,0.374696505806684,-0.973347456827387,-0.236545625894148,-0.352342307334746,1.95109634657188,0.303475652735818
884,2001,0,0,0,0,-1.05657330148479,0.101164040161309,-1.16285092647522,-0.482287826454164,-0.912501892755187,0.374696505806684,0.521497824293908,0.212008687811881,-0.352342307334746,1.29077371183222
884,2002,376,144,228,4,-0.0370732543635989,-1.05657330148479,-0.289389368167941,-1.16285092647522,0.0883027300875385,-0.912501892755187,0.473466212958276,-0.103414073825962,0.212008687811881,-0.521181658806425
884,2003,0,0,0,0,0.0733663233274958,-0.0370732543635989,0.0248834009500607,-0.289389368167941,0.0904008529865809,0.0883027300875385,1.09977940235456,0.604155904983252,-0.103414073825962,-0.814393147354778
884,2004,708,536,168,4,1.02975804033949,0.0733663233274958,-0.191856439820975,0.0248834009500607,1.53076222317847,0.0904008529865809,-0.35448463194599,-1.39749989049149,0.604155904983252,-0.690694550623442
884,2005,0,0,0,0,-0.848466070053269,1.02975804033949,-1.49229548444719,-0.191856439820975,-0.462454530910818,1.53076222317847,-0.384444943967224,0.766129755554036,-1.39749989049149,0.170614196987345
884,2006,120,48,56,16,0.316032878390239,-0.848466070053269,0.319649584398668,-1.49229548444719,0.286575344046948,-0.462454530910818,1.50590807642018,1.09178244459635,0.766129755554036,0.889898629832524
884,2007,152,24,112,16,2.20026730593625,0.316032878390239,1.6027494417632,0.319649584398668,2.29657708132857,0.286575344046948,0.355527206906436,-1.93286609132545,1.09178244459635,-0.461623075195041
884,2008,4,0,4,0,0.395669580670893,2.20026730593625,1.31448545353772,1.6027494417632,-0.0837433476338508,2.29657708132857,0.913359683111323,1.77889256859662,-1.93286609132545,0.47069782979855
884,2009,52,20,12,20,0.346835753800683,0.395669580670893,0.415015114337925,1.31448545353772,0.283428159698386,-0.0837433476338508,0.371696264187735,0.343292756169253,1.77889256859662,-0.851044583423322
884,2010,0,0,0,0,0.0365531307637987,0.346835753800683,0.347825763698904,0.415015114337925,-0.117313314018514,0.283428159698386,-0.406320727347809,0.239288494223802,0.343292756169253,-0.454750930932189
884,2011,340,156,116,68,1.04403254357847,0.0365531307637987,0.50821324586947,0.347825763698904,1.21184754252419,-0.117313314018514,-0.54803775881333,-0.868953641260509,0.239288494223802,-1.671120465457
884,2012,188,0,104,84,-0.852222518274054,1.04403254357847,-0.497459615308135,0.50821324586947,-0.949219043488411,1.21184754252419,0.179569818845217,2.51203736591701,-0.868953641260509,-0.862498157194742
884,2013,204,48,96,60,-0.765824209195988,-0.852222518274054,-0.291556766575652,-0.497459615308135,-0.928237814497998,-0.949219043488411,-0.324999880433029,0.614385832387722,2.51203736591701,-1.04346462278318
884,2014,456,148,232,76,0.17554171493286,-0.765824209195988,-0.0336363560581194,-0.291556766575652,0.261397869258452,-0.928237814497998,0.155316232923267,-0.959317999999999,0.614385832387722,-0.484530222737881
884,2015,84,0,80,4,0.906546538697723,0.17554171493286,1.18660894748281,-0.0336363560581194,0.691513063561931,0.261397869258452,-0.192318498624706,0.358637647275958,-0.959317999999999,-0.564705239137821
884,2016,380,252,68,60,-0.179818286753447,0.906546538697723,-0.581988153208839,1.18660894748281,0.0306043503639035,0.691513063561931,0.868181434825334,-0.374507150044432,0.358637647275958,0.743292885558347
884,2017,124,0,96,28,0.766055375240345,-0.179818286753447,1.81081968890339,-0.581988153208839,0.193208875039607,0.0306043503639035,0.921919772260247,1.38674535142525,-0.374507150044432,-0.431843783389348
884,2018,492,160,240,92,0.837427891435269,0.766055375240345,1.080406425505,1.81081968890339,0.646403421232542,0.193208875039607,2.24825802983521,0.789999586164467,1.38674535142525,0.775362892118323
884,2019,28,0,20,8,1.83664311816422,0.837427891435269,1.68077578444077,1.080406425505,1.75106512757782,0.646403421232542,0.519595582260815,-2.20395916754392,0.789999586164467,0.809723613432583
884,2020,88,4,40,44,1.2326062442619,1.83664311816422,1.05006284779706,1.68077578444077,1.21289660397371,1.75106512757782,0.800651842650487,0.476281812427369,-2.20395916754392,-0.578449527663525
884,2021,60,0,56,4,0.191318797460161,1.2326062442619,0.352160560514324,1.05006284779706,0.0966952216837061,1.21289660397371,-0.236545625894148,-0.299487682411648,0.476281812427369,-0.599065960452081
884,2022,220,60,132,28,0.866728187557396,0.191318797460161,1.12808919047463,0.352160560514324,0.664237465874393,0.0966952216837061,1.05745451711821,0.080724619454508,-0.299487682411648,-0.686113121114873
884,2023,48,0,36,12,0.381395077431906,0.866728187557396,-0.46711603760019,1.12808919047463,0.758652996331254,0.664237465874393,1.10405944692902,-0.659240129468862,0.080724619454508,1.43050731184355
884,2024,132,60,56,16,1.5128372815325,0.381395077431906,1.70461716692559,-0.46711603760019,1.28737996688968,0.758652996331254,1.14162872708263,-0.186958480962471,-0.659240129468862,1.1647844003466
884,2025,8,0,0,8,-0.188082472839174,1.5128372815325,-0.174517252559292,1.70461716692559,-0.178158878090712,1.28737996688968,1.19869598807546,-0.0335095698954131,-0.186958480962471,-1.52451472118282
885,1983,656,288,360,8,0.908800407630193,-1.34581981448527,1.3101506567223,-0.58632295002426,0.634863745287814,-1.59544089639315,0.494866435830588,-0.589335625538314,0.409787284298311,1.38240230200359
886,1979,48,36,8,4,-1.44874649573479,-0.813155456777886,-1.59633060801729,-0.298058961798782,-1.25029967950085,-0.99118150146924,-1.81350427132927,-0.204008359969922,-0.770064343017293,1.65041592825481
886,1980,0,0,0,0,-1.26242666398383,-1.44874649573479,-1.07398759175909,-1.59633060801729,-1.2429562493542,-1.25029967950085,-1.14676843872974,-0.558645843324902,-0.204008359969922,0.502767836358527
886,1981,0,0,0,0,-1.17978480312655,-1.26242666398383,-0.857247750988055,-1.07398759175909,-1.23246563485899,-1.2429562493542,-0.999820241673213,1.58111397211019,-0.558645843324902,1.0365043741067
886,1984,72,0,72,0,1.40164641419725,0.908800407630193,1.03055626212767,1.3101506567223,1.45837698316155,0.634863745287814,-1.55384823381191,-1.54753882575706,-0.589335625538314,-0.837300294897618
886,1985,0,0,0,0,-1.66136146503125,1.40164641419725,-1.58549361597874,1.03055626212767,-1.5524293769628,1.45837698316155,-1.10539467450994,-0.342112379930275,-1.54753882575706,0.143125619935937
886,1992,480,252,176,52,-0.885279262616967,-0.839450594323384,-0.2807197745371,-1.00463084271236,-1.10028389221939,-0.685904619658721,1.38844463087661,1.13611213001572,-0.810984052635176,0.644792151124135
886,1995,528,280,200,48,1.08234831543049,-0.7936219260298,1.00021268441972,-0.33707213313757,1.02721272740855,-0.945022797690328,0.84250116737856,-0.473396448287647,1.51973440768337,0.044624885501725
886,1996,0,0,0,0,0.497844972276258,1.08234831543049,0.644759345555222,1.00021268441972,0.38308899740285,1.02721272740855,-1.41974017047877,-0.546710928019686,-0.473396448287647,-1.97807624253105
886,1997,0,0,0,0,-1.09789423191343,0.497844972276258,-1.7025331299951,0.644759345555222,-0.708983971548177,0.38308899740285,0.680335034057278,-1.05479732244172,-0.546710928019686,-1.04117390802889
886,1999,36,0,36,0,-0.662146238302307,-0.161787335293677,0.100742345219923,-0.0596451369506434,-0.973347456827387,-0.197041984182085,0.362185054022264,1.95109634657188,-0.186958480962471,0.9792365052496
886,2000,476,316,156,4,0.101164040161309,-0.662146238302307,-0.482287826454164,0.100742345219923,0.374696505806684,-0.973347456827387,-0.236545625894148,-0.352342307334746,1.95109634657188,0.303475652735818
886,2001,0,0,0,0,-1.05657330148479,0.101164040161309,-1.16285092647522,-0.482287826454164,-0.912501892755187,0.374696505806684,0.521497824293908,0.212008687811881,-0.352342307334746,1.29077371183222
886,2002,148,32,116,0,-0.0370732543635989,-1.05657330148479,-0.289389368167941,-1.16285092647522,0.0883027300875385,-0.912501892755187,0.473466212958276,-0.103414073825962,0.212008687811881,-0.521181658806425
886,2003,8,0,8,0,0.0733663233274958,-0.0370732543635989,0.0248834009500607,-0.289389368167941,0.0904008529865809,0.0883027300875385,1.09977940235456,0.604155904983252,-0.103414073825962,-0.814393147354778
886,2004,1168,600,548,20,1.02975804033949,0.0733663233274958,-0.191856439820975,0.0248834009500607,1.53076222317847,0.0904008529865809,-0.35448463194599,-1.39749989049149,0.604155904983252,-0.690694550623442
886,2005,0,0,0,0,-0.848466070053269,1.02975804033949,-1.49229548444719,-0.191856439820975,-0.462454530910818,1.53076222317847,-0.384444943967224,0.766129755554036,-1.39749989049149,0.170614196987345
886,2006,168,52,88,28,0.316032878390239,-0.848466070053269,0.319649584398668,-1.49229548444719,0.286575344046948,-0.462454530910818,1.50590807642018,1.09178244459635,0.766129755554036,0.889898629832524
886,2008,28,0,28,0,0.395669580670893,2.20026730593625,1.31448545353772,1.6027494417632,-0.0837433476338508,2.29657708132857,0.913359683111323,1.77889256859662,-1.93286609132545,0.47069782979855
886,2009,108,40,52,16,0.346835753800683,0.395669580670893,0.415015114337925,1.31448545353772,0.283428159698386,-0.0837433476338508,0.371696264187735,0.343292756169253,1.77889256859662,-0.851044583423322
886,2010,68,0,28,40,0.0365531307637987,0.346835753800683,0.347825763698904,0.415015114337925,-0.117313314018514,0.283428159698386,-0.406320727347809,0.239288494223802,0.343292756169253,-0.454750930932189
886,2011,656,408,176,72,1.04403254357847,0.0365531307637987,0.50821324586947,0.347825763698904,1.21184754252419,-0.117313314018514,-0.54803775881333,-0.868953641260509,0.239288494223802,-1.671120465457
886,2012,128,0,104,24,-0.852222518274054,1.04403254357847,-0.497459615308135,0.50821324586947,-0.949219043488411,1.21184754252419,0.179569818845217,2.51203736591701,-0.868953641260509,-0.862498157194742
886,2013,288,20,160,108,-0.765824209195988,-0.852222518274054,-0.291556766575652,-0.497459615308135,-0.928237814497998,-0.949219043488411,-0.324999880433029,0.614385832387722,2.51203736591701,-1.04346462278318
886,2014,988,300,540,148,0.17554171493286,-0.765824209195988,-0.0336363560581194,-0.291556766575652,0.261397869258452,-0.928237814497998,0.155316232923267,-0.959317999999999,0.614385832387722,-0.484530222737881
886,2015,76,0,52,24,0.906546538697723,0.17554171493286,1.18660894748281,-0.0336363560581194,0.691513063561931,0.261397869258452,-0.192318498624706,0.358637647275958,-0.959317999999999,-0.564705239137821
886,2016,564,428,92,44,-0.179818286753447,0.906546538697723,-0.581988153208839,1.18660894748281,0.0306043503639035,0.691513063561931,0.868181434825334,-0.374507150044432,0.358637647275958,0.743292885558347
886,2017,56,0,48,8,0.766055375240345,-0.179818286753447,1.81081968890339,-0.581988153208839,0.193208875039607,0.0306043503639035,0.921919772260247,1.38674535142525,-0.374507150044432,-0.431843783389348
886,2018,576,312,192,72,0.837427891435269,0.766055375240345,1.080406425505,1.81081968890339,0.646403421232542,0.193208875039607,2.24825802983521,0.789999586164467,1.38674535142525,0.775362892118323
886,2019,124,0,80,44,1.83664311816422,0.837427891435269,1.68077578444077,1.080406425505,1.75106512757782,0.646403421232542,0.519595582260815,-2.20395916754392,0.789999586164467,0.809723613432583
886,2020,112,20,52,40,1.2326062442619,1.83664311816422,1.05006284779706,1.68077578444077,1.21289660397371,1.75106512757782,0.800651842650487,0.476281812427369,-2.20395916754392,-0.578449527663525
886,2021,136,0,104,32,0.191318797460161,1.2326062442619,0.352160560514324,1.05006284779706,0.0966952216837061,1.21289660397371,-0.236545625894148,-0.299487682411648,0.476281812427369,-0.599065960452081
886,2022,348,72,212,64,0.866728187557396,0.191318797460161,1.12808919047463,0.352160560514324,0.664237465874393,0.0966952216837061,1.05745451711821,0.080724619454508,-0.299487682411648,-0.686113121114873
886,2023,156,4,92,60,0.381395077431906,0.866728187557396,-0.46711603760019,1.12808919047463,0.758652996331254,0.664237465874393,1.10405944692902,-0.659240129468862,0.080724619454508,1.43050731184355
886,2024,668,136,444,88,1.5128372815325,0.381395077431906,1.70461716692559,-0.46711603760019,1.28737996688968,0.758652996331254,1.14162872708263,-0.186958480962471,-0.659240129468862,1.1647844003466
886,2025,0,0,0,0,-0.188082472839174,1.5128372815325,-0.174517252559292,1.70461716692559,-0.178158878090712,1.28737996688968,1.19869598807546,-0.0335095698954131,-0.186958480962471,-1.52451472118282
887,1976,284,164,120,0,-0.311293974480939,-1.69066176115338,-0.982956858635256,-1.63534377935607,0.0410949648591091,-1.56921436015513,1.02559196306388,-0.61491044404949,0.391032417390115,-1.46724685232572
887,1977,0,0,0,0,1.35281258732704,-0.311293974480939,0.56890040128536,-0.982956858635256,1.61363807769061,0.0410949648591091,-1.27279197342224,-0.828033931642627,-0.61491044404949,-0.0424222751610675
887,1978,0,0,0,0,-0.813155456777886,1.35281258732704,-0.298058961798782,0.56890040128536,-0.99118150146924,1.61363807769061,-1.80969978726309,-0.770064343017293,-0.828033931642627,0.324092085524374
887,1979,0,0,0,0,-1.44874649573479,-0.813155456777886,-1.59633060801729,-0.298058961798782,-1.25029967950085,-0.99118150146924,-1.81350427132927,-0.204008359969922,-0.770064343017293,1.65041592825481
887,1980,0,0,0,0,-1.26242666398383,-1.44874649573479,-1.07398759175909,-1.59633060801729,-1.2429562493542,-1.25029967950085,-1.14676843872974,-0.558645843324902,-0.204008359969922,0.502767836358527
887,1981,0,0,0,0,-1.17978480312655,-1.26242666398383,-0.857247750988055,-1.07398759175909,-1.23246563485899,-1.2429562493542,-0.999820241673213,1.58111397211019,-0.558645843324902,1.0365043741067
887,1983,484,160,324,0,0.908800407630193,-1.34581981448527,1.3101506567223,-0.58632295002426,0.634863745287814,-1.59544089639315,0.494866435830588,-0.589335625538314,0.409787284298311,1.38240230200359
887,1984,16,0,16,0,1.40164641419725,0.908800407630193,1.03055626212767,1.3101506567223,1.45837698316155,0.634863745287814,-1.55384823381191,-1.54753882575706,-0.589335625538314,-0.837300294897618
887,1985,0,0,0,0,-1.66136146503125,1.40164641419725,-1.58549361597874,1.03055626212767,-1.5524293769628,1.45837698316155,-1.10539467450994,-0.342112379930275,-1.54753882575706,0.143125619935937
887,1986,172,112,40,20,-1.16701287917588,-1.66136146503125,-1.2430446675605,-1.58549361597874,-1.02789865220246,-1.5524293769628,-0.558024529487074,0.530841425251213,-0.342112379930275,-0.298982327640876
887,1987,284,284,0,0,-0.0611145229766259,-1.16701287917588,-0.679521081555805,-1.2430446675605,0.243563824616599,-1.02789865220246,-2.02560425801928,-1.0803721409529,0.530841425251213,0.598977856038455
887,1988,0,0,0,0,-1.3435659455528,-0.0611145229766259,-1.08482458379764,-0.679521081555805,-1.35100957865483,0.243563824616599,-0.526161975432745,1.63567358493403,-1.0803721409529,0.39052281339861
887,1989,8,0,8,0,-1.10390454906668,-1.3435659455528,-0.259045790459996,-1.08482458379764,-1.41605138852511,-1.35100957865483,0.301788869471523,0.30237304655137,1.63567358493403,1.88635954794607
887,1990,724,588,108,28,0.0155170207273984,-1.10390454906668,-0.870252141434317,-0.259045790459996,0.442885500025529,-1.41605138852511,-0.125264466958135,-0.793934173627725,0.30237304655137,-0.566995953892105
887,1991,0,0,0,0,-0.839450594323384,0.0155170207273984,-1.00463084271236,-0.870252141434317,-0.685904619658721,0.442885500025529,-1.40880227878847,-0.810984052635176,-0.793934173627725,-1.28169895722872
887,1992,500,400,48,52,-0.885279262616967,-0.839450594323384,-0.2807197745371,-1.00463084271236,-1.10028389221939,-0.685904619658721,1.38844463087661,1.13611213001572,-0.810984052635176,0.644792151124135
887,1993,4,0,4,0,0.872738504710653,-0.885279262616967,1.2256221188216,-0.2807197745371,0.625422192242126,-1.10028389221939,-0.866663299356616,-0.239813105885569,1.13611213001572,-1.13509321295454
887,1994,0,0,0,0,-0.7936219260298,0.872738504710653,-0.33707213313757,1.2256221188216,-0.945022797690328,0.625422192242126,0.482977423123751,1.51973440768337,-0.239813105885569,1.22663369871227
887,1995,88,60,24,4,1.08234831543049,-0.7936219260298,1.00021268441972,-0.33707213313757,1.02721272740855,-0.945022797690328,0.84250116737856,-0.473396448287647,1.51973440768337,0.044624885501725
887,1996,0,0,0,0,0.497844972276258,1.08234831543049,0.644759345555222,1.00021268441972,0.38308899740285,1.02721272740855,-1.41974017047877,-0.546710928019686,-0.473396448287647,-1.97807624253105
887,1997,0,0,0,0,-1.09789423191343,0.497844972276258,-1.7025331299951,0.644759345555222,-0.708983971548177,0.38308899740285,0.680335034057278,-1.05479732244172,-0.546710928019686,-1.04117390802889
887,1998,44,0,40,4,-0.161787335293677,-1.09789423191343,-0.0596451369506434,-1.7025331299951,-0.197041984182085,-0.708983971548177,-0.229412218270045,-0.186958480962471,-1.05479732244172,2.49110824307704
887,1999,44,0,40,4,-0.662146238302307,-0.161787335293677,0.100742345219923,-0.0596451369506434,-0.973347456827387,-0.197041984182085,0.362185054022264,1.95109634657188,-0.186958480962471,0.9792365052496
887,2000,196,172,24,0,0.101164040161309,-0.662146238302307,-0.482287826454164,0.100742345219923,0.374696505806684,-0.973347456827387,-0.236545625894148,-0.352342307334746,1.95109634657188,0.303475652735818
887,2001,0,0,0,0,-1.05657330148479,0.101164040161309,-1.16285092647522,-0.482287826454164,-0.912501892755187,0.374696505806684,0.521497824293908,0.212008687811881,-0.352342307334746,1.29077371183222
887,2002,40,20,20,0,-0.0370732543635989,-1.05657330148479,-0.289389368167941,-1.16285092647522,0.0883027300875385,-0.912501892755187,0.473466212958276,-0.103414073825962,0.212008687811881,-0.521181658806425
887,2003,0,0,0,0,0.0733663233274958,-0.0370732543635989,0.0248834009500607,-0.289389368167941,0.0904008529865809,0.0883027300875385,1.09977940235456,0.604155904983252,-0.103414073825962,-0.814393147354778
887,2004,152,120,32,0,1.02975804033949,0.0733663233274958,-0.191856439820975,0.0248834009500607,1.53076222317847,0.0904008529865809,-0.35448463194599,-1.39749989049149,0.604155904983252,-0.690694550623442
887,2005,0,0,0,0,-0.848466070053269,1.02975804033949,-1.49229548444719,-0.191856439820975,-0.462454530910818,1.53076222317847,-0.384444943967224,0.766129755554036,-1.39749989049149,0.170614196987345
887,2006,12,8,4,0,0.316032878390239,-0.848466070053269,0.319649584398668,-1.49229548444719,0.286575344046948,-0.462454530910818,1.50590807642018,1.09178244459635,0.766129755554036,0.889898629832524
887,2007,308,48,228,32,2.20026730593625,0.316032878390239,1.6027494417632,0.319649584398668,2.29657708132857,0.286575344046948,0.355527206906436,-1.93286609132545,1.09178244459635,-0.461623075195041
887,2008,20,0,16,4,0.395669580670893,2.20026730593625,1.31448545353772,1.6027494417632,-0.0837433476338508,2.29657708132857,0.913359683111323,1.77889256859662,-1.93286609132545,0.47069782979855
887,2009,84,28,52,4,0.346835753800683,0.395669580670893,0.415015114337925,1.31448545353772,0.283428159698386,-0.0837433476338508,0.371696264187735,0.343292756169253,1.77889256859662,-0.851044583423322
887,2010,12,0,12,0,0.0365531307637987,0.346835753800683,0.347825763698904,0.415015114337925,-0.117313314018514,0.283428159698386,-0.406320727347809,0.239288494223802,0.343292756169253,-0.454750930932189
887,2011,528,348,156,24,1.04403254357847,0.0365531307637987,0.50821324586947,0.347825763698904,1.21184754252419,-0.117313314018514,-0.54803775881333,-0.868953641260509,0.239288494223802,-1.671120465457
887,2012,48,0,36,12,-0.852222518274054,1.04403254357847,-0.497459615308135,0.50821324586947,-0.949219043488411,1.21184754252419,0.179569818845217,2.51203736591701,-0.868953641260509,-0.862498157194742
887,2013,80,4,68,8,-0.765824209195988,-0.852222518274054,-0.291556766575652,-0.497459615308135,-0.928237814497998,-0.949219043488411,-0.324999880433029,0.614385832387722,2.51203736591701,-1.04346462278318
887,2014,396,112,252,32,0.17554171493286,-0.765824209195988,-0.0336363560581194,-0.291556766575652,0.261397869258452,-0.928237814497998,0.155316232923267,-0.959317999999999,0.614385832387722,-0.484530222737881
887,2015,36,0,20,16,0.906546538697723,0.17554171493286,1.18660894748281,-0.0336363560581194,0.691513063561931,0.261397869258452,-0.192318498624706,0.358637647275958,-0.959317999999999,-0.564705239137821
887,2016,352,244,72,36,-0.179818286753447,0.906546538697723,-0.581988153208839,1.18660894748281,0.0306043503639035,0.691513063561931,0.868181434825334,-0.374507150044432,0.358637647275958,0.743292885558347
887,2017,20,0,16,4,0.766055375240345,-0.179818286753447,1.81081968890339,-0.581988153208839,0.193208875039607,0.0306043503639035,0.921919772260247,1.38674535142525,-0.374507150044432,-0.431843783389348
887,2018,260,36,212,12,0.837427891435269,0.766055375240345,1.080406425505,1.81081968890339,0.646403421232542,0.193208875039607,2.24825802983521,0.789999586164467,1.38674535142525,0.775362892118323
887,2019,20,0,16,4,1.83664311816422,0.837427891435269,1.68077578444077,1.080406425505,1.75106512757782,0.646403421232542,0.519595582260815,-2.20395916754392,0.789999586164467,0.809723613432583
887,2020,56,4,44,8,1.2326062442619,1.83664311816422,1.05006284779706,1.68077578444077,1.21289660397371,1.75106512757782,0.800651842650487,0.476281812427369,-2.20395916754392,-0.578449527663525
887,2021,44,0,40,4,0.191318797460161,1.2326062442619,0.352160560514324,1.05006284779706,0.0966952216837061,1.21289660397371,-0.236545625894148,-0.299487682411648,0.476281812427369,-0.599065960452081
887,2022,224,32,172,20,0.866728187557396,0.191318797460161,1.12808919047463,0.352160560514324,0.664237465874393,0.0966952216837061,1.05745451711821,0.080724619454508,-0.299487682411648,-0.686113121114873
887,2023,8,0,8,0,0.381395077431906,0.866728187557396,-0.46711603760019,1.12808919047463,0.758652996331254,0.664237465874393,1.10405944692902,-0.659240129468862,0.080724619454508,1.43050731184355
887,2024,128,48,64,16,1.5128372815325,0.381395077431906,1.70461716692559,-0.46711603760019,1.28737996688968,0.758652996331254,1.14162872708263,-0.186958480962471,-0.659240129468862,1.1647844003466
887,2025,0,0,0,0,-0.188082472839174,1.5128372815325,-0.174517252559292,1.70461716692559,-0.178158878090712,1.28737996688968,1.19869598807546,-0.0335095698954131,-0.186958480962471,-1.52451472118282
888,1976,132,64,68,0,-0.311293974480939,-1.69066176115338,-0.982956858635256,-1.63534377935607,0.0410949648591091,-1.56921436015513,1.02559196306388,-0.61491044404949,0.391032417390115,-1.46724685232572
888,1977,0,0,0,0,1.35281258732704,-0.311293974480939,0.56890040128536,-0.982956858635256,1.61363807769061,0.0410949648591091,-1.27279197342224,-0.828033931642627,-0.61491044404949,-0.0424222751610675
888,1978,0,0,0,0,-0.813155456777886,1.35281258732704,-0.298058961798782,0.56890040128536,-0.99118150146924,1.61363807769061,-1.80969978726309,-0.770064343017293,-0.828033931642627,0.324092085524374
888,1979,24,4,20,0,-1.44874649573479,-0.813155456777886,-1.59633060801729,-0.298058961798782,-1.25029967950085,-0.99118150146924,-1.81350427132927,-0.204008359969922,-0.770064343017293,1.65041592825481
888,1980,0,0,0,0,-1.26242666398383,-1.44874649573479,-1.07398759175909,-1.59633060801729,-1.2429562493542,-1.25029967950085,-1.14676843872974,-0.558645843324902,-0.204008359969922,0.502767836358527
888,1981,0,0,0,0,-1.17978480312655,-1.26242666398383,-0.857247750988055,-1.07398759175909,-1.23246563485899,-1.2429562493542,-0.999820241673213,1.58111397211019,-0.558645843324902,1.0365043741067
888,1983,336,168,160,8,0.908800407630193,-1.34581981448527,1.3101506567223,-0.58632295002426,0.634863745287814,-1.59544089639315,0.494866435830588,-0.589335625538314,0.409787284298311,1.38240230200359
888,1984,0,0,0,0,1.40164641419725,0.908800407630193,1.03055626212767,1.3101506567223,1.45837698316155,0.634863745287814,-1.55384823381191,-1.54753882575706,-0.589335625538314,-0.837300294897618
888,1985,0,0,0,0,-1.66136146503125,1.40164641419725,-1.58549361597874,1.03055626212767,-1.5524293769628,1.45837698316155,-1.10539467450994,-0.342112379930275,-1.54753882575706,0.143125619935937
888,1986,28,4,24,0,-1.16701287917588,-1.66136146503125,-1.2430446675605,-1.58549361597874,-1.02789865220246,-1.5524293769628,-0.558024529487074,0.530841425251213,-0.342112379930275,-0.298982327640876
888,1987,368,360,0,8,-0.0611145229766259,-1.16701287917588,-0.679521081555805,-1.2430446675605,0.243563824616599,-1.02789865220246,-2.02560425801928,-1.0803721409529,0.530841425251213,0.598977856038455
888,1988,0,0,0,0,-1.3435659455528,-0.0611145229766259,-1.08482458379764,-0.679521081555805,-1.35100957865483,0.243563824616599,-0.526161975432745,1.63567358493403,-1.0803721409529,0.39052281339861
888,1990,1212,960,196,56,0.0155170207273984,-1.10390454906668,-0.870252141434317,-0.259045790459996,0.442885500025529,-1.41605138852511,-0.125264466958135,-0.793934173627725,0.30237304655137,-0.566995953892105
888,1991,0,0,0,0,-0.839450594323384,0.0155170207273984,-1.00463084271236,-0.870252141434317,-0.685904619658721,0.442885500025529,-1.40880227878847,-0.810984052635176,-0.793934173627725,-1.28169895722872
888,1992,56,24,4,28,-0.885279262616967,-0.839450594323384,-0.2807197745371,-1.00463084271236,-1.10028389221939,-0.685904619658721,1.38844463087661,1.13611213001572,-0.810984052635176,0.644792151124135
888,1993,52,12,20,20,0.872738504710653,-0.885279262616967,1.2256221188216,-0.2807197745371,0.625422192242126,-1.10028389221939,-0.866663299356616,-0.239813105885569,1.13611213001572,-1.13509321295454
888,1994,0,0,0,0,-0.7936219260298,0.872738504710653,-0.33707213313757,1.2256221188216,-0.945022797690328,0.625422192242126,0.482977423123751,1.51973440768337,-0.239813105885569,1.22663369871227
888,1995,80,40,20,20,1.08234831543049,-0.7936219260298,1.00021268441972,-0.33707213313757,1.02721272740855,-0.945022797690328,0.84250116737856,-0.473396448287647,1.51973440768337,0.044624885501725
888,1996,0,0,0,0,0.497844972276258,1.08234831543049,0.644759345555222,1.00021268441972,0.38308899740285,1.02721272740855,-1.41974017047877,-0.546710928019686,-0.473396448287647,-1.97807624253105
889,1979,4,0,4,0,-1.44874649573479,-0.813155456777886,-1.59633060801729,-0.298058961798782,-1.25029967950085,-0.99118150146924,-1.81350427132927,-0.204008359969922,-0.770064343017293,1.65041592825481
889,1980,0,0,0,0,-1.26242666398383,-1.44874649573479,-1.07398759175909,-1.59633060801729,-1.2429562493542,-1.25029967950085,-1.14676843872974,-0.558645843324902,-0.204008359969922,0.502767836358527
889,1981,0,0,0,0,-1.17978480312655,-1.26242666398383,-0.857247750988055,-1.07398759175909,-1.23246563485899,-1.2429562493542,-0.999820241673213,1.58111397211019,-0.558645843324902,1.0365043741067
889,1983,436,260,176,0,0.908800407630193,-1.34581981448527,1.3101506567223,-0.58632295002426,0.634863745287814,-1.59544089639315,0.494866435830588,-0.589335625538314,0.409787284298311,1.38240230200359
889,1984,36,4,16,16,1.40164641419725,0.908800407630193,1.03055626212767,1.3101506567223,1.45837698316155,0.634863745287814,-1.55384823381191,-1.54753882575706,-0.589335625538314,-0.837300294897618
889,1985,0,0,0,0,-1.66136146503125,1.40164641419725,-1.58549361597874,1.03055626212767,-1.5524293769628,1.45837698316155,-1.10539467450994,-0.342112379930275,-1.54753882575706,0.143125619935937
890,1979,0,0,0,0,-1.44874649573479,-0.813155456777886,-1.59633060801729,-0.298058961798782,-1.25029967950085,-0.99118150146924,-1.81350427132927,-0.204008359969922,-0.770064343017293,1.65041592825481
890,1980,0,0,0,0,-1.26242666398383,-1.44874649573479,-1.07398759175909,-1.59633060801729,-1.2429562493542,-1.25029967950085,-1.14676843872974,-0.558645843324902,-0.204008359969922,0.502767836358527
890,1981,0,0,0,0,-1.17978480312655,-1.26242666398383,-0.857247750988055,-1.07398759175909,-1.23246563485899,-1.2429562493542,-0.999820241673213,1.58111397211019,-0.558645843324902,1.0365043741067
890,1983,672,324,340,8,0.908800407630193,-1.34581981448527,1.3101506567223,-0.58632295002426,0.634863745287814,-1.59544089639315,0.494866435830588,-0.589335625538314,0.409787284298311,1.38240230200359
890,1984,0,0,0,0,1.40164641419725,0.908800407630193,1.03055626212767,1.3101506567223,1.45837698316155,0.634863745287814,-1.55384823381191,-1.54753882575706,-0.589335625538314,-0.837300294897618
890,1985,0,0,0,0,-1.66136146503125,1.40164641419725,-1.58549361597874,1.03055626212767,-1.5524293769628,1.45837698316155,-1.10539467450994,-0.342112379930275,-1.54753882575706,0.143125619935937
891,1976,88,64,24,0,-0.311293974480939,-1.69066176115338,-0.982956858635256,-1.63534377935607,0.0410949648591091,-1.56921436015513,1.02559196306388,-0.61491044404949,0.391032417390115,-1.46724685232572
891,1977,20,0,20,0,1.35281258732704,-0.311293974480939,0.56890040128536,-0.982956858635256,1.61363807769061,0.0410949648591091,-1.27279197342224,-0.828033931642627,-0.61491044404949,-0.0424222751610675
891,1978,0,0,0,0,-0.813155456777886,1.35281258732704,-0.298058961798782,0.56890040128536,-0.99118150146924,1.61363807769061,-1.80969978726309,-0.770064343017293,-0.828033931642627,0.324092085524374
891,1979,4,0,4,0,-1.44874649573479,-0.813155456777886,-1.59633060801729,-0.298058961798782,-1.25029967950085,-0.99118150146924,-1.81350427132927,-0.204008359969922,-0.770064343017293,1.65041592825481
891,1980,0,0,0,0,-1.26242666398383,-1.44874649573479,-1.07398759175909,-1.59633060801729,-1.2429562493542,-1.25029967950085,-1.14676843872974,-0.558645843324902,-0.204008359969922,0.502767836358527
891,1981,0,0,0,0,-1.17978480312655,-1.26242666398383,-0.857247750988055,-1.07398759175909,-1.23246563485899,-1.2429562493542,-0.999820241673213,1.58111397211019,-0.558645843324902,1.0365043741067
891,1983,916,592,320,4,0.908800407630193,-1.34581981448527,1.3101506567223,-0.58632295002426,0.634863745287814,-1.59544089639315,0.494866435830588,-0.589335625538314,0.409787284298311,1.38240230200359
891,1984,0,0,0,0,1.40164641419725,0.908800407630193,1.03055626212767,1.3101506567223,1.45837698316155,0.634863745287814,-1.55384823381191,-1.54753882575706,-0.589335625538314,-0.837300294897618
891,1985,0,0,0,0,-1.66136146503125,1.40164641419725,-1.58549361597874,1.03055626212767,-1.5524293769628,1.45837698316155,-1.10539467450994,-0.342112379930275,-1.54753882575706,0.143125619935937
891,1986,12,0,8,4,-1.16701287917588,-1.66136146503125,-1.2430446675605,-1.58549361597874,-1.02789865220246,-1.5524293769628,-0.558024529487074,0.530841425251213,-0.342112379930275,-0.298982327640876
891,1987,432,416,0,16,-0.0611145229766259,-1.16701287917588,-0.679521081555805,-1.2430446675605,0.243563824616599,-1.02789865220246,-2.02560425801928,-1.0803721409529,0.530841425251213,0.598977856038455
891,1988,0,0,0,0,-1.3435659455528,-0.0611145229766259,-1.08482458379764,-0.679521081555805,-1.35100957865483,0.243563824616599,-0.526161975432745,1.63567358493403,-1.0803721409529,0.39052281339861
891,1990,908,680,124,104,0.0155170207273984,-1.10390454906668,-0.870252141434317,-0.259045790459996,0.442885500025529,-1.41605138852511,-0.125264466958135,-0.793934173627725,0.30237304655137,-0.566995953892105
891,1991,0,0,0,0,-0.839450594323384,0.0155170207273984,-1.00463084271236,-0.870252141434317,-0.685904619658721,0.442885500025529,-1.40880227878847,-0.810984052635176,-0.793934173627725,-1.28169895722872
891,1992,24,8,12,4,-0.885279262616967,-0.839450594323384,-0.2807197745371,-1.00463084271236,-1.10028389221939,-0.685904619658721,1.38844463087661,1.13611213001572,-0.810984052635176,0.644792151124135
891,1993,0,0,0,0,0.872738504710653,-0.885279262616967,1.2256221188216,-0.2807197745371,0.625422192242126,-1.10028389221939,-0.866663299356616,-0.239813105885569,1.13611213001572,-1.13509321295454
891,1994,0,0,0,0,-0.7936219260298,0.872738504710653,-0.33707213313757,1.2256221188216,-0.945022797690328,0.625422192242126,0.482977423123751,1.51973440768337,-0.239813105885569,1.22663369871227
891,1995,60,48,4,8,1.08234831543049,-0.7936219260298,1.00021268441972,-0.33707213313757,1.02721272740855,-0.945022797690328,0.84250116737856,-0.473396448287647,1.51973440768337,0.044624885501725
891,1996,0,0,0,0,0.497844972276258,1.08234831543049,0.644759345555222,1.00021268441972,0.38308899740285,1.02721272740855,-1.41974017047877,-0.546710928019686,-0.473396448287647,-1.97807624253105
891,1997,0,0,0,0,-1.09789423191343,0.497844972276258,-1.7025331299951,0.644759345555222,-0.708983971548177,0.38308899740285,0.680335034057278,-1.05479732244172,-0.546710928019686,-1.04117390802889
891,1998,0,0,0,0,-0.161787335293677,-1.09789423191343,-0.0596451369506434,-1.7025331299951,-0.197041984182085,-0.708983971548177,-0.229412218270045,-0.186958480962471,-1.05479732244172,2.49110824307704
891,1999,32,0,28,4,-0.662146238302307,-0.161787335293677,0.100742345219923,-0.0596451369506434,-0.973347456827387,-0.197041984182085,0.362185054022264,1.95109634657188,-0.186958480962471,0.9792365052496
891,2000,0,0,0,0,0.101164040161309,-0.662146238302307,-0.482287826454164,0.100742345219923,0.374696505806684,-0.973347456827387,-0.236545625894148,-0.352342307334746,1.95109634657188,0.303475652735818
891,2001,0,0,0,0,-1.05657330148479,0.101164040161309,-1.16285092647522,-0.482287826454164,-0.912501892755187,0.374696505806684,0.521497824293908,0.212008687811881,-0.352342307334746,1.29077371183222
891,2002,20,0,20,0,-0.0370732543635989,-1.05657330148479,-0.289389368167941,-1.16285092647522,0.0883027300875385,-0.912501892755187,0.473466212958276,-0.103414073825962,0.212008687811881,-0.521181658806425
891,2003,0,0,0,0,0.0733663233274958,-0.0370732543635989,0.0248834009500607,-0.289389368167941,0.0904008529865809,0.0883027300875385,1.09977940235456,0.604155904983252,-0.103414073825962,-0.814393147354778
891,2004,204,168,20,16,1.02975804033949,0.0733663233274958,-0.191856439820975,0.0248834009500607,1.53076222317847,0.0904008529865809,-0.35448463194599,-1.39749989049149,0.604155904983252,-0.690694550623442
891,2005,0,0,0,0,-0.848466070053269,1.02975804033949,-1.49229548444719,-0.191856439820975,-0.462454530910818,1.53076222317847,-0.384444943967224,0.766129755554036,-1.39749989049149,0.170614196987345
891,2006,0,0,0,0,0.316032878390239,-0.848466070053269,0.319649584398668,-1.49229548444719,0.286575344046948,-0.462454530910818,1.50590807642018,1.09178244459635,0.766129755554036,0.889898629832524
891,2007,32,16,12,4,2.20026730593625,0.316032878390239,1.6027494417632,0.319649584398668,2.29657708132857,0.286575344046948,0.355527206906436,-1.93286609132545,1.09178244459635,-0.461623075195041
891,2009,4,0,4,0,0.346835753800683,0.395669580670893,0.415015114337925,1.31448545353772,0.283428159698386,-0.0837433476338508,0.371696264187735,0.343292756169253,1.77889256859662,-0.851044583423322
891,2010,0,0,0,0,0.0365531307637987,0.346835753800683,0.347825763698904,0.415015114337925,-0.117313314018514,0.283428159698386,-0.406320727347809,0.239288494223802,0.343292756169253,-0.454750930932189
891,2011,36,32,4,0,1.04403254357847,0.0365531307637987,0.50821324586947,0.347825763698904,1.21184754252419,-0.117313314018514,-0.54803775881333,-0.868953641260509,0.239288494223802,-1.671120465457
891,2012,56,0,24,32,-0.852222518274054,1.04403254357847,-0.497459615308135,0.50821324586947,-0.949219043488411,1.21184754252419,0.179569818845217,2.51203736591701,-0.868953641260509,-0.862498157194742
891,2013,36,0,32,4,-0.765824209195988,-0.852222518274054,-0.291556766575652,-0.497459615308135,-0.928237814497998,-0.949219043488411,-0.324999880433029,0.614385832387722,2.51203736591701,-1.04346462278318
891,2014,120,52,60,8,0.17554171493286,-0.765824209195988,-0.0336363560581194,-0.291556766575652,0.261397869258452,-0.928237814497998,0.155316232923267,-0.959317999999999,0.614385832387722,-0.484530222737881
891,2015,16,0,12,4,0.906546538697723,0.17554171493286,1.18660894748281,-0.0336363560581194,0.691513063561931,0.261397869258452,-0.192318498624706,0.358637647275958,-0.959317999999999,-0.564705239137821
891,2016,16,8,4,4,-0.179818286753447,0.906546538697723,-0.581988153208839,1.18660894748281,0.0306043503639035,0.691513063561931,0.868181434825334,-0.374507150044432,0.358637647275958,0.743292885558347
891,2017,4,0,4,0,0.766055375240345,-0.179818286753447,1.81081968890339,-0.581988153208839,0.193208875039607,0.0306043503639035,0.921919772260247,1.38674535142525,-0.374507150044432,-0.431843783389348
891,2018,116,40,44,32,0.837427891435269,0.766055375240345,1.080406425505,1.81081968890339,0.646403421232542,0.193208875039607,2.24825802983521,0.789999586164467,1.38674535142525,0.775362892118323
891,2019,20,0,16,4,1.83664311816422,0.837427891435269,1.68077578444077,1.080406425505,1.75106512757782,0.646403421232542,0.519595582260815,-2.20395916754392,0.789999586164467,0.809723613432583
891,2020,32,0,12,20,1.2326062442619,1.83664311816422,1.05006284779706,1.68077578444077,1.21289660397371,1.75106512757782,0.800651842650487,0.476281812427369,-2.20395916754392,-0.578449527663525
891,2021,8,0,4,4,0.191318797460161,1.2326062442619,0.352160560514324,1.05006284779706,0.0966952216837061,1.21289660397371,-0.236545625894148,-0.299487682411648,0.476281812427369,-0.599065960452081
891,2022,16,0,4,12,0.866728187557396,0.191318797460161,1.12808919047463,0.352160560514324,0.664237465874393,0.0966952216837061,1.05745451711821,0.080724619454508,-0.299487682411648,-0.686113121114873
891,2023,60,20,32,8,0.381395077431906,0.866728187557396,-0.46711603760019,1.12808919047463,0.758652996331254,0.664237465874393,1.10405944692902,-0.659240129468862,0.080724619454508,1.43050731184355
891,2024,28,8,8,12,1.5128372815325,0.381395077431906,1.70461716692559,-0.46711603760019,1.28737996688968,0.758652996331254,1.14162872708263,-0.186958480962471,-0.659240129468862,1.1647844003466
891,2025,0,0,0,0,-0.188082472839174,1.5128372815325,-0.174517252559292,1.70461716692559,-0.178158878090712,1.28737996688968,1.19869598807546,-0.0335095698954131,-0.186958480962471,-1.52451472118282
892,1976,140,36,104,0,-0.311293974480939,-1.69066176115338,-0.982956858635256,-1.63534377935607,0.0410949648591091,-1.56921436015513,1.02559196306388,-0.61491044404949,0.391032417390115,-1.46724685232572
892,1977,0,0,0,0,1.35281258732704,-0.311293974480939,0.56890040128536,-0.982956858635256,1.61363807769061,0.0410949648591091,-1.27279197342224,-0.828033931642627,-0.61491044404949,-0.0424222751610675
892,1978,0,0,0,0,-0.813155456777886,1.35281258732704,-0.298058961798782,0.56890040128536,-0.99118150146924,1.61363807769061,-1.80969978726309,-0.770064343017293,-0.828033931642627,0.324092085524374
892,1979,0,0,0,0,-1.44874649573479,-0.813155456777886,-1.59633060801729,-0.298058961798782,-1.25029967950085,-0.99118150146924,-1.81350427132927,-0.204008359969922,-0.770064343017293,1.65041592825481
892,1980,0,0,0,0,-1.26242666398383,-1.44874649573479,-1.07398759175909,-1.59633060801729,-1.2429562493542,-1.25029967950085,-1.14676843872974,-0.558645843324902,-0.204008359969922,0.502767836358527
892,1981,0,0,0,0,-1.17978480312655,-1.26242666398383,-0.857247750988055,-1.07398759175909,-1.23246563485899,-1.2429562493542,-0.999820241673213,1.58111397211019,-0.558645843324902,1.0365043741067
892,1984,0,0,0,0,1.40164641419725,0.908800407630193,1.03055626212767,1.3101506567223,1.45837698316155,0.634863745287814,-1.55384823381191,-1.54753882575706,-0.589335625538314,-0.837300294897618
892,1985,24,0,20,4,-1.66136146503125,1.40164641419725,-1.58549361597874,1.03055626212767,-1.5524293769628,1.45837698316155,-1.10539467450994,-0.342112379930275,-1.54753882575706,0.143125619935937
893,1976,536,72,464,0,-0.311293974480939,-1.69066176115338,-0.982956858635256,-1.63534377935607,0.0410949648591091,-1.56921436015513,1.02559196306388,-0.61491044404949,0.391032417390115,-1.46724685232572
893,1977,0,0,0,0,1.35281258732704,-0.311293974480939,0.56890040128536,-0.982956858635256,1.61363807769061,0.0410949648591091,-1.27279197342224,-0.828033931642627,-0.61491044404949,-0.0424222751610675
893,1978,0,0,0,0,-0.813155456777886,1.35281258732704,-0.298058961798782,0.56890040128536,-0.99118150146924,1.61363807769061,-1.80969978726309,-0.770064343017293,-0.828033931642627,0.324092085524374
893,1979,112,16,88,8,-1.44874649573479,-0.813155456777886,-1.59633060801729,-0.298058961798782,-1.25029967950085,-0.99118150146924,-1.81350427132927,-0.204008359969922,-0.770064343017293,1.65041592825481
893,1980,0,0,0,0,-1.26242666398383,-1.44874649573479,-1.07398759175909,-1.59633060801729,-1.2429562493542,-1.25029967950085,-1.14676843872974,-0.558645843324902,-0.204008359969922,0.502767836358527
893,1981,0,0,0,0,-1.17978480312655,-1.26242666398383,-0.857247750988055,-1.07398759175909,-1.23246563485899,-1.2429562493542,-0.999820241673213,1.58111397211019,-0.558645843324902,1.0365043741067
893,1984,0,0,0,0,1.40164641419725,0.908800407630193,1.03055626212767,1.3101506567223,1.45837698316155,0.634863745287814,-1.55384823381191,-1.54753882575706,-0.589335625538314,-0.837300294897618
893,1985,72,0,36,36,-1.66136146503125,1.40164641419725,-1.58549361597874,1.03055626212767,-1.5524293769628,1.45837698316155,-1.10539467450994,-0.342112379930275,-1.54753882575706,0.143125619935937
894,1976,80,32,48,0,-0.311293974480939,-1.69066176115338,-0.982956858635256,-1.63534377935607,0.0410949648591091,-1.56921436015513,1.02559196306388,-0.61491044404949,0.391032417390115,-1.46724685232572
894,1977,4,0,4,0,1.35281258732704,-0.311293974480939,0.56890040128536,-0.982956858635256,1.61363807769061,0.0410949648591091,-1.27279197342224,-0.828033931642627,-0.61491044404949,-0.0424222751610675
894,1978,0,0,0,0,-0.813155456777886,1.35281258732704,-0.298058961798782,0.56890040128536,-0.99118150146924,1.61363807769061,-1.80969978726309,-0.770064343017293,-0.828033931642627,0.324092085524374
894,1979,96,20,72,4,-1.44874649573479,-0.813155456777886,-1.59633060801729,-0.298058961798782,-1.25029967950085,-0.99118150146924,-1.81350427132927,-0.204008359969922,-0.770064343017293,1.65041592825481
894,1980,0,0,0,0,-1.26242666398383,-1.44874649573479,-1.07398759175909,-1.59633060801729,-1.2429562493542,-1.25029967950085,-1.14676843872974,-0.558645843324902,-0.204008359969922,0.502767836358527
894,1981,0,0,0,0,-1.17978480312655,-1.26242666398383,-0.857247750988055,-1.07398759175909,-1.23246563485899,-1.2429562493542,-0.999820241673213,1.58111397211019,-0.558645843324902,1.0365043741067
894,1983,960,656,304,0,0.908800407630193,-1.34581981448527,1.3101506567223,-0.58632295002426,0.634863745287814,-1.59544089639315,0.494866435830588,-0.589335625538314,0.409787284298311,1.38240230200359
894,1984,0,0,0,0,1.40164641419725,0.908800407630193,1.03055626212767,1.3101506567223,1.45837698316155,0.634863745287814,-1.55384823381191,-1.54753882575706,-0.589335625538314,-0.837300294897618
894,1985,0,0,0,0,-1.66136146503125,1.40164641419725,-1.58549361597874,1.03055626212767,-1.5524293769628,1.45837698316155,-1.10539467450994,-0.342112379930275,-1.54753882575706,0.143125619935937
894,1986,36,8,24,4,-1.16701287917588,-1.66136146503125,-1.2430446675605,-1.58549361597874,-1.02789865220246,-1.5524293769628,-0.558024529487074,0.530841425251213,-0.342112379930275,-0.298982327640876
894,1987,788,788,0,0,-0.0611145229766259,-1.16701287917588,-0.679521081555805,-1.2430446675605,0.243563824616599,-1.02789865220246,-2.02560425801928,-1.0803721409529,0.530841425251213,0.598977856038455
894,1988,0,0,0,0,-1.3435659455528,-0.0611145229766259,-1.08482458379764,-0.679521081555805,-1.35100957865483,0.243563824616599,-0.526161975432745,1.63567358493403,-1.0803721409529,0.39052281339861
894,1990,912,728,160,24,0.0155170207273984,-1.10390454906668,-0.870252141434317,-0.259045790459996,0.442885500025529,-1.41605138852511,-0.125264466958135,-0.793934173627725,0.30237304655137,-0.566995953892105
894,1991,0,0,0,0,-0.839450594323384,0.0155170207273984,-1.00463084271236,-0.870252141434317,-0.685904619658721,0.442885500025529,-1.40880227878847,-0.810984052635176,-0.793934173627725,-1.28169895722872
894,1992,524,320,168,36,-0.885279262616967,-0.839450594323384,-0.2807197745371,-1.00463084271236,-1.10028389221939,-0.685904619658721,1.38844463087661,1.13611213001572,-0.810984052635176,0.644792151124135
894,1993,84,0,32,52,0.872738504710653,-0.885279262616967,1.2256221188216,-0.2807197745371,0.625422192242126,-1.10028389221939,-0.866663299356616,-0.239813105885569,1.13611213001572,-1.13509321295454
894,1994,0,0,0,0,-0.7936219260298,0.872738504710653,-0.33707213313757,1.2256221188216,-0.945022797690328,0.625422192242126,0.482977423123751,1.51973440768337,-0.239813105885569,1.22663369871227
894,1995,408,252,92,64,1.08234831543049,-0.7936219260298,1.00021268441972,-0.33707213313757,1.02721272740855,-0.945022797690328,0.84250116737856,-0.473396448287647,1.51973440768337,0.044624885501725
894,1996,0,0,0,0,0.497844972276258,1.08234831543049,0.644759345555222,1.00021268441972,0.38308899740285,1.02721272740855,-1.41974017047877,-0.546710928019686,-0.473396448287647,-1.97807624253105
894,1997,4,0,4,0,-1.09789423191343,0.497844972276258,-1.7025331299951,0.644759345555222,-0.708983971548177,0.38308899740285,0.680335034057278,-1.05479732244172,-0.546710928019686,-1.04117390802889
894,1998,8,0,4,4,-0.161787335293677,-1.09789423191343,-0.0596451369506434,-1.7025331299951,-0.197041984182085,-0.708983971548177,-0.229412218270045,-0.186958480962471,-1.05479732244172,2.49110824307704
894,1999,8,0,8,0,-0.662146238302307,-0.161787335293677,0.100742345219923,-0.0596451369506434,-0.973347456827387,-0.197041984182085,0.362185054022264,1.95109634657188,-0.186958480962471,0.9792365052496
894,2000,476,348,104,24,0.101164040161309,-0.662146238302307,-0.482287826454164,0.100742345219923,0.374696505806684,-0.973347456827387,-0.236545625894148,-0.352342307334746,1.95109634657188,0.303475652735818
894,2001,0,0,0,0,-1.05657330148479,0.101164040161309,-1.16285092647522,-0.482287826454164,-0.912501892755187,0.374696505806684,0.521497824293908,0.212008687811881,-0.352342307334746,1.29077371183222
894,2002,0,0,0,0,-0.0370732543635989,-1.05657330148479,-0.289389368167941,-1.16285092647522,0.0883027300875385,-0.912501892755187,0.473466212958276,-0.103414073825962,0.212008687811881,-0.521181658806425
894,2003,0,0,0,0,0.0733663233274958,-0.0370732543635989,0.0248834009500607,-0.289389368167941,0.0904008529865809,0.0883027300875385,1.09977940235456,0.604155904983252,-0.103414073825962,-0.814393147354778
895,1976,512,360,148,4,-0.311293974480939,-1.69066176115338,-0.982956858635256,-1.63534377935607,0.0410949648591091,-1.56921436015513,1.02559196306388,-0.61491044404949,0.391032417390115,-1.46724685232572
895,1977,20,0,20,0,1.35281258732704,-0.311293974480939,0.56890040128536,-0.982956858635256,1.61363807769061,0.0410949648591091,-1.27279197342224,-0.828033931642627,-0.61491044404949,-0.0424222751610675
895,1978,0,0,0,0,-0.813155456777886,1.35281258732704,-0.298058961798782,0.56890040128536,-0.99118150146924,1.61363807769061,-1.80969978726309,-0.770064343017293,-0.828033931642627,0.324092085524374
895,1979,20,4,16,0,-1.44874649573479,-0.813155456777886,-1.59633060801729,-0.298058961798782,-1.25029967950085,-0.99118150146924,-1.81350427132927,-0.204008359969922,-0.770064343017293,1.65041592825481
895,1980,0,0,0,0,-1.26242666398383,-1.44874649573479,-1.07398759175909,-1.59633060801729,-1.2429562493542,-1.25029967950085,-1.14676843872974,-0.558645843324902,-0.204008359969922,0.502767836358527
895,1981,0,0,0,0,-1.17978480312655,-1.26242666398383,-0.857247750988055,-1.07398759175909,-1.23246563485899,-1.2429562493542,-0.999820241673213,1.58111397211019,-0.558645843324902,1.0365043741067
895,1983,636,488,144,4,0.908800407630193,-1.34581981448527,1.3101506567223,-0.58632295002426,0.634863745287814,-1.59544089639315,0.494866435830588,-0.589335625538314,0.409787284298311,1.38240230200359
895,1984,0,0,0,0,1.40164641419725,0.908800407630193,1.03055626212767,1.3101506567223,1.45837698316155,0.634863745287814,-1.55384823381191,-1.54753882575706,-0.589335625538314,-0.837300294897618
895,1985,0,0,0,0,-1.66136146503125,1.40164641419725,-1.58549361597874,1.03055626212767,-1.5524293769628,1.45837698316155,-1.10539467450994,-0.342112379930275,-1.54753882575706,0.143125619935937
895,1986,28,8,4,16,-1.16701287917588,-1.66136146503125,-1.2430446675605,-1.58549361597874,-1.02789865220246,-1.5524293769628,-0.558024529487074,0.530841425251213,-0.342112379930275,-0.298982327640876
895,1987,652,640,0,12,-0.0611145229766259,-1.16701287917588,-0.679521081555805,-1.2430446675605,0.243563824616599,-1.02789865220246,-2.02560425801928,-1.0803721409529,0.530841425251213,0.598977856038455
895,1988,0,0,0,0,-1.3435659455528,-0.0611145229766259,-1.08482458379764,-0.679521081555805,-1.35100957865483,0.243563824616599,-0.526161975432745,1.63567358493403,-1.0803721409529,0.39052281339861
895,1990,1200,1108,84,8,0.0155170207273984,-1.10390454906668,-0.870252141434317,-0.259045790459996,0.442885500025529,-1.41605138852511,-0.125264466958135,-0.793934173627725,0.30237304655137,-0.566995953892105
895,1991,8,0,8,0,-0.839450594323384,0.0155170207273984,-1.00463084271236,-0.870252141434317,-0.685904619658721,0.442885500025529,-1.40880227878847,-0.810984052635176,-0.793934173627725,-1.28169895722872
895,1992,428,228,168,32,-0.885279262616967,-0.839450594323384,-0.2807197745371,-1.00463084271236,-1.10028389221939,-0.685904619658721,1.38844463087661,1.13611213001572,-0.810984052635176,0.644792151124135
895,1993,4,0,4,0,0.872738504710653,-0.885279262616967,1.2256221188216,-0.2807197745371,0.625422192242126,-1.10028389221939,-0.866663299356616,-0.239813105885569,1.13611213001572,-1.13509321295454
895,1994,0,0,0,0,-0.7936219260298,0.872738504710653,-0.33707213313757,1.2256221188216,-0.945022797690328,0.625422192242126,0.482977423123751,1.51973440768337,-0.239813105885569,1.22663369871227
895,1995,132,64,48,20,1.08234831543049,-0.7936219260298,1.00021268441972,-0.33707213313757,1.02721272740855,-0.945022797690328,0.84250116737856,-0.473396448287647,1.51973440768337,0.044624885501725
895,1996,0,0,0,0,0.497844972276258,1.08234831543049,0.644759345555222,1.00021268441972,0.38308899740285,1.02721272740855,-1.41974017047877,-0.546710928019686,-0.473396448287647,-1.97807624253105
895,1997,4,0,0,4,-1.09789423191343,0.497844972276258,-1.7025331299951,0.644759345555222,-0.708983971548177,0.38308899740285,0.680335034057278,-1.05479732244172,-0.546710928019686,-1.04117390802889
895,1998,8,0,8,0,-0.161787335293677,-1.09789423191343,-0.0596451369506434,-1.7025331299951,-0.197041984182085,-0.708983971548177,-0.229412218270045,-0.186958480962471,-1.05479732244172,2.49110824307704
895,1999,4,0,4,0,-0.662146238302307,-0.161787335293677,0.100742345219923,-0.0596451369506434,-0.973347456827387,-0.197041984182085,0.362185054022264,1.95109634657188,-0.186958480962471,0.9792365052496
895,2000,164,100,64,0,0.101164040161309,-0.662146238302307,-0.482287826454164,0.100742345219923,0.374696505806684,-0.973347456827387,-0.236545625894148,-0.352342307334746,1.95109634657188,0.303475652735818
895,2001,0,0,0,0,-1.05657330148479,0.101164040161309,-1.16285092647522,-0.482287826454164,-0.912501892755187,0.374696505806684,0.521497824293908,0.212008687811881,-0.352342307334746,1.29077371183222
895,2002,0,0,0,0,-0.0370732543635989,-1.05657330148479,-0.289389368167941,-1.16285092647522,0.0883027300875385,-0.912501892755187,0.473466212958276,-0.103414073825962,0.212008687811881,-0.521181658806425
895,2003,0,0,0,0,0.0733663233274958,-0.0370732543635989,0.0248834009500607,-0.289389368167941,0.0904008529865809,0.0883027300875385,1.09977940235456,0.604155904983252,-0.103414073825962,-0.814393147354778
896,1976,20,0,20,0,-0.311293974480939,-1.69066176115338,-0.982956858635256,-1.63534377935607,0.0410949648591091,-1.56921436015513,1.02559196306388,-0.61491044404949,0.391032417390115,-1.46724685232572
896,1977,84,0,84,0,1.35281258732704,-0.311293974480939,0.56890040128536,-0.982956858635256,1.61363807769061,0.0410949648591091,-1.27279197342224,-0.828033931642627,-0.61491044404949,-0.0424222751610675
896,1978,0,0,0,0,-0.813155456777886,1.35281258732704,-0.298058961798782,0.56890040128536,-0.99118150146924,1.61363807769061,-1.80969978726309,-0.770064343017293,-0.828033931642627,0.324092085524374
896,1979,0,0,0,0,-1.44874649573479,-0.813155456777886,-1.59633060801729,-0.298058961798782,-1.25029967950085,-0.99118150146924,-1.81350427132927,-0.204008359969922,-0.770064343017293,1.65041592825481
896,1980,0,0,0,0,-1.26242666398383,-1.44874649573479,-1.07398759175909,-1.59633060801729,-1.2429562493542,-1.25029967950085,-1.14676843872974,-0.558645843324902,-0.204008359969922,0.502767836358527
896,1981,0,0,0,0,-1.17978480312655,-1.26242666398383,-0.857247750988055,-1.07398759175909,-1.23246563485899,-1.2429562493542,-0.999820241673213,1.58111397211019,-0.558645843324902,1.0365043741067
896,1983,292,128,164,0,0.908800407630193,-1.34581981448527,1.3101506567223,-0.58632295002426,0.634863745287814,-1.59544089639315,0.494866435830588,-0.589335625538314,0.409787284298311,1.38240230200359
896,1984,0,0,0,0,1.40164641419725,0.908800407630193,1.03055626212767,1.3101506567223,1.45837698316155,0.634863745287814,-1.55384823381191,-1.54753882575706,-0.589335625538314,-0.837300294897618
896,1985,0,0,0,0,-1.66136146503125,1.40164641419725,-1.58549361597874,1.03055626212767,-1.5524293769628,1.45837698316155,-1.10539467450994,-0.342112379930275,-1.54753882575706,0.143125619935937
896,1986,0,0,0,0,-1.16701287917588,-1.66136146503125,-1.2430446675605,-1.58549361597874,-1.02789865220246,-1.5524293769628,-0.558024529487074,0.530841425251213,-0.342112379930275,-0.298982327640876
896,1987,212,212,0,0,-0.0611145229766259,-1.16701287917588,-0.679521081555805,-1.2430446675605,0.243563824616599,-1.02789865220246,-2.02560425801928,-1.0803721409529,0.530841425251213,0.598977856038455
896,1988,0,0,0,0,-1.3435659455528,-0.0611145229766259,-1.08482458379764,-0.679521081555805,-1.35100957865483,0.243563824616599,-0.526161975432745,1.63567358493403,-1.0803721409529,0.39052281339861
896,1990,104,92,4,8,0.0155170207273984,-1.10390454906668,-0.870252141434317,-0.259045790459996,0.442885500025529,-1.41605138852511,-0.125264466958135,-0.793934173627725,0.30237304655137,-0.566995953892105
896,1991,20,0,20,0,-0.839450594323384,0.0155170207273984,-1.00463084271236,-0.870252141434317,-0.685904619658721,0.442885500025529,-1.40880227878847,-0.810984052635176,-0.793934173627725,-1.28169895722872
896,1992,224,132,80,12,-0.885279262616967,-0.839450594323384,-0.2807197745371,-1.00463084271236,-1.10028389221939,-0.685904619658721,1.38844463087661,1.13611213001572,-0.810984052635176,0.644792151124135
896,1993,0,0,0,0,0.872738504710653,-0.885279262616967,1.2256221188216,-0.2807197745371,0.625422192242126,-1.10028389221939,-0.866663299356616,-0.239813105885569,1.13611213001572,-1.13509321295454
896,1994,0,0,0,0,-0.7936219260298,0.872738504710653,-0.33707213313757,1.2256221188216,-0.945022797690328,0.625422192242126,0.482977423123751,1.51973440768337,-0.239813105885569,1.22663369871227
896,1995,12,4,8,0,1.08234831543049,-0.7936219260298,1.00021268441972,-0.33707213313757,1.02721272740855,-0.945022797690328,0.84250116737856,-0.473396448287647,1.51973440768337,0.044624885501725
896,1996,0,0,0,0,0.497844972276258,1.08234831543049,0.644759345555222,1.00021268441972,0.38308899740285,1.02721272740855,-1.41974017047877,-0.546710928019686,-0.473396448287647,-1.97807624253105
896,1997,0,0,0,0,-1.09789423191343,0.497844972276258,-1.7025331299951,0.644759345555222,-0.708983971548177,0.38308899740285,0.680335034057278,-1.05479732244172,-0.546710928019686,-1.04117390802889
896,1998,0,0,0,0,-0.161787335293677,-1.09789423191343,-0.0596451369506434,-1.7025331299951,-0.197041984182085,-0.708983971548177,-0.229412218270045,-0.186958480962471,-1.05479732244172,2.49110824307704
896,1999,0,0,0,0,-0.662146238302307,-0.161787335293677,0.100742345219923,-0.0596451369506434,-0.973347456827387,-0.197041984182085,0.362185054022264,1.95109634657188,-0.186958480962471,0.9792365052496
896,2002,0,0,0,0,-0.0370732543635989,-1.05657330148479,-0.289389368167941,-1.16285092647522,0.0883027300875385,-0.912501892755187,0.473466212958276,-0.103414073825962,0.212008687811881,-0.521181658806425
896,2003,0,0,0,0,0.0733663233274958,-0.0370732543635989,0.0248834009500607,-0.289389368167941,0.0904008529865809,0.0883027300875385,1.09977940235456,0.604155904983252,-0.103414073825962,-0.814393147354778
897,1976,28,20,8,0,-0.311293974480939,-1.69066176115338,-0.982956858635256,-1.63534377935607,0.0410949648591091,-1.56921436015513,1.02559196306388,-0.61491044404949,0.391032417390115,-1.46724685232572
897,1977,0,0,0,0,1.35281258732704,-0.311293974480939,0.56890040128536,-0.982956858635256,1.61363807769061,0.0410949648591091,-1.27279197342224,-0.828033931642627,-0.61491044404949,-0.0424222751610675
897,1978,0,0,0,0,-0.813155456777886,1.35281258732704,-0.298058961798782,0.56890040128536,-0.99118150146924,1.61363807769061,-1.80969978726309,-0.770064343017293,-0.828033931642627,0.324092085524374
897,1979,0,0,0,0,-1.44874649573479,-0.813155456777886,-1.59633060801729,-0.298058961798782,-1.25029967950085,-0.99118150146924,-1.81350427132927,-0.204008359969922,-0.770064343017293,1.65041592825481
897,1980,0,0,0,0,-1.26242666398383,-1.44874649573479,-1.07398759175909,-1.59633060801729,-1.2429562493542,-1.25029967950085,-1.14676843872974,-0.558645843324902,-0.204008359969922,0.502767836358527
897,1981,0,0,0,0,-1.17978480312655,-1.26242666398383,-0.857247750988055,-1.07398759175909,-1.23246563485899,-1.2429562493542,-0.999820241673213,1.58111397211019,-0.558645843324902,1.0365043741067
897,1983,192,64,128,0,0.908800407630193,-1.34581981448527,1.3101506567223,-0.58632295002426,0.634863745287814,-1.59544089639315,0.494866435830588,-0.589335625538314,0.409787284298311,1.38240230200359
897,1984,0,0,0,0,1.40164641419725,0.908800407630193,1.03055626212767,1.3101506567223,1.45837698316155,0.634863745287814,-1.55384823381191,-1.54753882575706,-0.589335625538314,-0.837300294897618
897,1985,0,0,0,0,-1.66136146503125,1.40164641419725,-1.58549361597874,1.03055626212767,-1.5524293769628,1.45837698316155,-1.10539467450994,-0.342112379930275,-1.54753882575706,0.143125619935937
897,1986,0,0,0,0,-1.16701287917588,-1.66136146503125,-1.2430446675605,-1.58549361597874,-1.02789865220246,-1.5524293769628,-0.558024529487074,0.530841425251213,-0.342112379930275,-0.298982327640876
897,1987,112,112,0,0,-0.0611145229766259,-1.16701287917588,-0.679521081555805,-1.2430446675605,0.243563824616599,-1.02789865220246,-2.02560425801928,-1.0803721409529,0.530841425251213,0.598977856038455
897,1988,0,0,0,0,-1.3435659455528,-0.0611145229766259,-1.08482458379764,-0.679521081555805,-1.35100957865483,0.243563824616599,-0.526161975432745,1.63567358493403,-1.0803721409529,0.39052281339861
897,1990,428,156,56,216,0.0155170207273984,-1.10390454906668,-0.870252141434317,-0.259045790459996,0.442885500025529,-1.41605138852511,-0.125264466958135,-0.793934173627725,0.30237304655137,-0.566995953892105
897,1991,0,0,0,0,-0.839450594323384,0.0155170207273984,-1.00463084271236,-0.870252141434317,-0.685904619658721,0.442885500025529,-1.40880227878847,-0.810984052635176,-0.793934173627725,-1.28169895722872
897,1992,88,36,32,20,-0.885279262616967,-0.839450594323384,-0.2807197745371,-1.00463084271236,-1.10028389221939,-0.685904619658721,1.38844463087661,1.13611213001572,-0.810984052635176,0.644792151124135
897,1993,0,0,0,0,0.872738504710653,-0.885279262616967,1.2256221188216,-0.2807197745371,0.625422192242126,-1.10028389221939,-0.866663299356616,-0.239813105885569,1.13611213001572,-1.13509321295454
897,1994,4,0,4,0,-0.7936219260298,0.872738504710653,-0.33707213313757,1.2256221188216,-0.945022797690328,0.625422192242126,0.482977423123751,1.51973440768337,-0.239813105885569,1.22663369871227
897,1995,84,20,32,32,1.08234831543049,-0.7936219260298,1.00021268441972,-0.33707213313757,1.02721272740855,-0.945022797690328,0.84250116737856,-0.473396448287647,1.51973440768337,0.044624885501725
897,1996,0,0,0,0,0.497844972276258,1.08234831543049,0.644759345555222,1.00021268441972,0.38308899740285,1.02721272740855,-1.41974017047877,-0.546710928019686,-0.473396448287647,-1.97807624253105
897,1997,0,0,0,0,-1.09789423191343,0.497844972276258,-1.7025331299951,0.644759345555222,-0.708983971548177,0.38308899740285,0.680335034057278,-1.05479732244172,-0.546710928019686,-1.04117390802889
897,1998,0,0,0,0,-0.161787335293677,-1.09789423191343,-0.0596451369506434,-1.7025331299951,-0.197041984182085,-0.708983971548177,-0.229412218270045,-0.186958480962471,-1.05479732244172,2.49110824307704
897,1999,0,0,0,0,-0.662146238302307,-0.161787335293677,0.100742345219923,-0.0596451369506434,-0.973347456827387,-0.197041984182085,0.362185054022264,1.95109634657188,-0.186958480962471,0.9792365052496
897,2000,44,28,12,4,0.101164040161309,-0.662146238302307,-0.482287826454164,0.100742345219923,0.374696505806684,-0.973347456827387,-0.236545625894148,-0.352342307334746,1.95109634657188,0.303475652735818
897,2001,0,0,0,0,-1.05657330148479,0.101164040161309,-1.16285092647522,-0.482287826454164,-0.912501892755187,0.374696505806684,0.521497824293908,0.212008687811881,-0.352342307334746,1.29077371183222
897,2002,0,0,0,0,-0.0370732543635989,-1.05657330148479,-0.289389368167941,-1.16285092647522,0.0883027300875385,-0.912501892755187,0.473466212958276,-0.103414073825962,0.212008687811881,-0.521181658806425
897,2003,0,0,0,0,0.0733663233274958,-0.0370732543635989,0.0248834009500607,-0.289389368167941,0.0904008529865809,0.0883027300875385,1.09977940235456,0.604155904983252,-0.103414073825962,-0.814393147354778
897,2008,12,0,12,0,0.395669580670893,2.20026730593625,1.31448545353772,1.6027494417632,-0.0837433476338508,2.29657708132857,0.913359683111323,1.77889256859662,-1.93286609132545,0.47069782979855
898,1976,204,112,72,20,-0.311293974480939,-1.69066176115338,-0.982956858635256,-1.63534377935607,0.0410949648591091,-1.56921436015513,1.02559196306388,-0.61491044404949,0.391032417390115,-1.46724685232572
898,1977,8,0,8,0,1.35281258732704,-0.311293974480939,0.56890040128536,-0.982956858635256,1.61363807769061,0.0410949648591091,-1.27279197342224,-0.828033931642627,-0.61491044404949,-0.0424222751610675
898,1978,0,0,0,0,-0.813155456777886,1.35281258732704,-0.298058961798782,0.56890040128536,-0.99118150146924,1.61363807769061,-1.80969978726309,-0.770064343017293,-0.828033931642627,0.324092085524374
898,1979,136,4,100,32,-1.44874649573479,-0.813155456777886,-1.59633060801729,-0.298058961798782,-1.25029967950085,-0.99118150146924,-1.81350427132927,-0.204008359969922,-0.770064343017293,1.65041592825481
898,1980,0,0,0,0,-1.26242666398383,-1.44874649573479,-1.07398759175909,-1.59633060801729,-1.2429562493542,-1.25029967950085,-1.14676843872974,-0.558645843324902,-0.204008359969922,0.502767836358527
898,1981,0,0,0,0,-1.17978480312655,-1.26242666398383,-0.857247750988055,-1.07398759175909,-1.23246563485899,-1.2429562493542,-0.999820241673213,1.58111397211019,-0.558645843324902,1.0365043741067
898,1983,836,244,568,24,0.908800407630193,-1.34581981448527,1.3101506567223,-0.58632295002426,0.634863745287814,-1.59544089639315,0.494866435830588,-0.589335625538314,0.409787284298311,1.38240230200359
898,1984,0,0,0,0,1.40164641419725,0.908800407630193,1.03055626212767,1.3101506567223,1.45837698316155,0.634863745287814,-1.55384823381191,-1.54753882575706,-0.589335625538314,-0.837300294897618
898,1985,0,0,0,0,-1.66136146503125,1.40164641419725,-1.58549361597874,1.03055626212767,-1.5524293769628,1.45837698316155,-1.10539467450994,-0.342112379930275,-1.54753882575706,0.143125619935937
898,1986,4,0,0,4,-1.16701287917588,-1.66136146503125,-1.2430446675605,-1.58549361597874,-1.02789865220246,-1.5524293769628,-0.558024529487074,0.530841425251213,-0.342112379930275,-0.298982327640876
898,1987,500,468,0,32,-0.0611145229766259,-1.16701287917588,-0.679521081555805,-1.2430446675605,0.243563824616599,-1.02789865220246,-2.02560425801928,-1.0803721409529,0.530841425251213,0.598977856038455
898,1988,0,0,0,0,-1.3435659455528,-0.0611145229766259,-1.08482458379764,-0.679521081555805,-1.35100957865483,0.243563824616599,-0.526161975432745,1.63567358493403,-1.0803721409529,0.39052281339861
898,1990,1732,664,852,216,0.0155170207273984,-1.10390454906668,-0.870252141434317,-0.259045790459996,0.442885500025529,-1.41605138852511,-0.125264466958135,-0.793934173627725,0.30237304655137,-0.566995953892105
898,1991,0,0,0,0,-0.839450594323384,0.0155170207273984,-1.00463084271236,-0.870252141434317,-0.685904619658721,0.442885500025529,-1.40880227878847,-0.810984052635176,-0.793934173627725,-1.28169895722872
898,1992,68,32,24,12,-0.885279262616967,-0.839450594323384,-0.2807197745371,-1.00463084271236,-1.10028389221939,-0.685904619658721,1.38844463087661,1.13611213001572,-0.810984052635176,0.644792151124135
898,1993,0,0,0,0,0.872738504710653,-0.885279262616967,1.2256221188216,-0.2807197745371,0.625422192242126,-1.10028389221939,-0.866663299356616,-0.239813105885569,1.13611213001572,-1.13509321295454
898,1994,0,0,0,0,-0.7936219260298,0.872738504710653,-0.33707213313757,1.2256221188216,-0.945022797690328,0.625422192242126,0.482977423123751,1.51973440768337,-0.239813105885569,1.22663369871227
898,1995,280,68,164,48,1.08234831543049,-0.7936219260298,1.00021268441972,-0.33707213313757,1.02721272740855,-0.945022797690328,0.84250116737856,-0.473396448287647,1.51973440768337,0.044624885501725
898,1996,0,0,0,0,0.497844972276258,1.08234831543049,0.644759345555222,1.00021268441972,0.38308899740285,1.02721272740855,-1.41974017047877,-0.546710928019686,-0.473396448287647,-1.97807624253105
898,1997,0,0,0,0,-1.09789423191343,0.497844972276258,-1.7025331299951,0.644759345555222,-0.708983971548177,0.38308899740285,0.680335034057278,-1.05479732244172,-0.546710928019686,-1.04117390802889
898,1998,0,0,0,0,-0.161787335293677,-1.09789423191343,-0.0596451369506434,-1.7025331299951,-0.197041984182085,-0.708983971548177,-0.229412218270045,-0.186958480962471,-1.05479732244172,2.49110824307704
898,1999,0,0,0,0,-0.662146238302307,-0.161787335293677,0.100742345219923,-0.0596451369506434,-0.973347456827387,-0.197041984182085,0.362185054022264,1.95109634657188,-0.186958480962471,0.9792365052496
898,2000,176,76,84,16,0.101164040161309,-0.662146238302307,-0.482287826454164,0.100742345219923,0.374696505806684,-0.973347456827387,-0.236545625894148,-0.352342307334746,1.95109634657188,0.303475652735818
898,2001,0,0,0,0,-1.05657330148479,0.101164040161309,-1.16285092647522,-0.482287826454164,-0.912501892755187,0.374696505806684,0.521497824293908,0.212008687811881,-0.352342307334746,1.29077371183222
898,2002,44,28,16,0,-0.0370732543635989,-1.05657330148479,-0.289389368167941,-1.16285092647522,0.0883027300875385,-0.912501892755187,0.473466212958276,-0.103414073825962,0.212008687811881,-0.521181658806425
898,2003,0,0,0,0,0.0733663233274958,-0.0370732543635989,0.0248834009500607,-0.289389368167941,0.0904008529865809,0.0883027300875385,1.09977940235456,0.604155904983252,-0.103414073825962,-0.814393147354778
898,2004,164,92,56,16,1.02975804033949,0.0733663233274958,-0.191856439820975,0.0248834009500607,1.53076222317847,0.0904008529865809,-0.35448463194599,-1.39749989049149,0.604155904983252,-0.690694550623442
898,2005,0,0,0,0,-0.848466070053269,1.02975804033949,-1.49229548444719,-0.191856439820975,-0.462454530910818,1.53076222317847,-0.384444943967224,0.766129755554036,-1.39749989049149,0.170614196987345
898,2006,32,4,20,8,0.316032878390239,-0.848466070053269,0.319649584398668,-1.49229548444719,0.286575344046948,-0.462454530910818,1.50590807642018,1.09178244459635,0.766129755554036,0.889898629832524
898,2007,64,0,60,4,2.20026730593625,0.316032878390239,1.6027494417632,0.319649584398668,2.29657708132857,0.286575344046948,0.355527206906436,-1.93286609132545,1.09178244459635,-0.461623075195041
899,1979,40,4,36,0,-1.44874649573479,-0.813155456777886,-1.59633060801729,-0.298058961798782,-1.25029967950085,-0.99118150146924,-1.81350427132927,-0.204008359969922,-0.770064343017293,1.65041592825481
899,1980,0,0,0,0,-1.26242666398383,-1.44874649573479,-1.07398759175909,-1.59633060801729,-1.2429562493542,-1.25029967950085,-1.14676843872974,-0.558645843324902,-0.204008359969922,0.502767836358527
899,1981,0,0,0,0,-1.17978480312655,-1.26242666398383,-0.857247750988055,-1.07398759175909,-1.23246563485899,-1.2429562493542,-0.999820241673213,1.58111397211019,-0.558645843324902,1.0365043741067
899,1984,0,0,0,0,1.40164641419725,0.908800407630193,1.03055626212767,1.3101506567223,1.45837698316155,0.634863745287814,-1.55384823381191,-1.54753882575706,-0.589335625538314,-0.837300294897618
899,1985,0,0,0,0,-1.66136146503125,1.40164641419725,-1.58549361597874,1.03055626212767,-1.5524293769628,1.45837698316155,-1.10539467450994,-0.342112379930275,-1.54753882575706,0.143125619935937
899,2008,4,0,4,0,0.395669580670893,2.20026730593625,1.31448545353772,1.6027494417632,-0.0837433476338508,2.29657708132857,0.913359683111323,1.77889256859662,-1.93286609132545,0.47069782979855
899,2009,0,0,0,0,0.346835753800683,0.395669580670893,0.415015114337925,1.31448545353772,0.283428159698386,-0.0837433476338508,0.371696264187735,0.343292756169253,1.77889256859662,-0.851044583423322
899,2010,0,0,0,0,0.0365531307637987,0.346835753800683,0.347825763698904,0.415015114337925,-0.117313314018514,0.283428159698386,-0.406320727347809,0.239288494223802,0.343292756169253,-0.454750930932189
899,2011,12,0,12,0,1.04403254357847,0.0365531307637987,0.50821324586947,0.347825763698904,1.21184754252419,-0.117313314018514,-0.54803775881333,-0.868953641260509,0.239288494223802,-1.671120465457
899,2012,24,0,20,4,-0.852222518274054,1.04403254357847,-0.497459615308135,0.50821324586947,-0.949219043488411,1.21184754252419,0.179569818845217,2.51203736591701,-0.868953641260509,-0.862498157194742
899,2013,4,0,4,0,-0.765824209195988,-0.852222518274054,-0.291556766575652,-0.497459615308135,-0.928237814497998,-0.949219043488411,-0.324999880433029,0.614385832387722,2.51203736591701,-1.04346462278318
899,2014,40,0,36,4,0.17554171493286,-0.765824209195988,-0.0336363560581194,-0.291556766575652,0.261397869258452,-0.928237814497998,0.155316232923267,-0.959317999999999,0.614385832387722,-0.484530222737881
899,2015,0,0,0,0,0.906546538697723,0.17554171493286,1.18660894748281,-0.0336363560581194,0.691513063561931,0.261397869258452,-0.192318498624706,0.358637647275958,-0.959317999999999,-0.564705239137821
899,2016,12,0,12,0,-0.179818286753447,0.906546538697723,-0.581988153208839,1.18660894748281,0.0306043503639035,0.691513063561931,0.868181434825334,-0.374507150044432,0.358637647275958,0.743292885558347
899,2017,8,0,8,0,0.766055375240345,-0.179818286753447,1.81081968890339,-0.581988153208839,0.193208875039607,0.0306043503639035,0.921919772260247,1.38674535142525,-0.374507150044432,-0.431843783389348
899,2018,0,0,0,0,0.837427891435269,0.766055375240345,1.080406425505,1.81081968890339,0.646403421232542,0.193208875039607,2.24825802983521,0.789999586164467,1.38674535142525,0.775362892118323
899,2019,0,0,0,0,1.83664311816422,0.837427891435269,1.68077578444077,1.080406425505,1.75106512757782,0.646403421232542,0.519595582260815,-2.20395916754392,0.789999586164467,0.809723613432583
899,2020,4,0,4,0,1.2326062442619,1.83664311816422,1.05006284779706,1.68077578444077,1.21289660397371,1.75106512757782,0.800651842650487,0.476281812427369,-2.20395916754392,-0.578449527663525
899,2021,8,0,8,0,0.191318797460161,1.2326062442619,0.352160560514324,1.05006284779706,0.0966952216837061,1.21289660397371,-0.236545625894148,-0.299487682411648,0.476281812427369,-0.599065960452081
899,2022,8,0,0,8,0.866728187557396,0.191318797460161,1.12808919047463,0.352160560514324,0.664237465874393,0.0966952216837061,1.05745451711821,0.080724619454508,-0.299487682411648,-0.686113121114873
899,2023,12,0,12,0,0.381395077431906,0.866728187557396,-0.46711603760019,1.12808919047463,0.758652996331254,0.664237465874393,1.10405944692902,-0.659240129468862,0.080724619454508,1.43050731184355
899,2024,12,0,8,4,1.5128372815325,0.381395077431906,1.70461716692559,-0.46711603760019,1.28737996688968,0.758652996331254,1.14162872708263,-0.186958480962471,-0.659240129468862,1.1647844003466
899,2025,0,0,0,0,-0.188082472839174,1.5128372815325,-0.174517252559292,1.70461716692559,-0.178158878090712,1.28737996688968,1.19869598807546,-0.0335095698954131,-0.186958480962471,-1.52451472118282
900,1979,44,4,36,4,-1.44874649573479,-0.813155456777886,-1.59633060801729,-0.298058961798782,-1.25029967950085,-0.99118150146924,-1.81350427132927,-0.204008359969922,-0.770064343017293,1.65041592825481
900,1980,0,0,0,0,-1.26242666398383,-1.44874649573479,-1.07398759175909,-1.59633060801729,-1.2429562493542,-1.25029967950085,-1.14676843872974,-0.558645843324902,-0.204008359969922,0.502767836358527
900,1981,0,0,0,0,-1.17978480312655,-1.26242666398383,-0.857247750988055,-1.07398759175909,-1.23246563485899,-1.2429562493542,-0.999820241673213,1.58111397211019,-0.558645843324902,1.0365043741067
900,1983,140,68,72,0,0.908800407630193,-1.34581981448527,1.3101506567223,-0.58632295002426,0.634863745287814,-1.59544089639315,0.494866435830588,-0.589335625538314,0.409787284298311,1.38240230200359
900,1984,0,0,0,0,1.40164641419725,0.908800407630193,1.03055626212767,1.3101506567223,1.45837698316155,0.634863745287814,-1.55384823381191,-1.54753882575706,-0.589335625538314,-0.837300294897618
900,1985,0,0,0,0,-1.66136146503125,1.40164641419725,-1.58549361597874,1.03055626212767,-1.5524293769628,1.45837698316155,-1.10539467450994,-0.342112379930275,-1.54753882575706,0.143125619935937
900,2009,4,0,4,0,0.346835753800683,0.395669580670893,0.415015114337925,1.31448545353772,0.283428159698386,-0.0837433476338508,0.371696264187735,0.343292756169253,1.77889256859662,-0.851044583423322
900,2010,0,0,0,0,0.0365531307637987,0.346835753800683,0.347825763698904,0.415015114337925,-0.117313314018514,0.283428159698386,-0.406320727347809,0.239288494223802,0.343292756169253,-0.454750930932189
900,2011,96,8,64,24,1.04403254357847,0.0365531307637987,0.50821324586947,0.347825763698904,1.21184754252419,-0.117313314018514,-0.54803775881333,-0.868953641260509,0.239288494223802,-1.671120465457
900,2012,80,0,64,16,-0.852222518274054,1.04403254357847,-0.497459615308135,0.50821324586947,-0.949219043488411,1.21184754252419,0.179569818845217,2.51203736591701,-0.868953641260509,-0.862498157194742
900,2013,0,0,0,0,-0.765824209195988,-0.852222518274054,-0.291556766575652,-0.497459615308135,-0.928237814497998,-0.949219043488411,-0.324999880433029,0.614385832387722,2.51203736591701,-1.04346462278318
900,2014,116,12,88,16,0.17554171493286,-0.765824209195988,-0.0336363560581194,-0.291556766575652,0.261397869258452,-0.928237814497998,0.155316232923267,-0.959317999999999,0.614385832387722,-0.484530222737881
900,2015,4,0,4,0,0.906546538697723,0.17554171493286,1.18660894748281,-0.0336363560581194,0.691513063561931,0.261397869258452,-0.192318498624706,0.358637647275958,-0.959317999999999,-0.564705239137821
900,2016,4,0,4,0,-0.179818286753447,0.906546538697723,-0.581988153208839,1.18660894748281,0.0306043503639035,0.691513063561931,0.868181434825334,-0.374507150044432,0.358637647275958,0.743292885558347
900,2017,0,0,0,0,0.766055375240345,-0.179818286753447,1.81081968890339,-0.581988153208839,0.193208875039607,0.0306043503639035,0.921919772260247,1.38674535142525,-0.374507150044432,-0.431843783389348
900,2018,16,8,8,0,0.837427891435269,0.766055375240345,1.080406425505,1.81081968890339,0.646403421232542,0.193208875039607,2.24825802983521,0.789999586164467,1.38674535142525,0.775362892118323
900,2019,0,0,0,0,1.83664311816422,0.837427891435269,1.68077578444077,1.080406425505,1.75106512757782,0.646403421232542,0.519595582260815,-2.20395916754392,0.789999586164467,0.809723613432583
900,2020,0,0,0,0,1.2326062442619,1.83664311816422,1.05006284779706,1.68077578444077,1.21289660397371,1.75106512757782,0.800651842650487,0.476281812427369,-2.20395916754392,-0.578449527663525
900,2021,4,0,4,0,0.191318797460161,1.2326062442619,0.352160560514324,1.05006284779706,0.0966952216837061,1.21289660397371,-0.236545625894148,-0.299487682411648,0.476281812427369,-0.599065960452081
900,2022,20,8,0,12,0.866728187557396,0.191318797460161,1.12808919047463,0.352160560514324,0.664237465874393,0.0966952216837061,1.05745451711821,0.080724619454508,-0.299487682411648,-0.686113121114873
900,2023,8,0,4,4,0.381395077431906,0.866728187557396,-0.46711603760019,1.12808919047463,0.758652996331254,0.664237465874393,1.10405944692902,-0.659240129468862,0.080724619454508,1.43050731184355
900,2024,32,8,8,16,1.5128372815325,0.381395077431906,1.70461716692559,-0.46711603760019,1.28737996688968,0.758652996331254,1.14162872708263,-0.186958480962471,-0.659240129468862,1.1647844003466
900,2025,0,0,0,0,-0.188082472839174,1.5128372815325,-0.174517252559292,1.70461716692559,-0.178158878090712,1.28737996688968,1.19869598807546,-0.0335095698954131,-0.186958480962471,-1.52451472118282
901,1979,0,0,0,0,-1.44874649573479,-0.813155456777886,-1.59633060801729,-0.298058961798782,-1.25029967950085,-0.99118150146924,-1.81350427132927,-0.204008359969922,-0.770064343017293,1.65041592825481
901,1980,0,0,0,0,-1.26242666398383,-1.44874649573479,-1.07398759175909,-1.59633060801729,-1.2429562493542,-1.25029967950085,-1.14676843872974,-0.558645843324902,-0.204008359969922,0.502767836358527
901,1981,0,0,0,0,-1.17978480312655,-1.26242666398383,-0.857247750988055,-1.07398759175909,-1.23246563485899,-1.2429562493542,-0.999820241673213,1.58111397211019,-0.558645843324902,1.0365043741067
901,1983,152,48,88,16,0.908800407630193,-1.34581981448527,1.3101506567223,-0.58632295002426,0.634863745287814,-1.59544089639315,0.494866435830588,-0.589335625538314,0.409787284298311,1.38240230200359
901,1984,4,0,0,4,1.40164641419725,0.908800407630193,1.03055626212767,1.3101506567223,1.45837698316155,0.634863745287814,-1.55384823381191,-1.54753882575706,-0.589335625538314,-0.837300294897618
901,1985,0,0,0,0,-1.66136146503125,1.40164641419725,-1.58549361597874,1.03055626212767,-1.5524293769628,1.45837698316155,-1.10539467450994,-0.342112379930275,-1.54753882575706,0.143125619935937
902,1979,0,0,0,0,-1.44874649573479,-0.813155456777886,-1.59633060801729,-0.298058961798782,-1.25029967950085,-0.99118150146924,-1.81350427132927,-0.204008359969922,-0.770064343017293,1.65041592825481
902,1980,0,0,0,0,-1.26242666398383,-1.44874649573479,-1.07398759175909,-1.59633060801729,-1.2429562493542,-1.25029967950085,-1.14676843872974,-0.558645843324902,-0.204008359969922,0.502767836358527
902,1981,0,0,0,0,-1.17978480312655,-1.26242666398383,-0.857247750988055,-1.07398759175909,-1.23246563485899,-1.2429562493542,-0.999820241673213,1.58111397211019,-0.558645843324902,1.0365043741067
902,1983,580,112,468,0,0.908800407630193,-1.34581981448527,1.3101506567223,-0.58632295002426,0.634863745287814,-1.59544089639315,0.494866435830588,-0.589335625538314,0.409787284298311,1.38240230200359
902,1984,0,0,0,0,1.40164641419725,0.908800407630193,1.03055626212767,1.3101506567223,1.45837698316155,0.634863745287814,-1.55384823381191,-1.54753882575706,-0.589335625538314,-0.837300294897618
902,1985,0,0,0,0,-1.66136146503125,1.40164641419725,-1.58549361597874,1.03055626212767,-1.5524293769628,1.45837698316155,-1.10539467450994,-0.342112379930275,-1.54753882575706,0.143125619935937
903,1979,0,0,0,0,-1.44874649573479,-0.813155456777886,-1.59633060801729,-0.298058961798782,-1.25029967950085,-0.99118150146924,-1.81350427132927,-0.204008359969922,-0.770064343017293,1.65041592825481
903,1980,0,0,0,0,-1.26242666398383,-1.44874649573479,-1.07398759175909,-1.59633060801729,-1.2429562493542,-1.25029967950085,-1.14676843872974,-0.558645843324902,-0.204008359969922,0.502767836358527
903,1981,0,0,0,0,-1.17978480312655,-1.26242666398383,-0.857247750988055,-1.07398759175909,-1.23246563485899,-1.2429562493542,-0.999820241673213,1.58111397211019,-0.558645843324902,1.0365043741067
903,1983,148,96,48,4,0.908800407630193,-1.34581981448527,1.3101506567223,-0.58632295002426,0.634863745287814,-1.59544089639315,0.494866435830588,-0.589335625538314,0.409787284298311,1.38240230200359
903,1984,0,0,0,0,1.40164641419725,0.908800407630193,1.03055626212767,1.3101506567223,1.45837698316155,0.634863745287814,-1.55384823381191,-1.54753882575706,-0.589335625538314,-0.837300294897618
903,1985,0,0,0,0,-1.66136146503125,1.40164641419725,-1.58549361597874,1.03055626212767,-1.5524293769628,1.45837698316155,-1.10539467450994,-0.342112379930275,-1.54753882575706,0.143125619935937
904,1979,24,16,4,4,-1.44874649573479,-0.813155456777886,-1.59633060801729,-0.298058961798782,-1.25029967950085,-0.99118150146924,-1.81350427132927,-0.204008359969922,-0.770064343017293,1.65041592825481
904,1980,0,0,0,0,-1.26242666398383,-1.44874649573479,-1.07398759175909,-1.59633060801729,-1.2429562493542,-1.25029967950085,-1.14676843872974,-0.558645843324902,-0.204008359969922,0.502767836358527
904,1981,0,0,0,0,-1.17978480312655,-1.26242666398383,-0.857247750988055,-1.07398759175909,-1.23246563485899,-1.2429562493542,-0.999820241673213,1.58111397211019,-0.558645843324902,1.0365043741067
904,1983,480,128,352,0,0.908800407630193,-1.34581981448527,1.3101506567223,-0.58632295002426,0.634863745287814,-1.59544089639315,0.494866435830588,-0.589335625538314,0.409787284298311,1.38240230200359
904,1984,4,0,4,0,1.40164641419725,0.908800407630193,1.03055626212767,1.3101506567223,1.45837698316155,0.634863745287814,-1.55384823381191,-1.54753882575706,-0.589335625538314,-0.837300294897618
904,1985,0,0,0,0,-1.66136146503125,1.40164641419725,-1.58549361597874,1.03055626212767,-1.5524293769628,1.45837698316155,-1.10539467450994,-0.342112379930275,-1.54753882575706,0.143125619935937
905,1976,244,120,120,4,-0.311293974480939,-1.69066176115338,-0.982956858635256,-1.63534377935607,0.0410949648591091,-1.56921436015513,1.02559196306388,-0.61491044404949,0.391032417390115,-1.46724685232572
905,1977,20,0,20,0,1.35281258732704,-0.311293974480939,0.56890040128536,-0.982956858635256,1.61363807769061,0.0410949648591091,-1.27279197342224,-0.828033931642627,-0.61491044404949,-0.0424222751610675
905,1978,0,0,0,0,-0.813155456777886,1.35281258732704,-0.298058961798782,0.56890040128536,-0.99118150146924,1.61363807769061,-1.80969978726309,-0.770064343017293,-0.828033931642627,0.324092085524374
905,1979,4,0,4,0,-1.44874649573479,-0.813155456777886,-1.59633060801729,-0.298058961798782,-1.25029967950085,-0.99118150146924,-1.81350427132927,-0.204008359969922,-0.770064343017293,1.65041592825481
905,1980,0,0,0,0,-1.26242666398383,-1.44874649573479,-1.07398759175909,-1.59633060801729,-1.2429562493542,-1.25029967950085,-1.14676843872974,-0.558645843324902,-0.204008359969922,0.502767836358527
905,1981,0,0,0,0,-1.17978480312655,-1.26242666398383,-0.857247750988055,-1.07398759175909,-1.23246563485899,-1.2429562493542,-0.999820241673213,1.58111397211019,-0.558645843324902,1.0365043741067
905,1983,440,144,296,0,0.908800407630193,-1.34581981448527,1.3101506567223,-0.58632295002426,0.634863745287814,-1.59544089639315,0.494866435830588,-0.589335625538314,0.409787284298311,1.38240230200359
905,1984,8,4,4,0,1.40164641419725,0.908800407630193,1.03055626212767,1.3101506567223,1.45837698316155,0.634863745287814,-1.55384823381191,-1.54753882575706,-0.589335625538314,-0.837300294897618
905,1985,8,0,4,4,-1.66136146503125,1.40164641419725,-1.58549361597874,1.03055626212767,-1.5524293769628,1.45837698316155,-1.10539467450994,-0.342112379930275,-1.54753882575706,0.143125619935937
905,1986,44,32,8,4,-1.16701287917588,-1.66136146503125,-1.2430446675605,-1.58549361597874,-1.02789865220246,-1.5524293769628,-0.558024529487074,0.530841425251213,-0.342112379930275,-0.298982327640876
905,1987,308,300,0,8,-0.0611145229766259,-1.16701287917588,-0.679521081555805,-1.2430446675605,0.243563824616599,-1.02789865220246,-2.02560425801928,-1.0803721409529,0.530841425251213,0.598977856038455
905,1988,0,0,0,0,-1.3435659455528,-0.0611145229766259,-1.08482458379764,-0.679521081555805,-1.35100957865483,0.243563824616599,-0.526161975432745,1.63567358493403,-1.0803721409529,0.39052281339861
905,1990,416,320,80,16,0.0155170207273984,-1.10390454906668,-0.870252141434317,-0.259045790459996,0.442885500025529,-1.41605138852511,-0.125264466958135,-0.793934173627725,0.30237304655137,-0.566995953892105
905,1991,12,0,12,0,-0.839450594323384,0.0155170207273984,-1.00463084271236,-0.870252141434317,-0.685904619658721,0.442885500025529,-1.40880227878847,-0.810984052635176,-0.793934173627725,-1.28169895722872
905,1992,452,276,116,60,-0.885279262616967,-0.839450594323384,-0.2807197745371,-1.00463084271236,-1.10028389221939,-0.685904619658721,1.38844463087661,1.13611213001572,-0.810984052635176,0.644792151124135
905,1993,28,0,12,16,0.872738504710653,-0.885279262616967,1.2256221188216,-0.2807197745371,0.625422192242126,-1.10028389221939,-0.866663299356616,-0.239813105885569,1.13611213001572,-1.13509321295454
905,1994,0,0,0,0,-0.7936219260298,0.872738504710653,-0.33707213313757,1.2256221188216,-0.945022797690328,0.625422192242126,0.482977423123751,1.51973440768337,-0.239813105885569,1.22663369871227
905,1995,132,104,8,20,1.08234831543049,-0.7936219260298,1.00021268441972,-0.33707213313757,1.02721272740855,-0.945022797690328,0.84250116737856,-0.473396448287647,1.51973440768337,0.044624885501725
905,1996,0,0,0,0,0.497844972276258,1.08234831543049,0.644759345555222,1.00021268441972,0.38308899740285,1.02721272740855,-1.41974017047877,-0.546710928019686,-0.473396448287647,-1.97807624253105
905,1997,0,0,0,0,-1.09789423191343,0.497844972276258,-1.7025331299951,0.644759345555222,-0.708983971548177,0.38308899740285,0.680335034057278,-1.05479732244172,-0.546710928019686,-1.04117390802889
905,1998,20,0,20,0,-0.161787335293677,-1.09789423191343,-0.0596451369506434,-1.7025331299951,-0.197041984182085,-0.708983971548177,-0.229412218270045,-0.186958480962471,-1.05479732244172,2.49110824307704
905,1999,20,0,16,4,-0.662146238302307,-0.161787335293677,0.100742345219923,-0.0596451369506434,-0.973347456827387,-0.197041984182085,0.362185054022264,1.95109634657188,-0.186958480962471,0.9792365052496
905,2000,12,0,8,4,0.101164040161309,-0.662146238302307,-0.482287826454164,0.100742345219923,0.374696505806684,-0.973347456827387,-0.236545625894148,-0.352342307334746,1.95109634657188,0.303475652735818
905,2001,0,0,0,0,-1.05657330148479,0.101164040161309,-1.16285092647522,-0.482287826454164,-0.912501892755187,0.374696505806684,0.521497824293908,0.212008687811881,-0.352342307334746,1.29077371183222
905,2002,8,4,4,0,-0.0370732543635989,-1.05657330148479,-0.289389368167941,-1.16285092647522,0.0883027300875385,-0.912501892755187,0.473466212958276,-0.103414073825962,0.212008687811881,-0.521181658806425
905,2003,0,0,0,0,0.0733663233274958,-0.0370732543635989,0.0248834009500607,-0.289389368167941,0.0904008529865809,0.0883027300875385,1.09977940235456,0.604155904983252,-0.103414073825962,-0.814393147354778
905,2004,112,92,20,0,1.02975804033949,0.0733663233274958,-0.191856439820975,0.0248834009500607,1.53076222317847,0.0904008529865809,-0.35448463194599,-1.39749989049149,0.604155904983252,-0.690694550623442
905,2005,0,0,0,0,-0.848466070053269,1.02975804033949,-1.49229548444719,-0.191856439820975,-0.462454530910818,1.53076222317847,-0.384444943967224,0.766129755554036,-1.39749989049149,0.170614196987345
905,2006,8,4,4,0,0.316032878390239,-0.848466070053269,0.319649584398668,-1.49229548444719,0.286575344046948,-0.462454530910818,1.50590807642018,1.09178244459635,0.766129755554036,0.889898629832524
905,2007,40,16,20,4,2.20026730593625,0.316032878390239,1.6027494417632,0.319649584398668,2.29657708132857,0.286575344046948,0.355527206906436,-1.93286609132545,1.09178244459635,-0.461623075195041
905,2009,0,0,0,0,0.346835753800683,0.395669580670893,0.415015114337925,1.31448545353772,0.283428159698386,-0.0837433476338508,0.371696264187735,0.343292756169253,1.77889256859662,-0.851044583423322
905,2010,0,0,0,0,0.0365531307637987,0.346835753800683,0.347825763698904,0.415015114337925,-0.117313314018514,0.283428159698386,-0.406320727347809,0.239288494223802,0.343292756169253,-0.454750930932189
905,2011,60,24,32,4,1.04403254357847,0.0365531307637987,0.50821324586947,0.347825763698904,1.21184754252419,-0.117313314018514,-0.54803775881333,-0.868953641260509,0.239288494223802,-1.671120465457
905,2012,16,0,12,4,-0.852222518274054,1.04403254357847,-0.497459615308135,0.50821324586947,-0.949219043488411,1.21184754252419,0.179569818845217,2.51203736591701,-0.868953641260509,-0.862498157194742
905,2013,12,0,4,8,-0.765824209195988,-0.852222518274054,-0.291556766575652,-0.497459615308135,-0.928237814497998,-0.949219043488411,-0.324999880433029,0.614385832387722,2.51203736591701,-1.04346462278318
905,2014,208,48,96,64,0.17554171493286,-0.765824209195988,-0.0336363560581194,-0.291556766575652,0.261397869258452,-0.928237814497998,0.155316232923267,-0.959317999999999,0.614385832387722,-0.484530222737881
905,2015,12,0,8,4,0.906546538697723,0.17554171493286,1.18660894748281,-0.0336363560581194,0.691513063561931,0.261397869258452,-0.192318498624706,0.358637647275958,-0.959317999999999,-0.564705239137821
905,2016,104,60,40,4,-0.179818286753447,0.906546538697723,-0.581988153208839,1.18660894748281,0.0306043503639035,0.691513063561931,0.868181434825334,-0.374507150044432,0.358637647275958,0.743292885558347
905,2017,20,0,12,8,0.766055375240345,-0.179818286753447,1.81081968890339,-0.581988153208839,0.193208875039607,0.0306043503639035,0.921919772260247,1.38674535142525,-0.374507150044432,-0.431843783389348
905,2018,244,52,156,36,0.837427891435269,0.766055375240345,1.080406425505,1.81081968890339,0.646403421232542,0.193208875039607,2.24825802983521,0.789999586164467,1.38674535142525,0.775362892118323
905,2019,68,0,52,16,1.83664311816422,0.837427891435269,1.68077578444077,1.080406425505,1.75106512757782,0.646403421232542,0.519595582260815,-2.20395916754392,0.789999586164467,0.809723613432583
905,2020,300,152,124,24,1.2326062442619,1.83664311816422,1.05006284779706,1.68077578444077,1.21289660397371,1.75106512757782,0.800651842650487,0.476281812427369,-2.20395916754392,-0.578449527663525
905,2021,28,0,24,4,0.191318797460161,1.2326062442619,0.352160560514324,1.05006284779706,0.0966952216837061,1.21289660397371,-0.236545625894148,-0.299487682411648,0.476281812427369,-0.599065960452081
905,2022,60,8,36,16,0.866728187557396,0.191318797460161,1.12808919047463,0.352160560514324,0.664237465874393,0.0966952216837061,1.05745451711821,0.080724619454508,-0.299487682411648,-0.686113121114873
905,2023,72,0,64,8,0.381395077431906,0.866728187557396,-0.46711603760019,1.12808919047463,0.758652996331254,0.664237465874393,1.10405944692902,-0.659240129468862,0.080724619454508,1.43050731184355
905,2024,96,12,72,12,1.5128372815325,0.381395077431906,1.70461716692559,-0.46711603760019,1.28737996688968,0.758652996331254,1.14162872708263,-0.186958480962471,-0.659240129468862,1.1647844003466
905,2025,0,0,0,0,-0.188082472839174,1.5128372815325,-0.174517252559292,1.70461716692559,-0.178158878090712,1.28737996688968,1.19869598807546,-0.0335095698954131,-0.186958480962471,-1.52451472118282
906,1976,492,232,244,16,-0.311293974480939,-1.69066176115338,-0.982956858635256,-1.63534377935607,0.0410949648591091,-1.56921436015513,1.02559196306388,-0.61491044404949,0.391032417390115,-1.46724685232572
906,1977,4,0,4,0,1.35281258732704,-0.311293974480939,0.56890040128536,-0.982956858635256,1.61363807769061,0.0410949648591091,-1.27279197342224,-0.828033931642627,-0.61491044404949,-0.0424222751610675
906,1978,0,0,0,0,-0.813155456777886,1.35281258732704,-0.298058961798782,0.56890040128536,-0.99118150146924,1.61363807769061,-1.80969978726309,-0.770064343017293,-0.828033931642627,0.324092085524374
906,1979,64,4,56,4,-1.44874649573479,-0.813155456777886,-1.59633060801729,-0.298058961798782,-1.25029967950085,-0.99118150146924,-1.81350427132927,-0.204008359969922,-0.770064343017293,1.65041592825481
906,1980,4,4,0,0,-1.26242666398383,-1.44874649573479,-1.07398759175909,-1.59633060801729,-1.2429562493542,-1.25029967950085,-1.14676843872974,-0.558645843324902,-0.204008359969922,0.502767836358527
906,1981,0,0,0,0,-1.17978480312655,-1.26242666398383,-0.857247750988055,-1.07398759175909,-1.23246563485899,-1.2429562493542,-0.999820241673213,1.58111397211019,-0.558645843324902,1.0365043741067
906,1983,328,208,120,0,0.908800407630193,-1.34581981448527,1.3101506567223,-0.58632295002426,0.634863745287814,-1.59544089639315,0.494866435830588,-0.589335625538314,0.409787284298311,1.38240230200359
906,1984,0,0,0,0,1.40164641419725,0.908800407630193,1.03055626212767,1.3101506567223,1.45837698316155,0.634863745287814,-1.55384823381191,-1.54753882575706,-0.589335625538314,-0.837300294897618
906,1985,100,8,88,4,-1.66136146503125,1.40164641419725,-1.58549361597874,1.03055626212767,-1.5524293769628,1.45837698316155,-1.10539467450994,-0.342112379930275,-1.54753882575706,0.143125619935937
906,1986,80,24,48,8,-1.16701287917588,-1.66136146503125,-1.2430446675605,-1.58549361597874,-1.02789865220246,-1.5524293769628,-0.558024529487074,0.530841425251213,-0.342112379930275,-0.298982327640876
906,1987,288,280,0,8,-0.0611145229766259,-1.16701287917588,-0.679521081555805,-1.2430446675605,0.243563824616599,-1.02789865220246,-2.02560425801928,-1.0803721409529,0.530841425251213,0.598977856038455
906,1988,0,0,0,0,-1.3435659455528,-0.0611145229766259,-1.08482458379764,-0.679521081555805,-1.35100957865483,0.243563824616599,-0.526161975432745,1.63567358493403,-1.0803721409529,0.39052281339861
906,1989,40,0,16,24,-1.10390454906668,-1.3435659455528,-0.259045790459996,-1.08482458379764,-1.41605138852511,-1.35100957865483,0.301788869471523,0.30237304655137,1.63567358493403,1.88635954794607
906,1990,388,256,104,28,0.0155170207273984,-1.10390454906668,-0.870252141434317,-0.259045790459996,0.442885500025529,-1.41605138852511,-0.125264466958135,-0.793934173627725,0.30237304655137,-0.566995953892105
906,1991,0,0,0,0,-0.839450594323384,0.0155170207273984,-1.00463084271236,-0.870252141434317,-0.685904619658721,0.442885500025529,-1.40880227878847,-0.810984052635176,-0.793934173627725,-1.28169895722872
906,1992,260,188,40,32,-0.885279262616967,-0.839450594323384,-0.2807197745371,-1.00463084271236,-1.10028389221939,-0.685904619658721,1.38844463087661,1.13611213001572,-0.810984052635176,0.644792151124135
906,1993,0,0,0,0,0.872738504710653,-0.885279262616967,1.2256221188216,-0.2807197745371,0.625422192242126,-1.10028389221939,-0.866663299356616,-0.239813105885569,1.13611213001572,-1.13509321295454
906,1994,96,0,80,16,-0.7936219260298,0.872738504710653,-0.33707213313757,1.2256221188216,-0.945022797690328,0.625422192242126,0.482977423123751,1.51973440768337,-0.239813105885569,1.22663369871227
906,1995,212,108,80,24,1.08234831543049,-0.7936219260298,1.00021268441972,-0.33707213313757,1.02721272740855,-0.945022797690328,0.84250116737856,-0.473396448287647,1.51973440768337,0.044624885501725
906,1996,0,0,0,0,0.497844972276258,1.08234831543049,0.644759345555222,1.00021268441972,0.38308899740285,1.02721272740855,-1.41974017047877,-0.546710928019686,-0.473396448287647,-1.97807624253105
906,1997,12,0,4,8,-1.09789423191343,0.497844972276258,-1.7025331299951,0.644759345555222,-0.708983971548177,0.38308899740285,0.680335034057278,-1.05479732244172,-0.546710928019686,-1.04117390802889
906,1998,44,12,28,4,-0.161787335293677,-1.09789423191343,-0.0596451369506434,-1.7025331299951,-0.197041984182085,-0.708983971548177,-0.229412218270045,-0.186958480962471,-1.05479732244172,2.49110824307704
906,1999,0,0,0,0,-0.662146238302307,-0.161787335293677,0.100742345219923,-0.0596451369506434,-0.973347456827387,-0.197041984182085,0.362185054022264,1.95109634657188,-0.186958480962471,0.9792365052496
906,2000,224,132,92,0,0.101164040161309,-0.662146238302307,-0.482287826454164,0.100742345219923,0.374696505806684,-0.973347456827387,-0.236545625894148,-0.352342307334746,1.95109634657188,0.303475652735818
906,2001,0,0,0,0,-1.05657330148479,0.101164040161309,-1.16285092647522,-0.482287826454164,-0.912501892755187,0.374696505806684,0.521497824293908,0.212008687811881,-0.352342307334746,1.29077371183222
906,2002,216,140,76,0,-0.0370732543635989,-1.05657330148479,-0.289389368167941,-1.16285092647522,0.0883027300875385,-0.912501892755187,0.473466212958276,-0.103414073825962,0.212008687811881,-0.521181658806425
906,2003,0,0,0,0,0.0733663233274958,-0.0370732543635989,0.0248834009500607,-0.289389368167941,0.0904008529865809,0.0883027300875385,1.09977940235456,0.604155904983252,-0.103414073825962,-0.814393147354778
906,2004,316,252,56,8,1.02975804033949,0.0733663233274958,-0.191856439820975,0.0248834009500607,1.53076222317847,0.0904008529865809,-0.35448463194599,-1.39749989049149,0.604155904983252,-0.690694550623442
906,2005,0,0,0,0,-0.848466070053269,1.02975804033949,-1.49229548444719,-0.191856439820975,-0.462454530910818,1.53076222317847,-0.384444943967224,0.766129755554036,-1.39749989049149,0.170614196987345
906,2006,384,248,108,28,0.316032878390239,-0.848466070053269,0.319649584398668,-1.49229548444719,0.286575344046948,-0.462454530910818,1.50590807642018,1.09178244459635,0.766129755554036,0.889898629832524
906,2007,96,8,80,8,2.20026730593625,0.316032878390239,1.6027494417632,0.319649584398668,2.29657708132857,0.286575344046948,0.355527206906436,-1.93286609132545,1.09178244459635,-0.461623075195041
906,2009,176,40,116,20,0.346835753800683,0.395669580670893,0.415015114337925,1.31448545353772,0.283428159698386,-0.0837433476338508,0.371696264187735,0.343292756169253,1.77889256859662,-0.851044583423322
906,2010,32,0,28,4,0.0365531307637987,0.346835753800683,0.347825763698904,0.415015114337925,-0.117313314018514,0.283428159698386,-0.406320727347809,0.239288494223802,0.343292756169253,-0.454750930932189
906,2011,220,96,104,20,1.04403254357847,0.0365531307637987,0.50821324586947,0.347825763698904,1.21184754252419,-0.117313314018514,-0.54803775881333,-0.868953641260509,0.239288494223802,-1.671120465457
906,2012,8,0,4,4,-0.852222518274054,1.04403254357847,-0.497459615308135,0.50821324586947,-0.949219043488411,1.21184754252419,0.179569818845217,2.51203736591701,-0.868953641260509,-0.862498157194742
906,2013,196,108,76,12,-0.765824209195988,-0.852222518274054,-0.291556766575652,-0.497459615308135,-0.928237814497998,-0.949219043488411,-0.324999880433029,0.614385832387722,2.51203736591701,-1.04346462278318
906,2014,40,16,16,8,0.17554171493286,-0.765824209195988,-0.0336363560581194,-0.291556766575652,0.261397869258452,-0.928237814497998,0.155316232923267,-0.959317999999999,0.614385832387722,-0.484530222737881
906,2015,80,4,64,12,0.906546538697723,0.17554171493286,1.18660894748281,-0.0336363560581194,0.691513063561931,0.261397869258452,-0.192318498624706,0.358637647275958,-0.959317999999999,-0.564705239137821
906,2016,292,224,64,4,-0.179818286753447,0.906546538697723,-0.581988153208839,1.18660894748281,0.0306043503639035,0.691513063561931,0.868181434825334,-0.374507150044432,0.358637647275958,0.743292885558347
906,2017,0,0,0,0,0.766055375240345,-0.179818286753447,1.81081968890339,-0.581988153208839,0.193208875039607,0.0306043503639035,0.921919772260247,1.38674535142525,-0.374507150044432,-0.431843783389348
906,2018,232,40,176,16,0.837427891435269,0.766055375240345,1.080406425505,1.81081968890339,0.646403421232542,0.193208875039607,2.24825802983521,0.789999586164467,1.38674535142525,0.775362892118323
906,2019,52,0,48,4,1.83664311816422,0.837427891435269,1.68077578444077,1.080406425505,1.75106512757782,0.646403421232542,0.519595582260815,-2.20395916754392,0.789999586164467,0.809723613432583
906,2020,296,188,52,56,1.2326062442619,1.83664311816422,1.05006284779706,1.68077578444077,1.21289660397371,1.75106512757782,0.800651842650487,0.476281812427369,-2.20395916754392,-0.578449527663525
906,2021,12,0,8,4,0.191318797460161,1.2326062442619,0.352160560514324,1.05006284779706,0.0966952216837061,1.21289660397371,-0.236545625894148,-0.299487682411648,0.476281812427369,-0.599065960452081
906,2022,160,4,132,24,0.866728187557396,0.191318797460161,1.12808919047463,0.352160560514324,0.664237465874393,0.0966952216837061,1.05745451711821,0.080724619454508,-0.299487682411648,-0.686113121114873
906,2023,68,8,44,16,0.381395077431906,0.866728187557396,-0.46711603760019,1.12808919047463,0.758652996331254,0.664237465874393,1.10405944692902,-0.659240129468862,0.080724619454508,1.43050731184355
906,2024,236,20,124,92,1.5128372815325,0.381395077431906,1.70461716692559,-0.46711603760019,1.28737996688968,0.758652996331254,1.14162872708263,-0.186958480962471,-0.659240129468862,1.1647844003466
906,2025,44,0,32,12,-0.188082472839174,1.5128372815325,-0.174517252559292,1.70461716692559,-0.178158878090712,1.28737996688968,1.19869598807546,-0.0335095698954131,-0.186958480962471,-1.52451472118282
907,1979,36,0,32,4,-1.44874649573479,-0.813155456777886,-1.59633060801729,-0.298058961798782,-1.25029967950085,-0.99118150146924,-1.81350427132927,-0.204008359969922,-0.770064343017293,1.65041592825481
907,1980,0,0,0,0,-1.26242666398383,-1.44874649573479,-1.07398759175909,-1.59633060801729,-1.2429562493542,-1.25029967950085,-1.14676843872974,-0.558645843324902,-0.204008359969922,0.502767836358527
907,1981,0,0,0,0,-1.17978480312655,-1.26242666398383,-0.857247750988055,-1.07398759175909,-1.23246563485899,-1.2429562493542,-0.999820241673213,1.58111397211019,-0.558645843324902,1.0365043741067
907,1983,312,164,148,0,0.908800407630193,-1.34581981448527,1.3101506567223,-0.58632295002426,0.634863745287814,-1.59544089639315,0.494866435830588,-0.589335625538314,0.409787284298311,1.38240230200359
907,1984,0,0,0,0,1.40164641419725,0.908800407630193,1.03055626212767,1.3101506567223,1.45837698316155,0.634863745287814,-1.55384823381191,-1.54753882575706,-0.589335625538314,-0.837300294897618
907,1985,0,0,0,0,-1.66136146503125,1.40164641419725,-1.58549361597874,1.03055626212767,-1.5524293769628,1.45837698316155,-1.10539467450994,-0.342112379930275,-1.54753882575706,0.143125619935937
907,1986,124,24,48,52,-1.16701287917588,-1.66136146503125,-1.2430446675605,-1.58549361597874,-1.02789865220246,-1.5524293769628,-0.558024529487074,0.530841425251213,-0.342112379930275,-0.298982327640876
907,1987,200,200,0,0,-0.0611145229766259,-1.16701287917588,-0.679521081555805,-1.2430446675605,0.243563824616599,-1.02789865220246,-2.02560425801928,-1.0803721409529,0.530841425251213,0.598977856038455
907,1988,0,0,0,0,-1.3435659455528,-0.0611145229766259,-1.08482458379764,-0.679521081555805,-1.35100957865483,0.243563824616599,-0.526161975432745,1.63567358493403,-1.0803721409529,0.39052281339861
907,1989,36,4,0,32,-1.10390454906668,-1.3435659455528,-0.259045790459996,-1.08482458379764,-1.41605138852511,-1.35100957865483,0.301788869471523,0.30237304655137,1.63567358493403,1.88635954794607
907,1990,436,300,104,32,0.0155170207273984,-1.10390454906668,-0.870252141434317,-0.259045790459996,0.442885500025529,-1.41605138852511,-0.125264466958135,-0.793934173627725,0.30237304655137,-0.566995953892105
907,1991,0,0,0,0,-0.839450594323384,0.0155170207273984,-1.00463084271236,-0.870252141434317,-0.685904619658721,0.442885500025529,-1.40880227878847,-0.810984052635176,-0.793934173627725,-1.28169895722872
907,1992,132,80,20,32,-0.885279262616967,-0.839450594323384,-0.2807197745371,-1.00463084271236,-1.10028389221939,-0.685904619658721,1.38844463087661,1.13611213001572,-0.810984052635176,0.644792151124135
907,1993,12,4,4,4,0.872738504710653,-0.885279262616967,1.2256221188216,-0.2807197745371,0.625422192242126,-1.10028389221939,-0.866663299356616,-0.239813105885569,1.13611213001572,-1.13509321295454
907,1994,0,0,0,0,-0.7936219260298,0.872738504710653,-0.33707213313757,1.2256221188216,-0.945022797690328,0.625422192242126,0.482977423123751,1.51973440768337,-0.239813105885569,1.22663369871227
907,1995,112,44,44,24,1.08234831543049,-0.7936219260298,1.00021268441972,-0.33707213313757,1.02721272740855,-0.945022797690328,0.84250116737856,-0.473396448287647,1.51973440768337,0.044624885501725
907,1996,0,0,0,0,0.497844972276258,1.08234831543049,0.644759345555222,1.00021268441972,0.38308899740285,1.02721272740855,-1.41974017047877,-0.546710928019686,-0.473396448287647,-1.97807624253105
907,1997,0,0,0,0,-1.09789423191343,0.497844972276258,-1.7025331299951,0.644759345555222,-0.708983971548177,0.38308899740285,0.680335034057278,-1.05479732244172,-0.546710928019686,-1.04117390802889
907,1998,32,0,32,0,-0.161787335293677,-1.09789423191343,-0.0596451369506434,-1.7025331299951,-0.197041984182085,-0.708983971548177,-0.229412218270045,-0.186958480962471,-1.05479732244172,2.49110824307704
907,1999,40,0,40,0,-0.662146238302307,-0.161787335293677,0.100742345219923,-0.0596451369506434,-0.973347456827387,-0.197041984182085,0.362185054022264,1.95109634657188,-0.186958480962471,0.9792365052496
907,2000,452,204,228,20,0.101164040161309,-0.662146238302307,-0.482287826454164,0.100742345219923,0.374696505806684,-0.973347456827387,-0.236545625894148,-0.352342307334746,1.95109634657188,0.303475652735818
907,2001,0,0,0,0,-1.05657330148479,0.101164040161309,-1.16285092647522,-0.482287826454164,-0.912501892755187,0.374696505806684,0.521497824293908,0.212008687811881,-0.352342307334746,1.29077371183222
907,2002,320,108,212,0,-0.0370732543635989,-1.05657330148479,-0.289389368167941,-1.16285092647522,0.0883027300875385,-0.912501892755187,0.473466212958276,-0.103414073825962,0.212008687811881,-0.521181658806425
907,2003,0,0,0,0,0.0733663233274958,-0.0370732543635989,0.0248834009500607,-0.289389368167941,0.0904008529865809,0.0883027300875385,1.09977940235456,0.604155904983252,-0.103414073825962,-0.814393147354778
907,2004,180,160,8,12,1.02975804033949,0.0733663233274958,-0.191856439820975,0.0248834009500607,1.53076222317847,0.0904008529865809,-0.35448463194599,-1.39749989049149,0.604155904983252,-0.690694550623442
907,2005,0,0,0,0,-0.848466070053269,1.02975804033949,-1.49229548444719,-0.191856439820975,-0.462454530910818,1.53076222317847,-0.384444943967224,0.766129755554036,-1.39749989049149,0.170614196987345
907,2006,296,100,192,4,0.316032878390239,-0.848466070053269,0.319649584398668,-1.49229548444719,0.286575344046948,-0.462454530910818,1.50590807642018,1.09178244459635,0.766129755554036,0.889898629832524
907,2007,8,0,8,0,2.20026730593625,0.316032878390239,1.6027494417632,0.319649584398668,2.29657708132857,0.286575344046948,0.355527206906436,-1.93286609132545,1.09178244459635,-0.461623075195041
907,2009,344,148,180,16,0.346835753800683,0.395669580670893,0.415015114337925,1.31448545353772,0.283428159698386,-0.0837433476338508,0.371696264187735,0.343292756169253,1.77889256859662,-0.851044583423322
907,2010,0,0,0,0,0.0365531307637987,0.346835753800683,0.347825763698904,0.415015114337925,-0.117313314018514,0.283428159698386,-0.406320727347809,0.239288494223802,0.343292756169253,-0.454750930932189
907,2011,980,444,496,40,1.04403254357847,0.0365531307637987,0.50821324586947,0.347825763698904,1.21184754252419,-0.117313314018514,-0.54803775881333,-0.868953641260509,0.239288494223802,-1.671120465457
907,2012,300,0,240,60,-0.852222518274054,1.04403254357847,-0.497459615308135,0.50821324586947,-0.949219043488411,1.21184754252419,0.179569818845217,2.51203736591701,-0.868953641260509,-0.862498157194742
907,2013,312,16,196,100,-0.765824209195988,-0.852222518274054,-0.291556766575652,-0.497459615308135,-0.928237814497998,-0.949219043488411,-0.324999880433029,0.614385832387722,2.51203736591701,-1.04346462278318
907,2014,300,20,180,100,0.17554171493286,-0.765824209195988,-0.0336363560581194,-0.291556766575652,0.261397869258452,-0.928237814497998,0.155316232923267,-0.959317999999999,0.614385832387722,-0.484530222737881
907,2015,184,0,120,64,0.906546538697723,0.17554171493286,1.18660894748281,-0.0336363560581194,0.691513063561931,0.261397869258452,-0.192318498624706,0.358637647275958,-0.959317999999999,-0.564705239137821
907,2016,172,100,60,12,-0.179818286753447,0.906546538697723,-0.581988153208839,1.18660894748281,0.0306043503639035,0.691513063561931,0.868181434825334,-0.374507150044432,0.358637647275958,0.743292885558347
907,2017,64,0,44,20,0.766055375240345,-0.179818286753447,1.81081968890339,-0.581988153208839,0.193208875039607,0.0306043503639035,0.921919772260247,1.38674535142525,-0.374507150044432,-0.431843783389348
907,2018,528,48,448,32,0.837427891435269,0.766055375240345,1.080406425505,1.81081968890339,0.646403421232542,0.193208875039607,2.24825802983521,0.789999586164467,1.38674535142525,0.775362892118323
907,2019,184,0,160,24,1.83664311816422,0.837427891435269,1.68077578444077,1.080406425505,1.75106512757782,0.646403421232542,0.519595582260815,-2.20395916754392,0.789999586164467,0.809723613432583
907,2020,176,44,116,16,1.2326062442619,1.83664311816422,1.05006284779706,1.68077578444077,1.21289660397371,1.75106512757782,0.800651842650487,0.476281812427369,-2.20395916754392,-0.578449527663525
907,2021,140,0,80,60,0.191318797460161,1.2326062442619,0.352160560514324,1.05006284779706,0.0966952216837061,1.21289660397371,-0.236545625894148,-0.299487682411648,0.476281812427369,-0.599065960452081
907,2022,136,0,108,28,0.866728187557396,0.191318797460161,1.12808919047463,0.352160560514324,0.664237465874393,0.0966952216837061,1.05745451711821,0.080724619454508,-0.299487682411648,-0.686113121114873
907,2023,48,4,20,24,0.381395077431906,0.866728187557396,-0.46711603760019,1.12808919047463,0.758652996331254,0.664237465874393,1.10405944692902,-0.659240129468862,0.080724619454508,1.43050731184355
907,2024,56,12,24,20,1.5128372815325,0.381395077431906,1.70461716692559,-0.46711603760019,1.28737996688968,0.758652996331254,1.14162872708263,-0.186958480962471,-0.659240129468862,1.1647844003466
908,1976,468,184,232,52,-0.311293974480939,-1.69066176115338,-0.982956858635256,-1.63534377935607,0.0410949648591091,-1.56921436015513,1.02559196306388,-0.61491044404949,0.391032417390115,-1.46724685232572
908,1977,4,0,4,0,1.35281258732704,-0.311293974480939,0.56890040128536,-0.982956858635256,1.61363807769061,0.0410949648591091,-1.27279197342224,-0.828033931642627,-0.61491044404949,-0.0424222751610675
908,1978,0,0,0,0,-0.813155456777886,1.35281258732704,-0.298058961798782,0.56890040128536,-0.99118150146924,1.61363807769061,-1.80969978726309,-0.770064343017293,-0.828033931642627,0.324092085524374
908,1979,0,0,0,0,-1.44874649573479,-0.813155456777886,-1.59633060801729,-0.298058961798782,-1.25029967950085,-0.99118150146924,-1.81350427132927,-0.204008359969922,-0.770064343017293,1.65041592825481
908,1980,0,0,0,0,-1.26242666398383,-1.44874649573479,-1.07398759175909,-1.59633060801729,-1.2429562493542,-1.25029967950085,-1.14676843872974,-0.558645843324902,-0.204008359969922,0.502767836358527
908,1981,0,0,0,0,-1.17978480312655,-1.26242666398383,-0.857247750988055,-1.07398759175909,-1.23246563485899,-1.2429562493542,-0.999820241673213,1.58111397211019,-0.558645843324902,1.0365043741067
908,1983,712,376,328,8,0.908800407630193,-1.34581981448527,1.3101506567223,-0.58632295002426,0.634863745287814,-1.59544089639315,0.494866435830588,-0.589335625538314,0.409787284298311,1.38240230200359
908,1984,64,0,40,24,1.40164641419725,0.908800407630193,1.03055626212767,1.3101506567223,1.45837698316155,0.634863745287814,-1.55384823381191,-1.54753882575706,-0.589335625538314,-0.837300294897618
908,1985,4,0,4,0,-1.66136146503125,1.40164641419725,-1.58549361597874,1.03055626212767,-1.5524293769628,1.45837698316155,-1.10539467450994,-0.342112379930275,-1.54753882575706,0.143125619935937
908,2009,24,0,24,0,0.346835753800683,0.395669580670893,0.415015114337925,1.31448545353772,0.283428159698386,-0.0837433476338508,0.371696264187735,0.343292756169253,1.77889256859662,-0.851044583423322
908,2011,152,12,108,32,1.04403254357847,0.0365531307637987,0.50821324586947,0.347825763698904,1.21184754252419,-0.117313314018514,-0.54803775881333,-0.868953641260509,0.239288494223802,-1.671120465457
908,2012,148,4,112,32,-0.852222518274054,1.04403254357847,-0.497459615308135,0.50821324586947,-0.949219043488411,1.21184754252419,0.179569818845217,2.51203736591701,-0.868953641260509,-0.862498157194742
908,2013,152,8,100,44,-0.765824209195988,-0.852222518274054,-0.291556766575652,-0.497459615308135,-0.928237814497998,-0.949219043488411,-0.324999880433029,0.614385832387722,2.51203736591701,-1.04346462278318
908,2014,292,8,164,120,0.17554171493286,-0.765824209195988,-0.0336363560581194,-0.291556766575652,0.261397869258452,-0.928237814497998,0.155316232923267,-0.959317999999999,0.614385832387722,-0.484530222737881
908,2015,56,0,56,0,0.906546538697723,0.17554171493286,1.18660894748281,-0.0336363560581194,0.691513063561931,0.261397869258452,-0.192318498624706,0.358637647275958,-0.959317999999999,-0.564705239137821
908,2016,236,84,148,4,-0.179818286753447,0.906546538697723,-0.581988153208839,1.18660894748281,0.0306043503639035,0.691513063561931,0.868181434825334,-0.374507150044432,0.358637647275958,0.743292885558347
908,2017,28,0,24,4,0.766055375240345,-0.179818286753447,1.81081968890339,-0.581988153208839,0.193208875039607,0.0306043503639035,0.921919772260247,1.38674535142525,-0.374507150044432,-0.431843783389348
908,2018,432,64,360,8,0.837427891435269,0.766055375240345,1.080406425505,1.81081968890339,0.646403421232542,0.193208875039607,2.24825802983521,0.789999586164467,1.38674535142525,0.775362892118323
908,2019,124,0,120,4,1.83664311816422,0.837427891435269,1.68077578444077,1.080406425505,1.75106512757782,0.646403421232542,0.519595582260815,-2.20395916754392,0.789999586164467,0.809723613432583
908,2020,280,24,252,4,1.2326062442619,1.83664311816422,1.05006284779706,1.68077578444077,1.21289660397371,1.75106512757782,0.800651842650487,0.476281812427369,-2.20395916754392,-0.578449527663525
908,2021,52,0,48,4,0.191318797460161,1.2326062442619,0.352160560514324,1.05006284779706,0.0966952216837061,1.21289660397371,-0.236545625894148,-0.299487682411648,0.476281812427369,-0.599065960452081
908,2022,244,0,184,60,0.866728187557396,0.191318797460161,1.12808919047463,0.352160560514324,0.664237465874393,0.0966952216837061,1.05745451711821,0.080724619454508,-0.299487682411648,-0.686113121114873
908,2023,120,12,88,20,0.381395077431906,0.866728187557396,-0.46711603760019,1.12808919047463,0.758652996331254,0.664237465874393,1.10405944692902,-0.659240129468862,0.080724619454508,1.43050731184355
908,2024,104,4,76,24,1.5128372815325,0.381395077431906,1.70461716692559,-0.46711603760019,1.28737996688968,0.758652996331254,1.14162872708263,-0.186958480962471,-0.659240129468862,1.1647844003466
908,2025,0,0,0,0,-0.188082472839174,1.5128372815325,-0.174517252559292,1.70461716692559,-0.178158878090712,1.28737996688968,1.19869598807546,-0.0335095698954131,-0.186958480962471,-1.52451472118282
909,1976,776,388,368,20,-0.311293974480939,-1.69066176115338,-0.982956858635256,-1.63534377935607,0.0410949648591091,-1.56921436015513,1.02559196306388,-0.61491044404949,0.391032417390115,-1.46724685232572
909,1977,4,0,4,0,1.35281258732704,-0.311293974480939,0.56890040128536,-0.982956858635256,1.61363807769061,0.0410949648591091,-1.27279197342224,-0.828033931642627,-0.61491044404949,-0.0424222751610675
909,1978,0,0,0,0,-0.813155456777886,1.35281258732704,-0.298058961798782,0.56890040128536,-0.99118150146924,1.61363807769061,-1.80969978726309,-0.770064343017293,-0.828033931642627,0.324092085524374
909,1979,196,104,68,24,-1.44874649573479,-0.813155456777886,-1.59633060801729,-0.298058961798782,-1.25029967950085,-0.99118150146924,-1.81350427132927,-0.204008359969922,-0.770064343017293,1.65041592825481
909,1980,0,0,0,0,-1.26242666398383,-1.44874649573479,-1.07398759175909,-1.59633060801729,-1.2429562493542,-1.25029967950085,-1.14676843872974,-0.558645843324902,-0.204008359969922,0.502767836358527
909,1981,0,0,0,0,-1.17978480312655,-1.26242666398383,-0.857247750988055,-1.07398759175909,-1.23246563485899,-1.2429562493542,-0.999820241673213,1.58111397211019,-0.558645843324902,1.0365043741067
909,1983,1344,688,632,24,0.908800407630193,-1.34581981448527,1.3101506567223,-0.58632295002426,0.634863745287814,-1.59544089639315,0.494866435830588,-0.589335625538314,0.409787284298311,1.38240230200359
909,1984,0,0,0,0,1.40164641419725,0.908800407630193,1.03055626212767,1.3101506567223,1.45837698316155,0.634863745287814,-1.55384823381191,-1.54753882575706,-0.589335625538314,-0.837300294897618
909,1985,4,0,4,0,-1.66136146503125,1.40164641419725,-1.58549361597874,1.03055626212767,-1.5524293769628,1.45837698316155,-1.10539467450994,-0.342112379930275,-1.54753882575706,0.143125619935937
909,1986,8,0,0,8,-1.16701287917588,-1.66136146503125,-1.2430446675605,-1.58549361597874,-1.02789865220246,-1.5524293769628,-0.558024529487074,0.530841425251213,-0.342112379930275,-0.298982327640876
909,1987,1116,1076,0,40,-0.0611145229766259,-1.16701287917588,-0.679521081555805,-1.2430446675605,0.243563824616599,-1.02789865220246,-2.02560425801928,-1.0803721409529,0.530841425251213,0.598977856038455
909,1988,0,0,0,0,-1.3435659455528,-0.0611145229766259,-1.08482458379764,-0.679521081555805,-1.35100957865483,0.243563824616599,-0.526161975432745,1.63567358493403,-1.0803721409529,0.39052281339861
909,1989,12,0,12,0,-1.10390454906668,-1.3435659455528,-0.259045790459996,-1.08482458379764,-1.41605138852511,-1.35100957865483,0.301788869471523,0.30237304655137,1.63567358493403,1.88635954794607
909,1990,1296,1024,204,68,0.0155170207273984,-1.10390454906668,-0.870252141434317,-0.259045790459996,0.442885500025529,-1.41605138852511,-0.125264466958135,-0.793934173627725,0.30237304655137,-0.566995953892105
909,1991,20,0,20,0,-0.839450594323384,0.0155170207273984,-1.00463084271236,-0.870252141434317,-0.685904619658721,0.442885500025529,-1.40880227878847,-0.810984052635176,-0.793934173627725,-1.28169895722872
909,1992,616,380,96,140,-0.885279262616967,-0.839450594323384,-0.2807197745371,-1.00463084271236,-1.10028389221939,-0.685904619658721,1.38844463087661,1.13611213001572,-0.810984052635176,0.644792151124135
909,1993,160,16,64,80,0.872738504710653,-0.885279262616967,1.2256221188216,-0.2807197745371,0.625422192242126,-1.10028389221939,-0.866663299356616,-0.239813105885569,1.13611213001572,-1.13509321295454
909,1994,12,0,8,4,-0.7936219260298,0.872738504710653,-0.33707213313757,1.2256221188216,-0.945022797690328,0.625422192242126,0.482977423123751,1.51973440768337,-0.239813105885569,1.22663369871227
909,1995,972,460,216,296,1.08234831543049,-0.7936219260298,1.00021268441972,-0.33707213313757,1.02721272740855,-0.945022797690328,0.84250116737856,-0.473396448287647,1.51973440768337,0.044624885501725
909,1996,0,0,0,0,0.497844972276258,1.08234831543049,0.644759345555222,1.00021268441972,0.38308899740285,1.02721272740855,-1.41974017047877,-0.546710928019686,-0.473396448287647,-1.97807624253105
909,1997,0,0,0,0,-1.09789423191343,0.497844972276258,-1.7025331299951,0.644759345555222,-0.708983971548177,0.38308899740285,0.680335034057278,-1.05479732244172,-0.546710928019686,-1.04117390802889
909,1998,148,0,108,40,-0.161787335293677,-1.09789423191343,-0.0596451369506434,-1.7025331299951,-0.197041984182085,-0.708983971548177,-0.229412218270045,-0.186958480962471,-1.05479732244172,2.49110824307704
909,1999,40,0,24,16,-0.662146238302307,-0.161787335293677,0.100742345219923,-0.0596451369506434,-0.973347456827387,-0.197041984182085,0.362185054022264,1.95109634657188,-0.186958480962471,0.9792365052496
909,2000,1636,1328,280,28,0.101164040161309,-0.662146238302307,-0.482287826454164,0.100742345219923,0.374696505806684,-0.973347456827387,-0.236545625894148,-0.352342307334746,1.95109634657188,0.303475652735818
909,2001,0,0,0,0,-1.05657330148479,0.101164040161309,-1.16285092647522,-0.482287826454164,-0.912501892755187,0.374696505806684,0.521497824293908,0.212008687811881,-0.352342307334746,1.29077371183222
909,2002,108,28,80,0,-0.0370732543635989,-1.05657330148479,-0.289389368167941,-1.16285092647522,0.0883027300875385,-0.912501892755187,0.473466212958276,-0.103414073825962,0.212008687811881,-0.521181658806425
909,2003,76,0,68,8,0.0733663233274958,-0.0370732543635989,0.0248834009500607,-0.289389368167941,0.0904008529865809,0.0883027300875385,1.09977940235456,0.604155904983252,-0.103414073825962,-0.814393147354778
909,2004,1252,1160,72,20,1.02975804033949,0.0733663233274958,-0.191856439820975,0.0248834009500607,1.53076222317847,0.0904008529865809,-0.35448463194599,-1.39749989049149,0.604155904983252,-0.690694550623442
909,2005,0,0,0,0,-0.848466070053269,1.02975804033949,-1.49229548444719,-0.191856439820975,-0.462454530910818,1.53076222317847,-0.384444943967224,0.766129755554036,-1.39749989049149,0.170614196987345
909,2006,216,156,40,20,0.316032878390239,-0.848466070053269,0.319649584398668,-1.49229548444719,0.286575344046948,-0.462454530910818,1.50590807642018,1.09178244459635,0.766129755554036,0.889898629832524
909,2007,280,52,172,56,2.20026730593625,0.316032878390239,1.6027494417632,0.319649584398668,2.29657708132857,0.286575344046948,0.355527206906436,-1.93286609132545,1.09178244459635,-0.461623075195041
909,2008,72,0,64,8,0.395669580670893,2.20026730593625,1.31448545353772,1.6027494417632,-0.0837433476338508,2.29657708132857,0.913359683111323,1.77889256859662,-1.93286609132545,0.47069782979855
909,2009,248,140,88,20,0.346835753800683,0.395669580670893,0.415015114337925,1.31448545353772,0.283428159698386,-0.0837433476338508,0.371696264187735,0.343292756169253,1.77889256859662,-0.851044583423322
909,2010,40,8,24,8,0.0365531307637987,0.346835753800683,0.347825763698904,0.415015114337925,-0.117313314018514,0.283428159698386,-0.406320727347809,0.239288494223802,0.343292756169253,-0.454750930932189
909,2011,1120,656,372,92,1.04403254357847,0.0365531307637987,0.50821324586947,0.347825763698904,1.21184754252419,-0.117313314018514,-0.54803775881333,-0.868953641260509,0.239288494223802,-1.671120465457
909,2012,364,4,276,84,-0.852222518274054,1.04403254357847,-0.497459615308135,0.50821324586947,-0.949219043488411,1.21184754252419,0.179569818845217,2.51203736591701,-0.868953641260509,-0.862498157194742
909,2013,32,12,20,0,-0.765824209195988,-0.852222518274054,-0.291556766575652,-0.497459615308135,-0.928237814497998,-0.949219043488411,-0.324999880433029,0.614385832387722,2.51203736591701,-1.04346462278318
909,2014,864,340,408,116,0.17554171493286,-0.765824209195988,-0.0336363560581194,-0.291556766575652,0.261397869258452,-0.928237814497998,0.155316232923267,-0.959317999999999,0.614385832387722,-0.484530222737881
909,2015,68,0,56,12,0.906546538697723,0.17554171493286,1.18660894748281,-0.0336363560581194,0.691513063561931,0.261397869258452,-0.192318498624706,0.358637647275958,-0.959317999999999,-0.564705239137821
909,2016,128,16,84,28,-0.179818286753447,0.906546538697723,-0.581988153208839,1.18660894748281,0.0306043503639035,0.691513063561931,0.868181434825334,-0.374507150044432,0.358637647275958,0.743292885558347
909,2017,84,0,60,24,0.766055375240345,-0.179818286753447,1.81081968890339,-0.581988153208839,0.193208875039607,0.0306043503639035,0.921919772260247,1.38674535142525,-0.374507150044432,-0.431843783389348
909,2018,936,372,432,132,0.837427891435269,0.766055375240345,1.080406425505,1.81081968890339,0.646403421232542,0.193208875039607,2.24825802983521,0.789999586164467,1.38674535142525,0.775362892118323
909,2019,160,0,132,28,1.83664311816422,0.837427891435269,1.68077578444077,1.080406425505,1.75106512757782,0.646403421232542,0.519595582260815,-2.20395916754392,0.789999586164467,0.809723613432583
909,2020,124,40,44,40,1.2326062442619,1.83664311816422,1.05006284779706,1.68077578444077,1.21289660397371,1.75106512757782,0.800651842650487,0.476281812427369,-2.20395916754392,-0.578449527663525
909,2021,296,4,220,72,0.191318797460161,1.2326062442619,0.352160560514324,1.05006284779706,0.0966952216837061,1.21289660397371,-0.236545625894148,-0.299487682411648,0.476281812427369,-0.599065960452081
909,2022,164,32,96,36,0.866728187557396,0.191318797460161,1.12808919047463,0.352160560514324,0.664237465874393,0.0966952216837061,1.05745451711821,0.080724619454508,-0.299487682411648,-0.686113121114873
909,2023,224,40,168,16,0.381395077431906,0.866728187557396,-0.46711603760019,1.12808919047463,0.758652996331254,0.664237465874393,1.10405944692902,-0.659240129468862,0.080724619454508,1.43050731184355
909,2024,140,24,96,20,1.5128372815325,0.381395077431906,1.70461716692559,-0.46711603760019,1.28737996688968,0.758652996331254,1.14162872708263,-0.186958480962471,-0.659240129468862,1.1647844003466
909,2025,4,0,4,0,-0.188082472839174,1.5128372815325,-0.174517252559292,1.70461716692559,-0.178158878090712,1.28737996688968,1.19869598807546,-0.0335095698954131,-0.186958480962471,-1.52451472118282
910,1976,984,416,568,0,-0.311293974480939,-1.69066176115338,-0.982956858635256,-1.63534377935607,0.0410949648591091,-1.56921436015513,1.02559196306388,-0.61491044404949,0.391032417390115,-1.46724685232572
910,1977,20,0,16,4,1.35281258732704,-0.311293974480939,0.56890040128536,-0.982956858635256,1.61363807769061,0.0410949648591091,-1.27279197342224,-0.828033931642627,-0.61491044404949,-0.0424222751610675
910,1978,0,0,0,0,-0.813155456777886,1.35281258732704,-0.298058961798782,0.56890040128536,-0.99118150146924,1.61363807769061,-1.80969978726309,-0.770064343017293,-0.828033931642627,0.324092085524374
910,1979,144,16,116,12,-1.44874649573479,-0.813155456777886,-1.59633060801729,-0.298058961798782,-1.25029967950085,-0.99118150146924,-1.81350427132927,-0.204008359969922,-0.770064343017293,1.65041592825481
910,1980,0,0,0,0,-1.26242666398383,-1.44874649573479,-1.07398759175909,-1.59633060801729,-1.2429562493542,-1.25029967950085,-1.14676843872974,-0.558645843324902,-0.204008359969922,0.502767836358527
910,1981,0,0,0,0,-1.17978480312655,-1.26242666398383,-0.857247750988055,-1.07398759175909,-1.23246563485899,-1.2429562493542,-0.999820241673213,1.58111397211019,-0.558645843324902,1.0365043741067
910,1983,1940,324,1576,40,0.908800407630193,-1.34581981448527,1.3101506567223,-0.58632295002426,0.634863745287814,-1.59544089639315,0.494866435830588,-0.589335625538314,0.409787284298311,1.38240230200359
910,1984,0,0,0,0,1.40164641419725,0.908800407630193,1.03055626212767,1.3101506567223,1.45837698316155,0.634863745287814,-1.55384823381191,-1.54753882575706,-0.589335625538314,-0.837300294897618
910,1985,4,0,4,0,-1.66136146503125,1.40164641419725,-1.58549361597874,1.03055626212767,-1.5524293769628,1.45837698316155,-1.10539467450994,-0.342112379930275,-1.54753882575706,0.143125619935937
910,1986,8,8,0,0,-1.16701287917588,-1.66136146503125,-1.2430446675605,-1.58549361597874,-1.02789865220246,-1.5524293769628,-0.558024529487074,0.530841425251213,-0.342112379930275,-0.298982327640876
910,1987,624,572,0,52,-0.0611145229766259,-1.16701287917588,-0.679521081555805,-1.2430446675605,0.243563824616599,-1.02789865220246,-2.02560425801928,-1.0803721409529,0.530841425251213,0.598977856038455
910,1988,0,0,0,0,-1.3435659455528,-0.0611145229766259,-1.08482458379764,-0.679521081555805,-1.35100957865483,0.243563824616599,-0.526161975432745,1.63567358493403,-1.0803721409529,0.39052281339861
910,1990,1476,840,588,48,0.0155170207273984,-1.10390454906668,-0.870252141434317,-0.259045790459996,0.442885500025529,-1.41605138852511,-0.125264466958135,-0.793934173627725,0.30237304655137,-0.566995953892105
910,1991,132,0,132,0,-0.839450594323384,0.0155170207273984,-1.00463084271236,-0.870252141434317,-0.685904619658721,0.442885500025529,-1.40880227878847,-0.810984052635176,-0.793934173627725,-1.28169895722872
910,1992,768,452,140,176,-0.885279262616967,-0.839450594323384,-0.2807197745371,-1.00463084271236,-1.10028389221939,-0.685904619658721,1.38844463087661,1.13611213001572,-0.810984052635176,0.644792151124135
910,1993,112,0,88,24,0.872738504710653,-0.885279262616967,1.2256221188216,-0.2807197745371,0.625422192242126,-1.10028389221939,-0.866663299356616,-0.239813105885569,1.13611213001572,-1.13509321295454
910,1994,68,4,64,0,-0.7936219260298,0.872738504710653,-0.33707213313757,1.2256221188216,-0.945022797690328,0.625422192242126,0.482977423123751,1.51973440768337,-0.239813105885569,1.22663369871227
910,1995,1076,648,288,140,1.08234831543049,-0.7936219260298,1.00021268441972,-0.33707213313757,1.02721272740855,-0.945022797690328,0.84250116737856,-0.473396448287647,1.51973440768337,0.044624885501725
910,1996,0,0,0,0,0.497844972276258,1.08234831543049,0.644759345555222,1.00021268441972,0.38308899740285,1.02721272740855,-1.41974017047877,-0.546710928019686,-0.473396448287647,-1.97807624253105
910,1997,0,0,0,0,-1.09789423191343,0.497844972276258,-1.7025331299951,0.644759345555222,-0.708983971548177,0.38308899740285,0.680335034057278,-1.05479732244172,-0.546710928019686,-1.04117390802889
910,1998,60,0,56,4,-0.161787335293677,-1.09789423191343,-0.0596451369506434,-1.7025331299951,-0.197041984182085,-0.708983971548177,-0.229412218270045,-0.186958480962471,-1.05479732244172,2.49110824307704
910,1999,96,0,72,24,-0.662146238302307,-0.161787335293677,0.100742345219923,-0.0596451369506434,-0.973347456827387,-0.197041984182085,0.362185054022264,1.95109634657188,-0.186958480962471,0.9792365052496
910,2000,1744,960,776,8,0.101164040161309,-0.662146238302307,-0.482287826454164,0.100742345219923,0.374696505806684,-0.973347456827387,-0.236545625894148,-0.352342307334746,1.95109634657188,0.303475652735818
910,2001,0,0,0,0,-1.05657330148479,0.101164040161309,-1.16285092647522,-0.482287826454164,-0.912501892755187,0.374696505806684,0.521497824293908,0.212008687811881,-0.352342307334746,1.29077371183222
910,2002,228,12,216,0,-0.0370732543635989,-1.05657330148479,-0.289389368167941,-1.16285092647522,0.0883027300875385,-0.912501892755187,0.473466212958276,-0.103414073825962,0.212008687811881,-0.521181658806425
910,2003,12,0,8,4,0.0733663233274958,-0.0370732543635989,0.0248834009500607,-0.289389368167941,0.0904008529865809,0.0883027300875385,1.09977940235456,0.604155904983252,-0.103414073825962,-0.814393147354778
910,2004,1056,800,224,32,1.02975804033949,0.0733663233274958,-0.191856439820975,0.0248834009500607,1.53076222317847,0.0904008529865809,-0.35448463194599,-1.39749989049149,0.604155904983252,-0.690694550623442
910,2005,0,0,0,0,-0.848466070053269,1.02975804033949,-1.49229548444719,-0.191856439820975,-0.462454530910818,1.53076222317847,-0.384444943967224,0.766129755554036,-1.39749989049149,0.170614196987345
910,2006,116,32,56,28,0.316032878390239,-0.848466070053269,0.319649584398668,-1.49229548444719,0.286575344046948,-0.462454530910818,1.50590807642018,1.09178244459635,0.766129755554036,0.889898629832524
910,2007,1280,76,1080,124,2.20026730593625,0.316032878390239,1.6027494417632,0.319649584398668,2.29657708132857,0.286575344046948,0.355527206906436,-1.93286609132545,1.09178244459635,-0.461623075195041
910,2008,4,0,4,0,0.395669580670893,2.20026730593625,1.31448545353772,1.6027494417632,-0.0837433476338508,2.29657708132857,0.913359683111323,1.77889256859662,-1.93286609132545,0.47069782979855
911,1979,72,48,4,20,-1.44874649573479,-0.813155456777886,-1.59633060801729,-0.298058961798782,-1.25029967950085,-0.99118150146924,-1.81350427132927,-0.204008359969922,-0.770064343017293,1.65041592825481
911,1980,0,0,0,0,-1.26242666398383,-1.44874649573479,-1.07398759175909,-1.59633060801729,-1.2429562493542,-1.25029967950085,-1.14676843872974,-0.558645843324902,-0.204008359969922,0.502767836358527
911,1981,0,0,0,0,-1.17978480312655,-1.26242666398383,-0.857247750988055,-1.07398759175909,-1.23246563485899,-1.2429562493542,-0.999820241673213,1.58111397211019,-0.558645843324902,1.0365043741067
911,1983,1424,728,656,40,0.908800407630193,-1.34581981448527,1.3101506567223,-0.58632295002426,0.634863745287814,-1.59544089639315,0.494866435830588,-0.589335625538314,0.409787284298311,1.38240230200359
911,1984,0,0,0,0,1.40164641419725,0.908800407630193,1.03055626212767,1.3101506567223,1.45837698316155,0.634863745287814,-1.55384823381191,-1.54753882575706,-0.589335625538314,-0.837300294897618
911,1985,8,0,4,4,-1.66136146503125,1.40164641419725,-1.58549361597874,1.03055626212767,-1.5524293769628,1.45837698316155,-1.10539467450994,-0.342112379930275,-1.54753882575706,0.143125619935937
911,1986,48,4,0,44,-1.16701287917588,-1.66136146503125,-1.2430446675605,-1.58549361597874,-1.02789865220246,-1.5524293769628,-0.558024529487074,0.530841425251213,-0.342112379930275,-0.298982327640876
911,1987,648,592,0,56,-0.0611145229766259,-1.16701287917588,-0.679521081555805,-1.2430446675605,0.243563824616599,-1.02789865220246,-2.02560425801928,-1.0803721409529,0.530841425251213,0.598977856038455
911,1988,0,0,0,0,-1.3435659455528,-0.0611145229766259,-1.08482458379764,-0.679521081555805,-1.35100957865483,0.243563824616599,-0.526161975432745,1.63567358493403,-1.0803721409529,0.39052281339861
911,1990,2224,1568,532,124,0.0155170207273984,-1.10390454906668,-0.870252141434317,-0.259045790459996,0.442885500025529,-1.41605138852511,-0.125264466958135,-0.793934173627725,0.30237304655137,-0.566995953892105
911,1991,48,0,48,0,-0.839450594323384,0.0155170207273984,-1.00463084271236,-0.870252141434317,-0.685904619658721,0.442885500025529,-1.40880227878847,-0.810984052635176,-0.793934173627725,-1.28169895722872
911,1992,2548,1172,1176,200,-0.885279262616967,-0.839450594323384,-0.2807197745371,-1.00463084271236,-1.10028389221939,-0.685904619658721,1.38844463087661,1.13611213001572,-0.810984052635176,0.644792151124135
911,1993,88,4,56,28,0.872738504710653,-0.885279262616967,1.2256221188216,-0.2807197745371,0.625422192242126,-1.10028389221939,-0.866663299356616,-0.239813105885569,1.13611213001572,-1.13509321295454
911,1994,64,0,16,48,-0.7936219260298,0.872738504710653,-0.33707213313757,1.2256221188216,-0.945022797690328,0.625422192242126,0.482977423123751,1.51973440768337,-0.239813105885569,1.22663369871227
911,1995,872,432,232,208,1.08234831543049,-0.7936219260298,1.00021268441972,-0.33707213313757,1.02721272740855,-0.945022797690328,0.84250116737856,-0.473396448287647,1.51973440768337,0.044624885501725
911,1996,0,0,0,0,0.497844972276258,1.08234831543049,0.644759345555222,1.00021268441972,0.38308899740285,1.02721272740855,-1.41974017047877,-0.546710928019686,-0.473396448287647,-1.97807624253105
911,1997,4,0,4,0,-1.09789423191343,0.497844972276258,-1.7025331299951,0.644759345555222,-0.708983971548177,0.38308899740285,0.680335034057278,-1.05479732244172,-0.546710928019686,-1.04117390802889
911,1998,280,0,244,36,-0.161787335293677,-1.09789423191343,-0.0596451369506434,-1.7025331299951,-0.197041984182085,-0.708983971548177,-0.229412218270045,-0.186958480962471,-1.05479732244172,2.49110824307704
911,1999,284,0,232,52,-0.662146238302307,-0.161787335293677,0.100742345219923,-0.0596451369506434,-0.973347456827387,-0.197041984182085,0.362185054022264,1.95109634657188,-0.186958480962471,0.9792365052496
911,2000,2028,1376,604,48,0.101164040161309,-0.662146238302307,-0.482287826454164,0.100742345219923,0.374696505806684,-0.973347456827387,-0.236545625894148,-0.352342307334746,1.95109634657188,0.303475652735818
911,2001,0,0,0,0,-1.05657330148479,0.101164040161309,-1.16285092647522,-0.482287826454164,-0.912501892755187,0.374696505806684,0.521497824293908,0.212008687811881,-0.352342307334746,1.29077371183222
911,2002,132,16,108,8,-0.0370732543635989,-1.05657330148479,-0.289389368167941,-1.16285092647522,0.0883027300875385,-0.912501892755187,0.473466212958276,-0.103414073825962,0.212008687811881,-0.521181658806425
911,2003,36,0,36,0,0.0733663233274958,-0.0370732543635989,0.0248834009500607,-0.289389368167941,0.0904008529865809,0.0883027300875385,1.09977940235456,0.604155904983252,-0.103414073825962,-0.814393147354778
911,2004,2052,1352,672,28,1.02975804033949,0.0733663233274958,-0.191856439820975,0.0248834009500607,1.53076222317847,0.0904008529865809,-0.35448463194599,-1.39749989049149,0.604155904983252,-0.690694550623442
911,2005,0,0,0,0,-0.848466070053269,1.02975804033949,-1.49229548444719,-0.191856439820975,-0.462454530910818,1.53076222317847,-0.384444943967224,0.766129755554036,-1.39749989049149,0.170614196987345
911,2006,336,196,96,44,0.316032878390239,-0.848466070053269,0.319649584398668,-1.49229548444719,0.286575344046948,-0.462454530910818,1.50590807642018,1.09178244459635,0.766129755554036,0.889898629832524
911,2007,496,172,252,72,2.20026730593625,0.316032878390239,1.6027494417632,0.319649584398668,2.29657708132857,0.286575344046948,0.355527206906436,-1.93286609132545,1.09178244459635,-0.461623075195041
911,2008,76,0,72,4,0.395669580670893,2.20026730593625,1.31448545353772,1.6027494417632,-0.0837433476338508,2.29657708132857,0.913359683111323,1.77889256859662,-1.93286609132545,0.47069782979855
911,2009,468,188,252,28,0.346835753800683,0.395669580670893,0.415015114337925,1.31448545353772,0.283428159698386,-0.0837433476338508,0.371696264187735,0.343292756169253,1.77889256859662,-0.851044583423322
911,2010,52,0,24,28,0.0365531307637987,0.346835753800683,0.347825763698904,0.415015114337925,-0.117313314018514,0.283428159698386,-0.406320727347809,0.239288494223802,0.343292756169253,-0.454750930932189
911,2011,1992,1176,720,96,1.04403254357847,0.0365531307637987,0.50821324586947,0.347825763698904,1.21184754252419,-0.117313314018514,-0.54803775881333,-0.868953641260509,0.239288494223802,-1.671120465457
911,2012,360,4,272,84,-0.852222518274054,1.04403254357847,-0.497459615308135,0.50821324586947,-0.949219043488411,1.21184754252419,0.179569818845217,2.51203736591701,-0.868953641260509,-0.862498157194742
911,2013,300,16,224,60,-0.765824209195988,-0.852222518274054,-0.291556766575652,-0.497459615308135,-0.928237814497998,-0.949219043488411,-0.324999880433029,0.614385832387722,2.51203736591701,-1.04346462278318
911,2014,1140,268,648,224,0.17554171493286,-0.765824209195988,-0.0336363560581194,-0.291556766575652,0.261397869258452,-0.928237814497998,0.155316232923267,-0.959317999999999,0.614385832387722,-0.484530222737881
911,2015,176,4,156,16,0.906546538697723,0.17554171493286,1.18660894748281,-0.0336363560581194,0.691513063561931,0.261397869258452,-0.192318498624706,0.358637647275958,-0.959317999999999,-0.564705239137821
911,2016,372,220,84,68,-0.179818286753447,0.906546538697723,-0.581988153208839,1.18660894748281,0.0306043503639035,0.691513063561931,0.868181434825334,-0.374507150044432,0.358637647275958,0.743292885558347
911,2017,132,0,108,24,0.766055375240345,-0.179818286753447,1.81081968890339,-0.581988153208839,0.193208875039607,0.0306043503639035,0.921919772260247,1.38674535142525,-0.374507150044432,-0.431843783389348
911,2018,1604,568,800,236,0.837427891435269,0.766055375240345,1.080406425505,1.81081968890339,0.646403421232542,0.193208875039607,2.24825802983521,0.789999586164467,1.38674535142525,0.775362892118323
911,2019,232,0,192,40,1.83664311816422,0.837427891435269,1.68077578444077,1.080406425505,1.75106512757782,0.646403421232542,0.519595582260815,-2.20395916754392,0.789999586164467,0.809723613432583
911,2020,280,48,176,56,1.2326062442619,1.83664311816422,1.05006284779706,1.68077578444077,1.21289660397371,1.75106512757782,0.800651842650487,0.476281812427369,-2.20395916754392,-0.578449527663525
911,2021,164,0,124,40,0.191318797460161,1.2326062442619,0.352160560514324,1.05006284779706,0.0966952216837061,1.21289660397371,-0.236545625894148,-0.299487682411648,0.476281812427369,-0.599065960452081
911,2022,240,44,144,52,0.866728187557396,0.191318797460161,1.12808919047463,0.352160560514324,0.664237465874393,0.0966952216837061,1.05745451711821,0.080724619454508,-0.299487682411648,-0.686113121114873
911,2023,120,12,72,36,0.381395077431906,0.866728187557396,-0.46711603760019,1.12808919047463,0.758652996331254,0.664237465874393,1.10405944692902,-0.659240129468862,0.080724619454508,1.43050731184355
911,2024,820,72,616,132,1.5128372815325,0.381395077431906,1.70461716692559,-0.46711603760019,1.28737996688968,0.758652996331254,1.14162872708263,-0.186958480962471,-0.659240129468862,1.1647844003466
911,2025,20,0,20,0,-0.188082472839174,1.5128372815325,-0.174517252559292,1.70461716692559,-0.178158878090712,1.28737996688968,1.19869598807546,-0.0335095698954131,-0.186958480962471,-1.52451472118282
912,1976,132,4,128,0,-0.311293974480939,-1.69066176115338,-0.982956858635256,-1.63534377935607,0.0410949648591091,-1.56921436015513,1.02559196306388,-0.61491044404949,0.391032417390115,-1.46724685232572
912,1977,12,4,8,0,1.35281258732704,-0.311293974480939,0.56890040128536,-0.982956858635256,1.61363807769061,0.0410949648591091,-1.27279197342224,-0.828033931642627,-0.61491044404949,-0.0424222751610675
912,1978,0,0,0,0,-0.813155456777886,1.35281258732704,-0.298058961798782,0.56890040128536,-0.99118150146924,1.61363807769061,-1.80969978726309,-0.770064343017293,-0.828033931642627,0.324092085524374
912,1979,4,0,4,0,-1.44874649573479,-0.813155456777886,-1.59633060801729,-0.298058961798782,-1.25029967950085,-0.99118150146924,-1.81350427132927,-0.204008359969922,-0.770064343017293,1.65041592825481
912,1980,0,0,0,0,-1.26242666398383,-1.44874649573479,-1.07398759175909,-1.59633060801729,-1.2429562493542,-1.25029967950085,-1.14676843872974,-0.558645843324902,-0.204008359969922,0.502767836358527
912,1981,0,0,0,0,-1.17978480312655,-1.26242666398383,-0.857247750988055,-1.07398759175909,-1.23246563485899,-1.2429562493542,-0.999820241673213,1.58111397211019,-0.558645843324902,1.0365043741067
912,1983,1580,484,1060,36,0.908800407630193,-1.34581981448527,1.3101506567223,-0.58632295002426,0.634863745287814,-1.59544089639315,0.494866435830588,-0.589335625538314,0.409787284298311,1.38240230200359
912,1984,0,0,0,0,1.40164641419725,0.908800407630193,1.03055626212767,1.3101506567223,1.45837698316155,0.634863745287814,-1.55384823381191,-1.54753882575706,-0.589335625538314,-0.837300294897618
912,1985,0,0,0,0,-1.66136146503125,1.40164641419725,-1.58549361597874,1.03055626212767,-1.5524293769628,1.45837698316155,-1.10539467450994,-0.342112379930275,-1.54753882575706,0.143125619935937
912,1986,20,0,4,16,-1.16701287917588,-1.66136146503125,-1.2430446675605,-1.58549361597874,-1.02789865220246,-1.5524293769628,-0.558024529487074,0.530841425251213,-0.342112379930275,-0.298982327640876
912,1987,688,656,0,32,-0.0611145229766259,-1.16701287917588,-0.679521081555805,-1.2430446675605,0.243563824616599,-1.02789865220246,-2.02560425801928,-1.0803721409529,0.530841425251213,0.598977856038455
912,1988,0,0,0,0,-1.3435659455528,-0.0611145229766259,-1.08482458379764,-0.679521081555805,-1.35100957865483,0.243563824616599,-0.526161975432745,1.63567358493403,-1.0803721409529,0.39052281339861
912,1990,1708,424,1260,24,0.0155170207273984,-1.10390454906668,-0.870252141434317,-0.259045790459996,0.442885500025529,-1.41605138852511,-0.125264466958135,-0.793934173627725,0.30237304655137,-0.566995953892105
912,1991,0,0,0,0,-0.839450594323384,0.0155170207273984,-1.00463084271236,-0.870252141434317,-0.685904619658721,0.442885500025529,-1.40880227878847,-0.810984052635176,-0.793934173627725,-1.28169895722872
912,1992,504,36,428,40,-0.885279262616967,-0.839450594323384,-0.2807197745371,-1.00463084271236,-1.10028389221939,-0.685904619658721,1.38844463087661,1.13611213001572,-0.810984052635176,0.644792151124135
912,1993,4,0,4,0,0.872738504710653,-0.885279262616967,1.2256221188216,-0.2807197745371,0.625422192242126,-1.10028389221939,-0.866663299356616,-0.239813105885569,1.13611213001572,-1.13509321295454
912,1994,104,4,80,20,-0.7936219260298,0.872738504710653,-0.33707213313757,1.2256221188216,-0.945022797690328,0.625422192242126,0.482977423123751,1.51973440768337,-0.239813105885569,1.22663369871227
912,1995,1292,412,796,84,1.08234831543049,-0.7936219260298,1.00021268441972,-0.33707213313757,1.02721272740855,-0.945022797690328,0.84250116737856,-0.473396448287647,1.51973440768337,0.044624885501725
912,1996,0,0,0,0,0.497844972276258,1.08234831543049,0.644759345555222,1.00021268441972,0.38308899740285,1.02721272740855,-1.41974017047877,-0.546710928019686,-0.473396448287647,-1.97807624253105
912,1997,0,0,0,0,-1.09789423191343,0.497844972276258,-1.7025331299951,0.644759345555222,-0.708983971548177,0.38308899740285,0.680335034057278,-1.05479732244172,-0.546710928019686,-1.04117390802889
912,1998,236,0,228,8,-0.161787335293677,-1.09789423191343,-0.0596451369506434,-1.7025331299951,-0.197041984182085,-0.708983971548177,-0.229412218270045,-0.186958480962471,-1.05479732244172,2.49110824307704
912,1999,136,0,136,0,-0.662146238302307,-0.161787335293677,0.100742345219923,-0.0596451369506434,-0.973347456827387,-0.197041984182085,0.362185054022264,1.95109634657188,-0.186958480962471,0.9792365052496
912,2000,1028,432,572,24,0.101164040161309,-0.662146238302307,-0.482287826454164,0.100742345219923,0.374696505806684,-0.973347456827387,-0.236545625894148,-0.352342307334746,1.95109634657188,0.303475652735818
912,2001,0,0,0,0,-1.05657330148479,0.101164040161309,-1.16285092647522,-0.482287826454164,-0.912501892755187,0.374696505806684,0.521497824293908,0.212008687811881,-0.352342307334746,1.29077371183222
912,2002,284,0,260,24,-0.0370732543635989,-1.05657330148479,-0.289389368167941,-1.16285092647522,0.0883027300875385,-0.912501892755187,0.473466212958276,-0.103414073825962,0.212008687811881,-0.521181658806425
912,2003,8,0,8,0,0.0733663233274958,-0.0370732543635989,0.0248834009500607,-0.289389368167941,0.0904008529865809,0.0883027300875385,1.09977940235456,0.604155904983252,-0.103414073825962,-0.814393147354778
912,2004,712,168,544,0,1.02975804033949,0.0733663233274958,-0.191856439820975,0.0248834009500607,1.53076222317847,0.0904008529865809,-0.35448463194599,-1.39749989049149,0.604155904983252,-0.690694550623442
912,2005,0,0,0,0,-0.848466070053269,1.02975804033949,-1.49229548444719,-0.191856439820975,-0.462454530910818,1.53076222317847,-0.384444943967224,0.766129755554036,-1.39749989049149,0.170614196987345
912,2006,60,20,28,12,0.316032878390239,-0.848466070053269,0.319649584398668,-1.49229548444719,0.286575344046948,-0.462454530910818,1.50590807642018,1.09178244459635,0.766129755554036,0.889898629832524
912,2007,644,20,604,20,2.20026730593625,0.316032878390239,1.6027494417632,0.319649584398668,2.29657708132857,0.286575344046948,0.355527206906436,-1.93286609132545,1.09178244459635,-0.461623075195041
912,2009,428,40,384,4,0.346835753800683,0.395669580670893,0.415015114337925,1.31448545353772,0.283428159698386,-0.0837433476338508,0.371696264187735,0.343292756169253,1.77889256859662,-0.851044583423322
912,2010,4,0,4,0,0.0365531307637987,0.346835753800683,0.347825763698904,0.415015114337925,-0.117313314018514,0.283428159698386,-0.406320727347809,0.239288494223802,0.343292756169253,-0.454750930932189
912,2011,1188,256,796,136,1.04403254357847,0.0365531307637987,0.50821324586947,0.347825763698904,1.21184754252419,-0.117313314018514,-0.54803775881333,-0.868953641260509,0.239288494223802,-1.671120465457
912,2012,464,0,380,84,-0.852222518274054,1.04403254357847,-0.497459615308135,0.50821324586947,-0.949219043488411,1.21184754252419,0.179569818845217,2.51203736591701,-0.868953641260509,-0.862498157194742
912,2013,916,4,800,112,-0.765824209195988,-0.852222518274054,-0.291556766575652,-0.497459615308135,-0.928237814497998,-0.949219043488411,-0.324999880433029,0.614385832387722,2.51203736591701,-1.04346462278318
912,2014,1144,56,924,164,0.17554171493286,-0.765824209195988,-0.0336363560581194,-0.291556766575652,0.261397869258452,-0.928237814497998,0.155316232923267,-0.959317999999999,0.614385832387722,-0.484530222737881
912,2015,100,0,96,4,0.906546538697723,0.17554171493286,1.18660894748281,-0.0336363560581194,0.691513063561931,0.261397869258452,-0.192318498624706,0.358637647275958,-0.959317999999999,-0.564705239137821
912,2016,920,92,796,32,-0.179818286753447,0.906546538697723,-0.581988153208839,1.18660894748281,0.0306043503639035,0.691513063561931,0.868181434825334,-0.374507150044432,0.358637647275958,0.743292885558347
912,2017,428,0,420,8,0.766055375240345,-0.179818286753447,1.81081968890339,-0.581988153208839,0.193208875039607,0.0306043503639035,0.921919772260247,1.38674535142525,-0.374507150044432,-0.431843783389348
912,2018,492,52,360,80,0.837427891435269,0.766055375240345,1.080406425505,1.81081968890339,0.646403421232542,0.193208875039607,2.24825802983521,0.789999586164467,1.38674535142525,0.775362892118323
912,2019,152,0,140,12,1.83664311816422,0.837427891435269,1.68077578444077,1.080406425505,1.75106512757782,0.646403421232542,0.519595582260815,-2.20395916754392,0.789999586164467,0.809723613432583
912,2020,228,12,196,20,1.2326062442619,1.83664311816422,1.05006284779706,1.68077578444077,1.21289660397371,1.75106512757782,0.800651842650487,0.476281812427369,-2.20395916754392,-0.578449527663525
912,2021,88,0,72,16,0.191318797460161,1.2326062442619,0.352160560514324,1.05006284779706,0.0966952216837061,1.21289660397371,-0.236545625894148,-0.299487682411648,0.476281812427369,-0.599065960452081
912,2022,836,12,732,92,0.866728187557396,0.191318797460161,1.12808919047463,0.352160560514324,0.664237465874393,0.0966952216837061,1.05745451711821,0.080724619454508,-0.299487682411648,-0.686113121114873
912,2023,688,28,584,76,0.381395077431906,0.866728187557396,-0.46711603760019,1.12808919047463,0.758652996331254,0.664237465874393,1.10405944692902,-0.659240129468862,0.080724619454508,1.43050731184355
912,2024,688,28,548,112,1.5128372815325,0.381395077431906,1.70461716692559,-0.46711603760019,1.28737996688968,0.758652996331254,1.14162872708263,-0.186958480962471,-0.659240129468862,1.1647844003466
912,2025,4,0,4,0,-0.188082472839174,1.5128372815325,-0.174517252559292,1.70461716692559,-0.178158878090712,1.28737996688968,1.19869598807546,-0.0335095698954131,-0.186958480962471,-1.52451472118282
913,1976,8,0,8,0,-0.311293974480939,-1.69066176115338,-0.982956858635256,-1.63534377935607,0.0410949648591091,-1.56921436015513,1.02559196306388,-0.61491044404949,0.391032417390115,-1.46724685232572
913,1977,0,0,0,0,1.35281258732704,-0.311293974480939,0.56890040128536,-0.982956858635256,1.61363807769061,0.0410949648591091,-1.27279197342224,-0.828033931642627,-0.61491044404949,-0.0424222751610675
913,1978,0,0,0,0,-0.813155456777886,1.35281258732704,-0.298058961798782,0.56890040128536,-0.99118150146924,1.61363807769061,-1.80969978726309,-0.770064343017293,-0.828033931642627,0.324092085524374
913,1979,0,0,0,0,-1.44874649573479,-0.813155456777886,-1.59633060801729,-0.298058961798782,-1.25029967950085,-0.99118150146924,-1.81350427132927,-0.204008359969922,-0.770064343017293,1.65041592825481
913,1984,0,0,0,0,1.40164641419725,0.908800407630193,1.03055626212767,1.3101506567223,1.45837698316155,0.634863745287814,-1.55384823381191,-1.54753882575706,-0.589335625538314,-0.837300294897618
913,1985,0,0,0,0,-1.66136146503125,1.40164641419725,-1.58549361597874,1.03055626212767,-1.5524293769628,1.45837698316155,-1.10539467450994,-0.342112379930275,-1.54753882575706,0.143125619935937
913,2009,12,0,8,4,0.346835753800683,0.395669580670893,0.415015114337925,1.31448545353772,0.283428159698386,-0.0837433476338508,0.371696264187735,0.343292756169253,1.77889256859662,-0.851044583423322
913,2011,56,24,8,24,1.04403254357847,0.0365531307637987,0.50821324586947,0.347825763698904,1.21184754252419,-0.117313314018514,-0.54803775881333,-0.868953641260509,0.239288494223802,-1.671120465457
913,2012,12,0,8,4,-0.852222518274054,1.04403254357847,-0.497459615308135,0.50821324586947,-0.949219043488411,1.21184754252419,0.179569818845217,2.51203736591701,-0.868953641260509,-0.862498157194742
913,2013,28,0,4,24,-0.765824209195988,-0.852222518274054,-0.291556766575652,-0.497459615308135,-0.928237814497998,-0.949219043488411,-0.324999880433029,0.614385832387722,2.51203736591701,-1.04346462278318
913,2014,428,24,324,80,0.17554171493286,-0.765824209195988,-0.0336363560581194,-0.291556766575652,0.261397869258452,-0.928237814497998,0.155316232923267,-0.959317999999999,0.614385832387722,-0.484530222737881
913,2015,88,4,72,12,0.906546538697723,0.17554171493286,1.18660894748281,-0.0336363560581194,0.691513063561931,0.261397869258452,-0.192318498624706,0.358637647275958,-0.959317999999999,-0.564705239137821
913,2016,60,0,60,0,-0.179818286753447,0.906546538697723,-0.581988153208839,1.18660894748281,0.0306043503639035,0.691513063561931,0.868181434825334,-0.374507150044432,0.358637647275958,0.743292885558347
913,2017,24,0,20,4,0.766055375240345,-0.179818286753447,1.81081968890339,-0.581988153208839,0.193208875039607,0.0306043503639035,0.921919772260247,1.38674535142525,-0.374507150044432,-0.431843783389348
913,2018,40,4,28,8,0.837427891435269,0.766055375240345,1.080406425505,1.81081968890339,0.646403421232542,0.193208875039607,2.24825802983521,0.789999586164467,1.38674535142525,0.775362892118323
913,2019,72,0,60,12,1.83664311816422,0.837427891435269,1.68077578444077,1.080406425505,1.75106512757782,0.646403421232542,0.519595582260815,-2.20395916754392,0.789999586164467,0.809723613432583
913,2020,24,0,16,8,1.2326062442619,1.83664311816422,1.05006284779706,1.68077578444077,1.21289660397371,1.75106512757782,0.800651842650487,0.476281812427369,-2.20395916754392,-0.578449527663525
913,2021,12,0,12,0,0.191318797460161,1.2326062442619,0.352160560514324,1.05006284779706,0.0966952216837061,1.21289660397371,-0.236545625894148,-0.299487682411648,0.476281812427369,-0.599065960452081
913,2022,0,0,0,0,0.866728187557396,0.191318797460161,1.12808919047463,0.352160560514324,0.664237465874393,0.0966952216837061,1.05745451711821,0.080724619454508,-0.299487682411648,-0.686113121114873
913,2023,68,0,44,24,0.381395077431906,0.866728187557396,-0.46711603760019,1.12808919047463,0.758652996331254,0.664237465874393,1.10405944692902,-0.659240129468862,0.080724619454508,1.43050731184355
913,2024,76,0,60,16,1.5128372815325,0.381395077431906,1.70461716692559,-0.46711603760019,1.28737996688968,0.758652996331254,1.14162872708263,-0.186958480962471,-0.659240129468862,1.1647844003466
913,2025,0,0,0,0,-0.188082472839174,1.5128372815325,-0.174517252559292,1.70461716692559,-0.178158878090712,1.28737996688968,1.19869598807546,-0.0335095698954131,-0.186958480962471,-1.52451472118282
1051,2019,280,0,216,64,1.83664311816422,0.837427891435269,1.68077578444077,1.080406425505,1.75106512757782,0.646403421232542,0.519595582260815,-2.20395916754392,0.789999586164467,0.809723613432583
1051,2020,208,72,96,40,1.2326062442619,1.83664311816422,1.05006284779706,1.68077578444077,1.21289660397371,1.75106512757782,0.800651842650487,0.476281812427369,-2.20395916754392,-0.578449527663525
1051,2021,116,0,60,56,0.191318797460161,1.2326062442619,0.352160560514324,1.05006284779706,0.0966952216837061,1.21289660397371,-0.236545625894148,-0.299487682411648,0.476281812427369,-0.599065960452081
1051,2022,116,24,52,40,0.866728187557396,0.191318797460161,1.12808919047463,0.352160560514324,0.664237465874393,0.0966952216837061,1.05745451711821,0.080724619454508,-0.299487682411648,-0.686113121114873
1051,2023,220,20,104,96,0.381395077431906,0.866728187557396,-0.46711603760019,1.12808919047463,0.758652996331254,0.664237465874393,1.10405944692902,-0.659240129468862,0.080724619454508,1.43050731184355
1051,2024,100,8,16,76,1.5128372815325,0.381395077431906,1.70461716692559,-0.46711603760019,1.28737996688968,0.758652996331254,1.14162872708263,-0.186958480962471,-0.659240129468862,1.1647844003466
1051,2025,228,0,120,108,-0.188082472839174,1.5128372815325,-0.174517252559292,1.70461716692559,-0.178158878090712,1.28737996688968,1.19869598807546,-0.0335095698954131,-0.186958480962471,-1.52451472118282
1055,2023,952,56,804,92,0.381395077431906,0.866728187557396,-0.46711603760019,1.12808919047463,0.758652996331254,0.664237465874393,1.10405944692902,-0.659240129468862,0.080724619454508,1.43050731184355
1055,2024,348,52,184,112,1.5128372815325,0.381395077431906,1.70461716692559,-0.46711603760019,1.28737996688968,0.758652996331254,1.14162872708263,-0.186958480962471,-0.659240129468862,1.1647844003466
1055,2025,80,4,48,28,-0.188082472839174,1.5128372815325,-0.174517252559292,1.70461716692559,-0.178158878090712,1.28737996688968,1.19869598807546,-0.0335095698954131,-0.186958480962471,-1.52451472118282
1056,2023,184,36,96,52,0.381395077431906,0.866728187557396,-0.46711603760019,1.12808919047463,0.758652996331254,0.664237465874393,1.10405944692902,-0.659240129468862,0.080724619454508,1.43050731184355
1056,2024,152,44,80,28,1.5128372815325,0.381395077431906,1.70461716692559,-0.46711603760019,1.28737996688968,0.758652996331254,1.14162872708263,-0.186958480962471,-0.659240129468862,1.1647844003466
1056,2025,8,0,8,0,-0.188082472839174,1.5128372815325,-0.174517252559292,1.70461716692559,-0.178158878090712,1.28737996688968,1.19869598807546,-0.0335095698954131,-0.186958480962471,-1.52451472118282
1057,2023,176,28,112,36,0.381395077431906,0.866728187557396,-0.46711603760019,1.12808919047463,0.758652996331254,0.664237465874393,1.10405944692902,-0.659240129468862,0.080724619454508,1.43050731184355
1057,2024,156,12,116,28,1.5128372815325,0.381395077431906,1.70461716692559,-0.46711603760019,1.28737996688968,0.758652996331254,1.14162872708263,-0.186958480962471,-0.659240129468862,1.1647844003466
1057,2025,4,0,4,0,-0.188082472839174,1.5128372815325,-0.174517252559292,1.70461716692559,-0.178158878090712,1.28737996688968,1.19869598807546,-0.0335095698954131,-0.186958480962471,-1.52451472118282
1058,2023,80,0,44,36,0.381395077431906,0.866728187557396,-0.46711603760019,1.12808919047463,0.758652996331254,0.664237465874393,1.10405944692902,-0.659240129468862,0.080724619454508,1.43050731184355
1058,2024,52,12,28,12,1.5128372815325,0.381395077431906,1.70461716692559,-0.46711603760019,1.28737996688968,0.758652996331254,1.14162872708263,-0.186958480962471,-0.659240129468862,1.1647844003466
1058,2025,0,0,0,0,-0.188082472839174,1.5128372815325,-0.174517252559292,1.70461716692559,-0.178158878090712,1.28737996688968,1.19869598807546,-0.0335095698954131,-0.186958480962471,-1.52451472118282
1059,2023,12,0,8,4,0.381395077431906,0.866728187557396,-0.46711603760019,1.12808919047463,0.758652996331254,0.664237465874393,1.10405944692902,-0.659240129468862,0.080724619454508,1.43050731184355
1059,2024,44,12,16,16,1.5128372815325,0.381395077431906,1.70461716692559,-0.46711603760019,1.28737996688968,0.758652996331254,1.14162872708263,-0.186958480962471,-0.659240129468862,1.1647844003466
1059,2025,0,0,0,0,-0.188082472839174,1.5128372815325,-0.174517252559292,1.70461716692559,-0.178158878090712,1.28737996688968,1.19869598807546,-0.0335095698954131,-0.186958480962471,-1.52451472118282
1060,2023,172,16,128,28,0.381395077431906,0.866728187557396,-0.46711603760019,1.12808919047463,0.758652996331254,0.664237465874393,1.10405944692902,-0.659240129468862,0.080724619454508,1.43050731184355
1060,2024,352,60,248,44,1.5128372815325,0.381395077431906,1.70461716692559,-0.46711603760019,1.28737996688968,0.758652996331254,1.14162872708263,-0.186958480962471,-0.659240129468862,1.1647844003466
1060,2025,8,0,8,0,-0.188082472839174,1.5128372815325,-0.174517252559292,1.70461716692559,-0.178158878090712,1.28737996688968,1.19869598807546,-0.0335095698954131,-0.186958480962471,-1.52451472118282
1061,2023,0,0,0,0,0.381395077431906,0.866728187557396,-0.46711603760019,1.12808919047463,0.758652996331254,0.664237465874393,1.10405944692902,-0.659240129468862,0.080724619454508,1.43050731184355
1061,2024,8,0,4,4,1.5128372815325,0.381395077431906,1.70461716692559,-0.46711603760019,1.28737996688968,0.758652996331254,1.14162872708263,-0.186958480962471,-0.659240129468862,1.1647844003466
1061,2025,8,0,8,0,-0.188082472839174,1.5128372815325,-0.174517252559292,1.70461716692559,-0.178158878090712,1.28737996688968,1.19869598807546,-0.0335095698954131,-0.186958480962471,-1.52451472118282
1062,2023,48,4,32,12,0.381395077431906,0.866728187557396,-0.46711603760019,1.12808919047463,0.758652996331254,0.664237465874393,1.10405944692902,-0.659240129468862,0.080724619454508,1.43050731184355
1062,2024,56,8,36,12,1.5128372815325,0.381395077431906,1.70461716692559,-0.46711603760019,1.28737996688968,0.758652996331254,1.14162872708263,-0.186958480962471,-0.659240129468862,1.1647844003466
1062,2025,12,0,12,0,-0.188082472839174,1.5128372815325,-0.174517252559292,1.70461716692559,-0.178158878090712,1.28737996688968,1.19869598807546,-0.0335095698954131,-0.186958480962471,-1.52451472118282
1063,2023,260,12,192,56,0.381395077431906,0.866728187557396,-0.46711603760019,1.12808919047463,0.758652996331254,0.664237465874393,1.10405944692902,-0.659240129468862,0.080724619454508,1.43050731184355
1063,2024,200,8,128,64,1.5128372815325,0.381395077431906,1.70461716692559,-0.46711603760019,1.28737996688968,0.758652996331254,1.14162872708263,-0.186958480962471,-0.659240129468862,1.1647844003466
1063,2025,0,0,0,0,-0.188082472839174,1.5128372815325,-0.174517252559292,1.70461716692559,-0.178158878090712,1.28737996688968,1.19869598807546,-0.0335095698954131,-0.186958480962471,-1.52451472118282
1138,2025,4,0,4,0,-0.188082472839174,1.5128372815325,-0.174517252559292,1.70461716692559,-0.178158878090712,1.28737996688968,1.19869598807546,-0.0335095698954131,-0.186958480962471,-1.52451472118282
